# OBJ File
mtllib banana.mtl
g
v 2.523213 0.256074 11.464967
v -3.835449 -1.317226 9.274880
v 2.996367 0.591042 9.800050
v 2.558071 0.176729 11.754598
v 2.521929 0.270862 11.493216
v 2.570864 0.156905 11.660887
v 2.514043 0.228584 11.523528
v 2.305654 0.201796 11.914319
v 2.640196 0.089578 11.981235
v 2.556443 0.185054 11.688058
v 2.560328 0.167388 11.827344
v 2.658674 0.071372 11.962929
v 2.597010 0.118171 12.032316
v 2.226321 0.320975 11.682055
v -1.245362 -1.006169 8.615256
v 2.838867 0.326558 10.333647
v 2.314226 0.359855 11.481749
v 2.379730 0.104066 11.878238
v 2.495452 0.260742 11.273135
v 2.544500 0.185012 11.898216
v 2.530561 0.295958 11.403711
v 2.444605 0.121753 11.523870
v 2.502027 0.169694 12.033406
v 2.569363 0.165995 11.793313
v 2.525549 0.334042 11.475712
v 2.416419 0.252148 11.615702
v -0.568202 -0.704154 8.719618
v -3.715011 -1.346448 9.469160
v -1.115921 -0.508753 9.141892
v 2.671203 0.064925 11.850392
v 2.311123 0.140914 11.419365
v 2.276241 0.246136 11.797926
v 2.308968 0.130327 11.921617
v 2.514671 0.284108 11.266175
v 0.143438 -0.653986 8.552764
v 2.501575 0.269472 11.310083
v 2.535694 0.203006 11.676516
v 2.465141 0.397660 11.439037
v 2.555749 0.186619 11.997803
v 2.345359 0.272926 11.582733
v 2.632177 -0.002074 12.030917
v 2.470899 0.235173 11.274529
v 2.474257 0.261010 11.606092
v 2.466025 0.236319 11.823536
v 2.449657 0.409247 11.325443
v 2.465528 0.197471 11.420342
v 2.188685 0.197022 11.836672
v 2.220269 0.173265 11.855875
v 2.518620 0.294983 11.299984
v 2.597027 0.155950 11.976676
v 2.448412 0.433966 11.259042
v 2.457930 0.215933 11.937023
v 2.247650 0.837713 10.335020
v 2.535579 0.302737 11.425537
v 2.560387 0.006576 11.786640
v 2.317038 1.051544 8.837672
v 2.581390 0.159330 11.694250
v 2.718570 -0.005797 12.012119
v 2.211533 0.290482 10.669857
v -3.230263 -1.233713 8.635309
v 2.704983 0.012261 11.890081
v 2.562840 0.132831 12.067767
v 2.678066 0.433106 10.647574
v 2.295439 0.288070 11.743337
v -3.900669 -1.241470 9.673943
v 2.517040 0.200335 11.881402
v 2.533679 0.290124 11.451685
v 2.294679 0.338961 11.746540
v 2.468451 0.403981 11.291033
v 2.656211 -0.071226 11.926453
v 2.455951 0.179957 11.469221
v 2.565940 0.149289 12.041656
v 2.494309 0.375031 11.426154
v 2.615559 0.500769 10.766334
v 2.567289 0.154438 11.597365
v 2.322134 0.309342 11.538562
v 2.424464 0.430075 11.309491
v 2.597412 0.145041 11.831592
v -3.526289 -0.374966 8.667947
v 2.158992 0.291438 11.590806
v 2.475412 0.231396 11.840170
v 2.197417 0.188279 11.837625
v 2.291356 0.113646 11.428956
v 2.632934 0.116757 11.743475
v 2.917890 0.337960 10.175349
v 0.322728 0.152985 9.105111
v 2.494387 0.331007 11.527520
v 2.393645 0.171014 11.991762
v 2.007073 0.298501 10.440609
v 1.594649 -0.153225 9.521720
v 2.665808 0.047236 12.033482
v 2.471487 0.391893 11.355950
v 2.477283 0.104656 11.553502
v 2.645472 0.000736 12.062154
v 2.703125 -0.044348 11.889684
v -3.549206 -1.368875 9.331155
v 2.451660 0.165659 11.996748
v 2.443917 0.239042 11.740594
v 2.486214 0.382326 11.391793
v 2.493437 0.247625 11.356774
v 2.548289 0.194136 11.644712
v 2.454393 0.405009 11.406349
v 2.309478 0.269908 11.596254
v -1.215871 0.587313 7.817029
v 2.495713 0.379635 11.292905
v 2.391898 0.076501 11.836253
v 2.589860 0.720302 10.539996
v 2.532710 0.191481 11.771872
v 2.453845 0.217128 11.354378
v 2.450019 0.197020 12.034225
v 2.429548 0.425071 11.325757
v -3.839101 -0.931022 9.760932
v 2.494511 0.957804 10.284155
v 2.439528 0.247026 11.791258
v 2.251820 0.278041 10.793685
v 2.492051 0.354850 11.496245
v 1.018840 -0.194372 7.632148
v 2.344147 0.462290 11.244145
v 2.687706 -0.039579 9.652883
v -3.522987 -1.357134 9.188861
v 2.698101 -0.035143 12.052940
v 2.408006 0.131820 11.943124
v 2.531208 0.284637 11.204279
v 2.543726 0.124586 12.026176
v 2.064508 0.901946 8.422765
v 2.432480 0.252226 11.847242
v 2.465843 0.010245 11.784387
v -3.913038 -1.090841 9.768671
v -2.019073 -0.615663 9.401561
v 1.811142 0.116591 10.103722
v 2.283920 1.181819 9.296973
v 2.294861 0.108916 11.454243
v 2.598994 0.012002 11.993223
v 2.282213 0.169313 11.953798
v 2.818290 0.051414 9.775210
v 2.326759 0.103740 11.585346
v 1.737220 0.991992 8.279424
v 2.939943 0.223099 9.999045
v 2.412635 0.242497 11.715077
v 2.489396 0.135684 11.984929
v -4.085570 -0.824440 9.614354
v 2.392755 0.227424 11.353490
v 0.379481 -0.581634 8.630292
v 2.997920 0.555826 9.938397
v 2.744450 0.302689 8.821057
v 2.508856 0.262463 11.397477
v 2.268113 0.231307 11.807659
v 2.295447 0.099628 11.555902
v 2.489011 -0.009660 11.803128
v 2.018276 0.973954 9.754650
v 2.672175 0.021978 12.076168
v 2.254334 0.188615 11.935496
v 2.386911 0.274737 11.576273
v 2.893199 0.830666 9.899143
v 2.562468 0.173551 11.641779
v 2.504196 0.268840 11.258579
v 1.870305 0.464911 8.065695
v 2.354686 0.441393 11.374611
v 2.503772 0.368895 11.304861
v 2.454733 0.247020 11.637757
v 2.636307 0.111012 11.840382
v 0.925863 0.855901 8.869858
v 2.607169 0.130661 11.878127
v 2.658802 0.078782 11.879910
v -1.143410 -0.973551 8.079485
v -3.081605 -1.220978 9.405871
v 2.488803 0.072766 11.916316
v 2.466106 0.167662 12.006342
v 2.356847 0.240721 11.726854
v 2.636838 0.104200 11.875246
v -4.023878 -0.951710 9.716829
v 2.341047 0.445417 11.331959
v 2.227627 0.317210 11.544533
v 2.449190 0.653913 10.864133
v 2.578415 0.166609 11.733525
v -2.955181 -0.451073 8.204356
v 2.350219 0.399619 11.448361
v 2.550621 0.071598 11.978264
v 2.899354 0.341482 9.103398
v 2.410656 0.066651 11.839598
v -2.763732 -0.907465 9.591250
v 2.540616 0.112121 11.666842
v 2.347652 0.145383 11.467542
v 2.509504 0.211867 11.894312
v 2.517856 0.196200 11.830162
v -2.726135 -0.867777 9.588710
v 2.525962 0.409494 11.164850
v 2.461921 0.234180 11.703271
v -3.742643 -0.841833 8.949060
v -2.338529 -0.378546 9.421088
v -3.485664 -1.297038 8.920234
v 2.541444 0.187772 11.754288
v -3.394740 -1.026111 9.704841
v 2.328342 0.114490 11.893211
v 2.617917 0.131775 11.796251
v 2.653300 0.081160 11.930776
v 2.555240 0.172810 11.808426
v -0.707929 -0.935817 8.378758
v 2.433064 0.147977 11.971106
v -0.515518 -0.804521 7.901176
v 2.501376 0.338557 11.510657
v 2.428575 0.182093 11.443036
v -2.139998 -0.222916 9.321465
v 2.312320 0.094140 11.814270
v 2.484712 0.236181 11.661802
v 2.203760 0.313967 11.578212
v 2.617186 0.046635 12.069465
v 2.694578 0.022476 12.011999
v 2.572276 0.113383 11.671248
v -1.995026 -0.339459 9.326919
v 2.412957 -0.124103 8.864763
v -2.064178 -1.115247 8.029680
v 2.286093 0.297362 11.687509
v -3.417798 -1.033782 8.680693
v 2.396551 0.215672 11.905702
v -2.034216 -0.992726 9.142124
v 2.342218 0.450766 11.297637
v 2.528641 0.205704 11.554007
v 2.252399 0.191002 10.512005
v 2.629386 0.116499 11.957541
v 2.670607 0.065597 11.872131
v -1.989701 -1.151964 8.222740
v 2.391776 0.408799 11.453237
v -1.892108 -0.884172 9.184083
v 2.607256 -0.024664 11.964822
v 2.532511 0.187818 11.878823
v 2.646643 0.091885 11.889193
v 2.966040 0.413540 10.082290
v 2.787542 0.884895 9.314509
v 2.511748 0.220116 11.670482
v 2.516876 0.355939 11.302326
v 2.548958 0.191564 11.668096
v 2.235314 0.273117 11.774104
v 2.913138 0.139933 9.875945
v -1.692109 -1.157035 8.434347
v 2.296473 0.250061 11.776670
v 2.305326 0.099596 11.557096
v 2.822588 0.859316 10.085884
v 2.512804 0.831485 8.764725
v 2.275427 0.326646 11.524756
v 2.533555 0.341648 11.430040
v 2.305535 0.092030 11.705465
v 2.332460 0.122538 11.912627
v 2.287235 0.086402 11.627846
v 3.027527 0.395039 9.789935
v 2.443963 0.459237 11.225950
v 2.511981 0.286746 11.318411
v 2.569156 0.160316 11.842933
v 2.557795 0.196890 10.586667
v -1.278545 -0.971989 7.981369
v 2.208390 0.178510 11.815897
v -1.406871 0.150667 9.027509
v 2.352850 0.206370 11.928701
v 2.482216 0.383710 11.444528
v -1.321032 -0.568862 9.175879
v 2.622884 0.120059 11.860833
v 2.118536 1.160796 9.243814
v 2.482613 0.115148 11.672218
v 2.663737 0.068205 11.939332
v 2.477937 0.427453 11.227790
v -1.067199 -0.378007 9.142866
v -0.979074 0.673327 7.881191
v 2.603114 0.142873 11.801252
v 2.398513 0.246602 11.749034
v -1.404890 -0.697285 9.109267
v -0.832651 -0.416373 9.097463
v 2.494615 0.023473 11.876437
v 2.341375 0.081932 11.683894
v -3.372911 -0.438382 8.504231
v 2.377161 0.237884 11.667911
v -0.351131 -0.735310 7.794218
v -2.238279 0.119380 7.902966
v 2.479097 0.222761 11.034533
v -0.189319 -0.743351 7.940200
v 2.592334 0.033306 11.773842
v -0.093960 -0.800677 8.263003
v 2.522594 0.346030 11.294770
v 2.638814 0.063940 11.762302
v 2.561193 0.129672 11.607055
v 2.454348 0.242240 11.800231
v 2.502643 0.211108 11.794779
v 2.675525 0.371377 10.678589
v 0.946763 -0.406695 8.874454
v 2.303695 0.291553 11.284636
v 2.497487 0.243704 11.379476
v 2.501127 0.092544 11.948673
v 0.376709 -0.702981 8.309884
v -2.486314 0.262530 8.386141
v 2.357890 0.249719 11.621347
v 2.517176 0.357622 11.381029
v 2.356863 0.204891 11.947134
v 2.295441 0.113224 11.866265
v 2.280970 0.348939 11.483686
v 0.610689 -0.403039 8.875841
v -2.559230 0.032187 8.045685
v 0.536480 0.079452 9.172110
v 1.070860 -0.399757 7.870778
v 2.655937 -0.047952 12.000645
v 2.510023 0.279312 11.359476
v 2.672299 0.029012 12.064061
v -1.835410 -0.166600 9.232871
v 0.847429 -0.282854 9.037663
v 1.426716 -0.450572 8.448242
v 2.595052 0.050545 11.760610
v 2.550527 0.203011 11.935814
v 0.728841 -0.123051 9.189527
v 2.238533 0.144469 11.669960
v 2.458650 0.245417 11.878364
v 0.980932 0.071754 9.365837
v 2.385867 0.370791 11.482844
v 1.929542 1.104830 8.580051
v 2.443000 0.115011 11.584973
v -3.876660 -0.808109 9.083241
v 1.104157 -0.518781 8.299235
v 2.473495 0.095437 11.930176
v 2.920887 0.695321 9.484243
v 1.181244 0.018218 9.468426
v -3.659026 -1.178539 9.668381
v 2.046777 0.897867 9.958854
v 2.588555 -0.073662 9.152576
v 2.465874 0.396167 11.383259
v 2.454929 0.218523 12.028617
v 2.709701 -0.009590 12.048633
v 2.514003 0.205769 11.536832
v 2.637933 0.207145 11.503515
v 2.567573 0.194448 11.959007
v -2.712585 -1.359177 8.954630
v 2.459359 0.220987 11.327773
v 2.639567 0.109287 11.824358
v 2.333442 0.170265 11.404313
v -3.085815 -0.973294 9.647349
v 2.522886 0.276715 11.411819
v 2.382743 0.089763 11.692620
v 0.893009 0.795788 7.736851
v 2.643398 0.786279 8.878695
v 2.636906 0.070143 12.047362
v 2.442508 0.110855 11.927488
v -3.967717 -0.761100 9.608341
v 2.187295 0.836699 8.457415
v 2.333472 0.258171 11.285919
v 2.311129 1.049282 9.936140
v -2.571477 -0.958771 9.475811
v -3.655563 -0.833508 8.851666
v -3.879105 -1.017978 9.164966
v 2.433006 0.115687 11.644036
v 2.388191 0.117929 11.911491
v 2.399050 0.434223 11.422069
v 2.282332 0.381800 11.392736
v 2.276042 0.125248 11.863368
v 2.143189 0.330466 11.646627
v 2.641437 -0.018501 11.840322
v 2.417529 0.210702 11.939293
v 2.133317 0.363835 11.673235
v 2.483162 0.400063 11.264279
v 2.367229 0.070038 11.804475
v 2.174677 0.292525 11.643952
v 2.459433 -0.020247 8.601006
v -2.082198 0.355891 8.433771
v 2.193612 0.315304 11.563506
v 2.524191 0.043274 11.923511
v 0.564402 0.917003 8.462543
v -2.601988 0.134817 8.830328
v -3.146424 -0.022062 8.820415
v 0.611495 -0.567390 7.989550
v 2.294122 0.132565 11.445722
v 2.349757 -0.058970 10.118920
v 2.346371 0.366417 11.479266
v -1.020244 0.000913 9.061101
v 2.317691 0.086834 11.662411
v 0.998906 -0.209613 9.165119
v 1.799707 1.105085 9.074375
v 2.574048 0.032833 10.277825
v 2.390228 0.199136 12.005637
v 2.405279 0.036397 11.755605
v 2.410575 0.436265 11.387305
v 2.682049 0.049199 11.882550
v 0.397497 -0.658339 8.480469
v 2.439388 0.063861 11.862772
v 2.342382 0.103443 11.864307
v 2.465123 0.027510 11.849348
v 2.462201 0.147622 11.982209
v 2.228759 0.190425 11.917845
v 2.574611 0.166407 11.752180
v 2.297569 0.125726 11.897566
v 2.543866 0.230840 11.459443
v 2.642692 0.193145 10.490201
v 2.376868 0.172190 11.987067
v 2.648743 0.095320 11.815992
v 2.316429 0.326688 11.519827
v 2.556149 -0.009910 11.804622
v 2.480165 0.239558 11.315633
v 2.633312 -0.074649 11.932605
v 1.871546 -0.044595 9.919140
v 2.677325 -0.056571 11.908898
v 1.398244 -0.237663 9.253757
v 2.537820 0.215284 11.620859
v -2.134264 -1.185768 8.930244
v -3.606249 -0.944315 9.738923
v -2.058115 -1.100987 9.021714
v -3.235181 -0.062440 8.728503
v 2.587182 0.058773 12.020057
v 2.923371 0.537888 9.243238
v 2.454726 1.126651 9.762550
v 2.519192 0.296194 11.344334
v -0.942430 -0.980730 8.237704
v 2.442491 0.151201 11.497676
v -0.695248 -0.893420 8.476707
v 0.149094 -0.728637 8.389748
v 2.415399 0.113989 11.652281
v 2.364809 0.262615 11.255961
v 2.626647 0.075942 12.062116
v -2.651052 -1.309491 8.642619
v -3.313603 -1.119463 8.627266
v 2.258372 0.201793 11.839773
v 2.075292 1.105414 9.451610
v -2.506543 -0.179412 9.361190
v 2.316682 0.406199 11.405503
v 1.034499 -0.505064 8.711271
v -2.469976 -1.312053 8.754829
v 0.853302 1.020765 8.013413
v 2.414332 0.235890 11.305309
v 2.601324 0.005009 8.792798
v -0.919110 0.658978 8.187173
v 2.365568 0.220907 11.876595
v 2.529021 0.227707 11.616968
v -2.072660 0.346613 8.039989
v 2.586842 0.155598 11.777142
v 0.883742 -0.459168 8.793028
v 1.207526 0.209652 9.526388
v 2.516584 0.366606 11.261429
v 1.581059 -0.444211 8.678464
v 2.590417 0.136265 11.621302
v -1.254400 0.394046 7.610605
v -3.268564 -1.332915 8.796674
v 2.320443 0.108590 11.869349
v 0.381803 0.748316 8.704801
v 1.747028 -0.344354 8.470453
v 2.520647 0.353301 11.364929
v -0.897763 0.609455 7.628869
v 2.215511 0.212930 11.644156
v 2.397606 0.107979 11.895775
v 2.362160 0.099082 11.859610
v 2.177378 0.327155 11.678181
v 2.582185 0.117020 11.684992
v -3.349762 -0.286677 8.511106
v 2.238085 -0.253890 9.455093
v -3.539121 -0.843911 9.699421
v 2.520405 0.099136 11.707021
v -0.554810 -0.797716 8.576760
v 2.407063 0.676784 10.831681
v -0.695355 -0.521788 8.986270
v 2.844210 0.916808 9.799660
v 2.882236 0.736717 10.119851
v -0.573467 -0.765511 7.732069
v 2.296648 0.313391 11.735562
v -0.346782 0.527807 8.728468
v -0.344359 -0.594406 8.774344
v -3.808352 -1.340355 9.349666
v -0.233951 -0.792654 8.421272
v -3.928523 -0.700421 9.107624
v 2.532562 -0.022476 11.812908
v 2.691023 0.118725 8.808035
v 2.634280 0.003987 10.120070
v 2.297001 0.383954 11.417975
v 2.247044 0.334574 11.440696
v 0.061829 -0.560254 7.571287
v 0.663522 -0.302350 8.998076
v 2.534014 0.310934 11.392455
v 0.248864 -0.077871 9.110513
v 2.642957 0.095298 11.919456
v 0.893576 1.016352 8.378026
v -0.743577 0.671165 7.660020
v 2.402771 0.389717 11.470976
v -3.411231 -0.168538 8.676098
v 2.263608 0.200576 11.515600
v 0.424675 0.345093 9.096724
v 2.279084 0.272450 11.608324
v 2.190663 -0.189839 9.714767
v 2.514418 0.000678 11.881345
v 2.503855 0.230549 11.654673
v 2.432502 0.444775 11.264302
v -2.751577 0.160691 8.557231
v -2.524325 -0.830052 9.540094
v 0.242477 0.670713 8.754852
v -2.873809 -0.984234 9.574216
v 2.350345 0.451125 11.316306
v 2.295696 0.341872 11.502201
v 2.263105 1.164943 9.049977
v 2.374108 0.332718 11.511950
v 2.809748 0.567748 10.350680
v 2.165563 0.268870 11.559240
v 2.120965 0.260316 11.498942
v 2.266173 0.083333 11.617539
v -0.516240 0.783455 7.836185
v 2.224570 0.163359 11.657450
v 2.290315 0.141463 11.508976
v 2.287883 0.091368 11.655599
v -1.665270 0.377260 8.579467
v 1.159455 -0.534653 8.438810
v 2.433034 0.163054 11.988086
v 2.232445 0.323038 11.493134
v 2.570572 -0.112423 9.498520
v 1.868352 1.133883 8.604018
v 2.286967 1.005214 10.021334
v 2.218035 0.181886 11.880808
v 0.068025 0.866381 7.721339
v 2.124369 -0.308124 9.245961
v 2.408735 0.033867 11.788718
v 2.373762 0.249752 11.286033
v 2.249409 0.134476 11.785743
v 2.586014 -0.057446 11.915423
v 2.156940 0.304020 11.614698
v 2.936214 0.722944 9.648696
v -0.024930 -0.749474 8.412167
v 2.353118 -0.214691 9.366709
v 2.474610 0.136709 11.537476
v 2.340562 0.273199 11.132195
v 2.239657 0.153965 11.636594
v -2.530668 -1.049455 9.357570
v 2.565718 0.108904 12.043799
v 2.275054 0.164436 11.945972
v -4.163777 -0.922566 9.424017
v 2.302633 0.179735 11.950526
v -3.806680 -1.195688 9.704184
v -2.765379 -1.294493 8.487367
v 2.382150 0.119342 11.551976
v 2.526900 0.131198 12.013536
v 2.371799 0.238910 11.684968
v 2.755298 0.643068 10.401332
v 0.774841 0.934686 8.581969
v 2.462900 0.205346 12.051091
v 2.362419 0.352285 11.493776
v 2.639564 0.122851 10.379206
v 2.506961 0.184440 12.065349
v -2.885559 -1.339242 9.175977
v 2.580670 -0.006721 11.950208
v 2.597278 0.065159 12.048840
v 2.627574 0.192118 11.524776
v 0.716537 -0.639612 8.388122
v 1.116432 -0.358878 8.971790
v 2.635597 -0.037571 9.930853
v 2.318901 0.085612 11.769823
v 2.716731 0.109273 10.231753
v 0.836090 0.976431 8.493188
v -1.042934 0.287204 8.895608
v -3.684221 -0.685319 9.642964
v -0.321022 0.710208 7.581775
v -3.554168 -1.077062 9.715036
v 2.321760 0.143120 11.940721
v 2.780535 0.075962 10.022749
v 2.459690 1.076344 9.063076
v 2.536962 0.331749 11.257673
v 2.276669 0.631727 10.756286
v 1.180373 0.985562 8.789559
v 2.723588 0.586287 8.829844
v 2.332118 0.232129 11.834833
v 2.392139 0.060676 11.814780
v 1.237199 -0.200565 9.258149
v -3.281882 -0.639739 8.451519
v 2.107614 -0.153556 9.789500
v -1.856823 -1.101183 8.091349
v 2.331714 0.377130 11.464962
v -2.788787 -1.072857 9.451857
v 2.529088 0.341643 11.352381
v 2.501727 0.386515 11.255982
v -0.082975 -0.278277 9.051605
v 2.478773 0.284375 11.575550
v -2.840530 -1.347677 8.820257
v -2.406164 -1.272634 8.974457
v 2.581556 0.166301 11.918476
v 2.434604 0.095863 11.901287
v 2.751438 0.463522 10.483975
v 2.541643 0.154347 11.589550
v 2.890936 0.730361 9.394892
v 2.524917 0.087808 11.966510
v 2.672679 1.066222 9.651737
v -2.121447 0.179165 8.880772
v 2.665415 0.930436 9.085726
v 2.281386 0.109781 11.771535
v 2.556774 -0.016876 11.915295
v 0.041523 -0.718011 8.029818
v 2.614588 0.141856 11.590232
v 2.351344 0.229591 11.337718
v 2.313063 0.242475 11.769710
v 0.543670 0.701612 8.865848
v -3.031261 0.037632 8.504681
v -0.127398 0.729295 7.582804
v 0.327399 0.457213 9.030763
v 0.769200 0.863398 7.760328
v 2.270600 0.118350 11.793458
v 2.340675 0.096563 11.648737
v 2.618336 0.010013 11.804176
v -0.357813 0.632708 8.560070
v 2.574491 0.190485 11.943062
v -3.088696 -0.492636 8.291503
v -0.289697 -0.703883 8.607996
v 2.441266 0.011027 11.796134
v 0.809979 -0.046206 9.257790
v -0.125409 -0.802315 8.324959
v -0.037568 -0.430970 8.899584
v 2.261730 0.088777 11.615461
v -2.628288 0.155443 8.191928
v 2.232805 0.171282 11.881906
v 2.264757 0.180255 11.967184
v 2.383118 0.449159 11.355403
v 2.304151 0.091038 11.682837
v 2.409226 0.203128 11.410613
v -1.230235 0.497877 7.654545
v 1.393374 0.089416 9.676684
v -2.466610 -1.260935 8.439864
v 2.295431 0.303582 8.319922
v 2.429468 1.162911 9.542388
v 0.847081 0.039951 9.296515
v 2.242774 0.142341 11.702120
v -3.114725 -0.724432 8.343185
v 2.368199 0.215354 11.370364
v 2.576100 0.078487 12.023646
v -1.631400 0.331875 8.689938
v 1.444295 -0.035565 9.612228
v 2.623051 0.890420 10.298967
v 1.515058 -0.324058 9.126478
v 0.189331 -0.371898 8.936120
v 1.517340 -0.198646 9.382364
v 2.510860 0.149664 11.564206
v 1.327824 -0.421113 8.891836
v 2.599011 0.142630 11.584619
v 2.576757 0.240224 11.464732
v 2.425715 0.438684 11.287375
v 2.591373 0.112957 12.060435
v 0.329640 -0.187090 9.101227
v 2.702163 -0.018341 11.902027
v 2.388930 0.204971 11.404815
v 0.908399 -0.126144 9.240677
v 2.308737 0.423661 11.341302
v 2.486622 0.250805 11.291098
v 2.253655 0.152567 11.882029
v 2.501195 -0.024794 11.838521
v 2.681663 0.028990 12.038945
v 0.222707 0.860423 8.379353
v -0.098573 -0.728236 8.498576
v 2.409937 0.232545 11.331323
v -3.721563 -0.991705 8.991197
v 0.736469 -0.199007 9.123600
v 2.451781 0.114611 11.607032
v 2.370703 0.051780 11.748890
v 1.584236 -0.343990 8.243544
v 2.046343 -0.211851 9.602995
v 2.457381 0.115046 11.631042
v 2.124642 0.268712 11.515441
v -2.549485 -1.250721 8.340928
v 2.636648 0.151951 11.558287
v 0.507737 0.185148 9.151965
v 2.519552 0.211446 11.686040
v 2.337424 0.072919 11.753803
v 2.685161 -0.055769 12.013783
v 2.266600 0.165914 11.931902
v -3.636910 -1.280942 9.559301
v 2.333264 0.449968 11.280720
v 2.340032 0.078102 11.793907
v -3.629258 -0.470602 9.339502
v 2.529190 0.316708 11.326303
v 2.370026 0.235420 11.329818
v 0.177322 0.651053 7.524965
v -1.474204 -1.108320 8.572932
v -3.344950 -0.932103 9.695856
v 1.516641 -0.411183 8.933240
v 2.634070 -0.035154 11.857658
v 1.152805 0.338405 9.473853
v 2.718236 -0.055450 12.017281
v 2.181876 -0.004827 10.158998
v 2.300694 0.097147 11.790515
v 2.548912 0.215203 10.708136
v 2.572642 -0.035464 11.920377
v 2.591423 0.312921 8.602653
v 2.587791 0.011457 11.792387
v 2.488172 0.247923 11.256000
v -1.305699 -1.015874 8.134186
v 2.296697 0.167444 11.438533
v -0.751643 0.375560 8.830653
v -0.381216 0.385308 7.457479
v 2.373840 0.058325 11.791995
v 2.488109 0.318685 11.540341
v 0.656347 0.990143 8.248775
v 0.713994 0.009890 7.487269
v -0.898137 -0.698188 8.873695
v 2.526918 0.341680 11.318921
v -1.584453 -1.062002 8.130097
v 2.459470 0.142235 11.518728
v 2.216585 0.306739 11.588577
v 2.351098 1.091900 9.826251
v 2.277771 0.276725 11.625546
v -1.880261 0.432734 8.261132
v 2.689599 0.008990 12.061213
v 2.189448 -0.196683 8.633171
v -0.267475 -0.476507 8.893022
v -3.591442 -0.362984 8.751070
v 2.292979 0.136060 11.413467
v 2.226119 0.238439 11.518711
v -2.683139 -1.191412 8.275681
v 2.435029 0.196341 11.418039
v -3.742375 -0.649885 9.539095
v 2.456990 0.110925 11.561603
v -2.487844 0.105686 8.942698
v -2.863949 -0.569548 9.556267
v 0.928315 0.296223 9.318511
v 1.239661 0.915024 9.030030
v 2.487864 0.016646 11.771281
v -0.200515 -0.819827 8.205202
v -2.647624 -0.910288 8.112158
v -2.013026 -1.220814 8.530080
v 1.295906 0.353917 7.724603
v 2.243877 0.332108 11.389510
v 1.839605 0.310325 10.250824
v 2.489631 0.224416 11.969355
v 2.761407 0.791331 9.092256
v 2.133741 0.360307 11.666478
v 1.113701 0.415643 7.657658
v 2.224207 0.158108 11.703333
v -3.429564 -0.702197 9.644658
v 2.182742 0.317915 11.685789
v -0.137941 -0.562110 8.756961
v 2.409652 0.445129 11.308995
v 2.358840 -0.203158 9.591492
v 1.446895 0.825186 9.412652
v 2.311256 0.100510 11.579443
v 2.468061 0.072840 11.897856
v 2.498859 0.050167 11.903322
v 2.608008 0.125304 11.605263
v -3.957343 -0.956929 9.769261
v 2.409767 0.040580 11.735922
v 2.397932 0.089390 11.863386
v -2.439591 0.215197 8.120144
v 2.249560 0.259521 11.472733
v 2.595002 0.245455 11.459902
v -1.045851 -0.997540 8.483552
v 2.526294 0.193084 11.799707
v -1.712942 -1.176017 8.529107
v -2.663949 -0.317225 8.035309
v -3.023821 0.038640 8.794801
v 2.207289 0.300401 11.443576
v 2.090587 -0.307452 9.082999
v 2.288232 0.110905 11.833377
v 2.707697 0.007571 12.009682
v -1.626443 -0.890427 9.016449
v 2.431170 -0.163763 9.186918
v 2.190562 0.254489 11.626187
v -0.497222 0.012083 9.027595
v 2.297525 0.098693 11.739442
v 2.359567 0.194652 10.590799
v -0.088814 -0.166629 9.069265
v 2.334323 0.276076 11.262631
v 1.412814 1.058251 8.794178
v 2.420572 0.244014 11.741930
v -3.094453 -1.332092 9.295201
v 2.512769 0.121790 11.989573
v -2.997283 -0.320315 8.229671
v 2.226974 -0.079144 8.362192
v -2.290187 -0.918834 7.970188
v 2.475273 0.183508 12.030523
v -3.069886 -1.177262 8.467087
v -2.169065 -0.696218 9.455274
v 1.718740 -0.291760 9.279578
v -2.583357 -1.116157 8.179444
v 2.223111 0.310697 11.563797
v 2.205962 0.195295 11.881274
v -0.121290 0.255025 8.990086
v 2.347174 0.183940 11.401827
v 2.649705 0.063708 12.029468
v -0.410012 0.071637 7.428220
v 0.777237 0.732751 8.968765
v 2.367072 0.056667 11.773294
v 2.461786 0.215219 12.045655
v -3.407394 -0.564848 9.584003
v -0.407439 0.408059 8.864558
v 2.317760 0.159810 11.400576
v 2.393350 0.153715 11.480645
v -3.879703 -0.714182 9.577995
v 2.423242 0.071304 10.384852
v 2.429035 0.117530 11.534386
v 2.348967 0.230945 10.856896
v 2.662463 0.320538 10.732707
v 2.487299 0.116503 11.964028
v -3.063585 -1.291018 8.566645
v 2.358620 0.143334 11.951461
v -2.164454 -1.217078 8.408418
v 2.394032 0.231845 11.025572
v 2.611351 0.069608 12.082340
v 2.949913 0.202387 9.298983
v -1.846605 -0.004430 9.171171
v -1.023721 -0.662767 7.553141
v -3.099990 -1.384502 9.176895
v -2.596996 -0.527155 9.515254
v 0.658332 -0.099108 9.188999
v 0.131315 -0.747735 8.239582
v -1.487145 -0.986605 8.804097
v 1.215244 0.620751 9.458979
v -2.716541 -1.200994 9.268103
v 2.198830 0.249385 11.523867
v 2.895273 0.085587 9.604857
v 1.549872 0.675154 9.761381
v 0.495945 -0.175760 9.118849
v 2.580335 0.129225 12.050014
v -2.260945 -1.108325 8.055416
v -1.633179 0.083366 9.090827
v -1.633173 -0.459519 7.624065
v 0.500766 -0.492136 8.758209
v -1.564433 -0.588008 9.258701
v -0.284511 -0.447569 7.447672
v 2.208983 0.181704 11.745326
v 0.441848 -0.262748 9.038186
v -3.916886 -1.299331 9.353103
v -1.490471 -0.218528 7.569369
v 2.004149 -0.052042 9.980792
v -2.398885 -0.239004 9.384437
v 0.350743 0.812313 7.644968
v 0.081714 -0.207724 9.074070
v 2.366058 0.186838 11.418585
v -3.997357 -1.083210 9.296203
v -0.820633 -0.840094 7.797592
v 2.553024 0.533444 8.617751
v 2.510849 0.069210 11.933986
v -2.149893 0.286973 8.618444
v 0.808597 0.613541 9.132245
v -2.732801 -1.120191 8.249529
v -2.081833 -0.904990 7.897433
v 2.254526 0.151883 11.587325
v 2.601815 0.240120 11.466097
v 1.405275 0.214610 9.717907
v 1.229123 0.749770 9.322107
v 0.588561 0.411392 9.140937
v 1.796267 0.236833 10.179031
v 2.412288 0.243942 11.186826
v -3.536917 -0.462143 8.653845
v 1.014693 0.781822 9.082597
v 1.623073 -0.400099 8.978830
v 2.367401 0.082330 11.828536
v 2.204205 0.246319 11.653956
v 2.225600 0.158534 11.780365
v 2.299458 0.110263 11.452669
v 2.421662 0.207768 12.032217
v 1.366233 0.990912 8.984875
v 2.414627 0.118340 11.923508
v -0.056473 0.887077 7.827748
v -4.073776 -1.156070 9.547768
v 2.230450 0.181724 11.603625
v -2.421817 -0.348481 7.919867
v 0.734779 0.776091 8.866735
v 0.181261 -0.741597 8.297451
v -2.326793 0.277839 8.545658
v -1.268190 -0.474779 7.539020
v 0.223366 0.333536 9.040425
v -1.761670 -1.049623 7.932320
v 2.299299 0.241827 10.715830
v -0.169585 0.266891 7.430916
v -2.751154 -0.620037 8.096748
v 2.221727 0.176971 11.656134
v 1.216143 0.440265 9.514884
v 2.472909 0.233720 11.260214
v 2.051162 1.035295 9.653454
v 0.840649 0.417116 7.560305
v 1.272359 -0.019537 9.510866
v 2.583294 0.153298 11.839128
v 1.140046 -0.121000 9.332704
v -3.402639 -0.851117 9.684086
v -4.126958 -1.071512 9.485621
v 0.462066 -0.068246 9.156456
v 1.254993 -0.394466 8.037262
v 1.417522 -0.461437 8.817999
v -4.101727 -1.130113 9.453339
v 2.264084 0.185103 11.969727
v -0.910846 0.275805 7.499510
v -3.169926 -0.103178 9.037180
v -3.439605 -1.348940 9.016183
v 0.819053 0.176358 9.270495
v 2.307169 0.347993 11.730895
v 1.318722 -0.289035 9.139521
v 1.288370 0.746781 7.852389
v 2.694984 -0.030653 11.875127
v -2.034285 0.142466 8.950906
v -3.884763 -1.155987 9.742434
v 2.248652 0.319451 11.402717
v -0.111297 -0.352056 8.996154
v -0.088793 -0.410998 7.452740
v -3.015904 -1.325013 8.629431
v 2.717751 0.988905 10.010496
v -2.367167 -0.126509 7.904012
v -0.228240 0.410624 8.903662
v 0.287231 0.868193 7.706495
v 1.474584 0.354268 7.818205
v 0.157652 0.527334 7.469903
v 1.717974 0.287944 7.934453
v -1.712484 -0.470178 9.292350
v -0.024332 -0.328872 7.433898
v -1.543822 -0.726197 7.674775
v 2.239316 0.288405 11.441664
v -1.400244 -1.110536 8.486801
v -2.189804 -0.818005 7.893442
v -3.496896 -0.532638 8.611821
v 0.728201 0.656208 9.038988
v 0.209302 -0.071693 7.415660
v 2.466753 0.000232 11.815651
v 2.640380 0.039185 12.092794
v -0.299939 0.498492 7.475566
v 1.584802 -0.075061 9.651128
v 2.734067 -0.043415 12.027063
v 1.489546 1.106011 8.637887
v -0.682877 -0.036418 9.046447
v -2.375909 -1.313032 8.819031
v 2.286348 0.335112 11.304304
v 2.551654 -0.113462 9.310122
v 2.697190 0.026647 11.873373
v 2.274356 0.117227 11.719722
v 2.273154 0.284280 11.421757
v 2.438169 0.225322 11.318413
v 2.353331 0.176456 11.976555
v 2.256228 0.362921 11.370221
v -0.476402 -0.584189 7.504765
v -0.513835 -0.659185 7.544448
v 2.269881 -0.248167 9.358232
v -3.145526 -1.347812 8.802219
v 1.718490 -0.155951 7.995357
v 1.620241 -0.438016 8.883743
v 2.398923 0.133278 11.509448
v -0.342532 -0.218548 9.062170
v 2.205702 0.275888 11.699691
v 0.847268 -0.375950 8.912272
v 0.481297 -0.668490 8.239031
v -0.919621 -0.834346 7.717239
v 2.320285 0.286621 11.568610
v -0.989601 0.474851 7.555554
v -2.962007 -0.346445 9.478526
v -2.131835 -0.081583 7.801193
v -2.421070 -1.040552 8.074855
v -2.485124 -0.923892 8.045487
v -2.450364 -0.572225 7.943484
v -3.680779 -1.356646 9.329936
v 0.837305 0.436561 9.245976
v 2.144790 0.554684 8.267743
v 2.634725 0.215284 11.502271
v 2.287360 0.165352 11.500358
v 2.264630 0.304678 11.408222
v 1.605120 0.098328 9.892168
v 1.450130 0.030991 9.693736
v -0.066600 -0.510097 7.502668
v -1.317080 -0.940946 7.826386
v -1.428933 -1.099558 8.384245
v -1.792639 -0.325680 7.660962
v 2.222277 0.253663 11.777335
v 2.331551 0.095858 11.837503
v 2.478687 0.217723 11.373934
v 2.720488 -0.037949 12.044162
v 2.644751 0.183623 11.523864
v -3.002134 -0.635371 8.249988
v 2.692110 -0.038292 9.396061
v 2.617878 0.023166 12.039378
v -3.428935 -1.182202 8.773109
v 1.871826 -0.271092 8.346744
v 2.599163 -0.050630 11.871418
v 1.561822 -0.041627 7.844728
v 2.373259 0.128732 11.930317
v 2.222580 0.262425 11.489726
v 2.218959 0.165903 11.742512
v 2.172988 0.270978 11.596129
v 2.140230 0.289644 11.550151
v 2.138059 0.356086 11.672507
v -2.546617 -0.891978 9.520003
v -2.932292 -1.333187 8.691160
v -3.264892 -0.990829 9.692047
v 2.499742 0.211084 11.463181
v -0.037976 -0.102920 7.403137
v -1.663732 -1.108880 8.720614
v -1.032363 -0.807145 7.643235
v -0.846406 -0.471778 9.076875
v 2.191519 0.239304 11.563769
v -1.272562 -0.141587 7.519052
v -1.188714 0.001682 7.514675
v -0.618339 -0.341898 9.076083
v 2.741585 0.269744 10.460214
v -1.384602 -0.626359 7.599100
v 2.963466 0.568903 9.457904
v -1.437350 -0.836065 7.701594
v -2.265955 -1.198485 8.232035
v -3.056784 -0.117587 8.323978
v -3.411360 -1.200385 9.552831
v -3.703801 -0.493629 8.847341
v 2.562273 0.176807 11.601176
v 2.537159 0.224348 11.564765
v 2.015021 -0.283427 9.393528
v 2.449660 0.112849 11.668332
v 2.495993 0.152439 12.008931
v 1.673073 0.341965 10.041421
v 2.430904 0.019451 11.780480
v 2.209245 0.290441 11.741743
v 0.158173 -0.407714 7.485783
v 1.044631 0.233315 9.404893
v 2.164589 0.342152 11.685150
v 2.211269 0.186285 11.716485
v 2.256990 0.196342 11.919710
v 2.262600 0.111848 11.638334
v -0.845546 -0.689903 7.558370
v 2.556226 0.104058 11.697998
v -2.877722 0.003870 8.247615
v -2.748959 -1.356012 8.901527
v -3.915673 -1.302565 9.555634
v -2.536079 -0.774858 9.549092
v -3.149540 -0.777915 9.636721
v 2.725938 -0.048619 12.034537
v 2.537709 0.299193 11.216407
v 2.408172 0.039795 11.741865
v 2.336266 0.212191 11.349747
v -2.966810 -1.306203 8.538639
v 1.812830 -0.376612 8.777169
v 1.563014 0.198650 7.836045
v 2.168362 0.298685 11.526813
v 2.137344 0.353289 11.670335
v -1.100522 -0.575230 9.082090
v 1.055410 -0.095713 7.614110
v 0.878789 -0.354477 7.662863
v -2.359430 -1.134504 9.157411
v 0.834475 -0.601941 8.328277
v 0.651143 -0.349271 7.577002
v -0.804838 -0.889338 7.990623
v 2.284738 0.097248 11.591665
v 0.491754 -0.675472 8.406839
v 0.386360 -0.421984 7.540095
v -0.439247 -0.421850 7.427868
v 2.435929 0.030839 11.763714
v -0.657985 -0.474792 7.450112
v 2.337299 0.300604 11.546785
v -0.901929 -0.939452 8.514028
v -0.890151 -0.559834 7.497290
v -1.783669 -0.780494 9.226481
v -1.057075 -0.211638 7.471732
v -1.105926 -0.660117 9.006386
v 2.202257 0.201487 11.804171
v -2.190125 -1.260095 8.822885
v 2.298436 0.265716 11.331494
v 1.299396 0.493407 9.580798
v -3.853947 -0.570002 9.047663
v 2.413324 0.176007 12.000189
v 2.325855 0.124246 11.474938
v 2.376847 0.053451 11.726124
v 1.805825 0.015571 7.974096
v 2.204436 0.287778 11.463585
v 2.247490 0.144223 11.842672
v 2.189716 0.195480 11.871072
v 0.760960 0.581758 7.583268
v 0.797238 -0.089429 7.522449
v 2.571701 0.057759 11.994020
v 0.516700 -0.311638 7.513795
v 0.379006 -0.495295 7.586787
v 2.622621 0.071366 12.079183
v 0.198760 -0.493407 7.536784
v -0.565001 -0.397586 7.423614
v 2.532118 0.014066 11.909902
v -0.690486 -0.735218 7.600867
v -3.399346 -0.253973 9.148258
v -0.718859 -0.702648 7.566668
v -0.995184 -0.321124 7.466176
v -1.176937 -0.885522 7.723177
v -4.089035 -0.748041 9.430702
v 2.002201 0.706779 10.282884
v -1.818960 -0.099813 7.676567
v -1.957002 -0.757612 7.800529
v -2.161077 -0.562851 7.816074
v -2.458239 -1.138105 8.142946
v -2.892640 -1.171361 8.359655
v -2.995645 -1.091614 8.371435
v -3.154339 -1.080774 8.476094
v -3.121009 -1.382357 9.070118
v -3.322104 -1.378982 9.175906
v -2.924902 -0.761027 9.612539
v 2.799095 0.023992 9.576838
v 2.258704 0.126860 11.691932
v 2.283469 0.104222 11.690657
v -0.949238 0.277656 8.926125
v 2.449433 -0.171220 9.514969
v 2.143505 0.250258 8.200875
v 2.625179 0.120268 11.729861
v 0.278167 -0.508755 8.755699
v 1.867595 1.172079 8.740503
v 1.903530 0.650320 10.234693
v -1.682704 -0.568737 9.297255
v 2.422906 0.239867 11.268224
v 2.525777 0.073885 11.730972
v 2.375590 0.258073 11.247728
v 2.466024 0.115277 11.543881
v 2.341088 0.284313 11.205882
v 2.103982 0.157262 10.384504
v 1.836627 0.191177 7.986956
v 2.224161 0.193783 11.584167
v 1.399165 -0.327604 7.982613
v 2.384070 0.442363 11.389557
v 0.248736 0.408391 9.029452
v -0.083012 -0.645855 7.706195
v 0.089655 0.389849 8.989910
v -1.034907 -0.914938 7.921469
v 2.897093 0.115985 9.300549
v 2.291572 0.301257 11.322450
v 2.532811 -0.050238 8.811716
v 2.542861 0.248847 10.999952
v 2.292896 0.205254 11.439207
v 2.726753 -0.020475 11.961622
v 1.636169 0.749804 9.746054
v 2.230399 0.020051 8.289372
v 2.610393 0.133670 11.588164
v 2.294931 -0.139653 9.891654
v 0.433048 0.112811 7.429603
v -1.565996 -1.109200 8.319051
v -1.690215 -1.147914 8.659775
v 1.624070 0.162147 9.953967
v -2.887424 -1.243917 8.410996
v 2.655516 0.037666 12.081646
v 1.464748 0.329647 9.782533
v 1.126584 0.079189 9.455978
v 2.594256 -0.067290 11.901398
v 2.303338 0.420050 11.212768
v 1.989708 0.188691 10.338399
v 2.654006 0.570064 8.734510
v 2.293726 0.159454 11.473975
v 2.302347 -0.137255 8.602602
v 2.555635 -0.032696 11.835278
v 2.670021 0.489542 8.725244
v 2.184830 0.324271 11.648072
v 2.201901 0.384372 8.256405
v 2.415105 0.214412 11.380095
v -3.684526 -0.826289 9.718501
v 2.509839 0.110230 11.679114
v 1.705313 0.570353 7.996866
v 2.507966 0.048098 11.748867
v 2.411777 0.115981 11.576752
v 2.177350 0.270746 11.492640
v 2.534497 0.216084 11.984902
v 2.213182 0.169737 11.669347
v 2.209300 0.190405 11.890740
v 1.367037 0.222881 7.738647
v -0.865059 -0.288048 9.109510
v 1.694053 -0.429413 8.841591
v 0.416708 0.277399 7.439864
v -0.151088 -0.265950 7.408387
v 0.816157 0.557228 9.182926
v 2.281736 0.199380 11.889382
v 2.305943 0.249769 11.317190
v 2.437599 0.409702 8.462536
v 2.446299 0.195370 10.671578
v 2.081096 0.414983 8.180428
v 0.964220 0.429515 9.320710
v 2.525297 0.276361 11.471058
v 2.716941 0.001110 11.955247
v 2.692959 -0.015611 12.065486
v 2.012298 -0.046757 8.145265
v 2.503922 0.158646 10.540256
v -3.492302 -0.237192 8.938806
v 1.036723 0.273647 7.594565
v -4.113839 -0.882314 9.604303
v 1.203981 0.140490 7.654536
v 1.488114 -0.144217 7.844034
v 2.601754 0.803324 10.423686
v 1.002216 -0.021513 9.345813
v -3.992503 -1.110318 9.718013
v 0.749928 -0.230450 7.550505
v 2.230772 0.301846 11.747946
v 0.390871 -0.050321 7.431867
v 0.024788 -0.241121 7.418509
v -1.328756 -0.364089 7.534317
v 2.209302 0.274896 11.737187
v -1.758547 -0.772322 7.749450
v 3.020280 0.305352 9.702475
v 2.293384 0.281550 11.359313
v 2.273652 0.241232 11.460723
v 1.513213 1.098209 8.318477
v 2.447003 0.415505 11.304353
v 2.874273 0.118658 9.151031
v 2.444463 0.181995 12.013702
v 1.384279 -0.500307 8.629304
v 2.572966 0.251110 8.581856
v -3.600891 -0.328462 9.074994
v 1.810181 0.649092 8.087713
v 2.266048 0.359431 11.414510
v 2.757601 0.024933 9.183752
v 2.227329 0.310440 11.724780
v 2.361881 0.234493 11.858780
v 2.370149 0.106601 11.641557
v -2.656223 -0.264599 9.436839
v 2.409341 0.075341 11.712964
v 2.292736 0.115142 11.433541
v 2.454398 -0.169284 9.371628
v 2.294984 0.255006 11.397052
v 2.288188 -0.103841 8.477273
v 2.551924 0.350852 11.162472
v 1.468314 0.083222 7.781685
v 2.213981 0.215040 11.677255
v 0.978866 0.151863 7.560199
v 1.282621 -0.116958 7.725376
v 1.257455 -0.195693 7.742098
v 1.154998 -0.264422 7.733573
v 2.531952 0.302553 11.247196
v -0.183764 0.779531 7.635832
v -3.994151 -1.200830 9.637808
v 0.104719 0.098143 7.404076
v 2.301417 0.100238 11.544144
v 0.720630 -0.608779 8.531631
v -0.354839 -0.307162 7.407196
v -0.166810 -0.350952 7.424719
v -0.506320 0.704116 7.615402
v -1.683214 -1.043674 7.979829
v 0.314805 -0.131516 9.112883
v -3.924965 -0.650055 9.463836
v 2.777112 0.941413 9.995570
v 0.692278 -0.465325 8.784642
v -0.434602 -0.882689 8.295732
v -4.021087 -0.723416 9.246111
v 0.666765 -0.000788 9.214228
v 0.356487 0.022740 9.126013
v 2.592039 0.261096 10.814270
v 2.454697 0.230190 8.466133
v -3.687102 -0.411997 9.206753
v 1.353558 0.497772 7.791106
v 1.735888 0.406380 7.969231
v 2.303030 0.207964 11.360850
v -2.569590 0.207078 8.248668
v 2.187076 0.323527 11.701483
v 2.698327 -0.045995 12.037546
v 2.541068 -0.024834 11.892771
v 2.193559 -0.229689 8.835719
v -3.004110 0.055942 8.628041
v 0.431880 0.490980 7.480772
v 1.858264 0.046210 10.049213
v 2.112430 -0.189298 8.437085
v -3.138547 -0.016741 8.545480
v 0.215938 -0.187115 7.428856
v 0.620808 -0.427260 7.617592
v -0.416625 -0.188430 7.405002
v -0.183030 -0.790907 8.097565
v -1.225581 -1.060925 8.374955
v -3.770261 -0.453788 9.165901
v 2.349588 0.681384 10.742614
v 2.953464 0.341604 9.242312
v 1.982884 0.302766 8.096545
v 1.095570 1.008289 8.013719
v 2.482098 0.229677 11.889626
v 2.857182 0.149742 10.060792
v 2.936396 0.128682 9.721416
v 2.492092 0.167298 11.535202
v 2.619582 0.127349 11.769268
v 2.760875 0.072048 9.000821
v -1.159102 0.627395 8.102761
v 2.401633 0.042368 11.733092
v 1.405931 -0.209913 7.833535
v -3.627918 -0.331783 8.969277
v 1.936512 -0.366144 9.113687
v 0.112787 0.808122 7.639926
v 2.659684 1.033620 9.332279
v 1.214400 0.793606 7.849912
v -3.916373 -0.587263 9.340819
v 3.006113 0.472228 9.542535
v -0.662724 0.134529 8.997011
v 2.482211 0.371719 11.474449
v 2.417753 0.417312 11.445625
v 2.346721 0.192301 11.964353
v 3.006287 0.354733 9.477036
v 2.455818 0.243472 11.852919
v 1.623534 0.033627 9.843628
v 2.156353 0.343450 11.667383
v 2.593717 0.142280 11.890630
v 2.275701 0.438216 11.089219
v 2.366046 0.073184 11.701669
v 2.616806 0.072691 11.749785
v 2.394115 0.052832 11.721708
v 2.308978 0.349064 11.737668
v 2.327144 -0.222387 9.444949
v -0.127605 0.722140 8.503231
v 1.118121 0.701582 7.759819
v 0.091165 0.244537 9.030713
v -2.298192 0.232372 8.045366
v -3.178078 -0.496062 9.558726
v 2.304579 0.108798 11.475252
v 2.274826 0.165560 11.527659
v 2.597853 0.143917 11.711047
v -0.037796 0.073222 9.044168
v -4.019511 -0.659930 9.393385
v 0.503089 0.861152 7.716282
v 1.396541 1.033441 8.897785
v 0.020562 0.426067 7.444224
v -0.020054 0.109063 7.406938
v 2.230592 0.321236 11.519155
v 1.611980 0.974741 9.290495
v 1.194920 0.269226 7.660518
v -0.379454 0.343551 8.932322
v -2.908438 -1.281154 9.266036
v 2.842691 0.811405 9.355383
v 2.622664 0.978664 10.167269
v -1.620380 -0.652520 9.246708
v 3.021639 0.487378 9.718629
v 2.642803 0.104756 11.739764
v 2.465230 0.206302 11.395422
v 2.984405 0.336254 10.019775
v 2.554941 0.198761 11.980760
v 2.637272 0.189428 11.528970
v 2.481743 0.219219 11.950393
v -1.846466 -0.640991 9.352827
v 2.457221 0.239227 11.670533
v 1.614206 -0.229524 9.377678
v 2.089023 -0.300446 9.337239
v 2.686052 0.035304 11.991141
v 2.706093 -0.056119 12.027196
v 2.208594 0.296781 11.448413
v 2.072672 1.144807 8.776890
v 2.431444 0.734865 10.687917
v 2.209560 0.295101 11.749825
v 2.448006 0.409598 11.351008
v 2.149070 0.284195 11.557780
v 2.518736 0.257722 11.515262
v 2.467164 0.231028 11.728570
v 2.595216 0.150603 11.913990
v 0.980202 0.974199 8.627199
v 2.628973 0.135636 11.580897
v 2.632739 0.110193 11.780557
v 2.512687 -0.023908 11.821876
v 1.586207 1.133257 8.548046
v 0.277672 0.570882 7.492450
v 0.509944 0.674997 7.560691
v 0.703329 0.510450 7.541054
v 2.075678 1.177374 8.894075
v 0.860780 0.089559 7.522674
v 2.225812 0.441513 10.939012
v 1.353241 0.617352 9.592705
v 2.496063 0.761893 8.687857
v 1.937016 0.124404 8.050613
v 2.842666 0.868659 9.495369
v 2.331812 0.434817 11.355085
v -1.215052 -0.297396 9.159300
v 2.689809 0.554257 10.557708
v 1.963265 -0.122855 8.153699
v 2.278197 0.264823 11.779883
v -4.153434 -0.966753 9.483168
v 2.529489 0.338725 11.453606
v 2.628003 1.075512 9.799875
v 2.517465 0.252693 11.483431
v 2.533214 0.203529 12.003685
v 2.987785 0.495201 10.028744
v 2.585623 1.100496 9.426294
v 2.623733 0.116847 11.896764
v -0.940938 0.545662 7.581652
v 0.914379 0.150394 9.331112
v -0.085682 0.404331 8.935837
v 0.562381 0.564514 7.525633
v 2.567902 1.090924 9.885989
v 2.510624 0.349132 11.479306
v 2.560188 0.177601 11.738245
v 1.916170 1.043195 8.472334
v -0.135000 -0.244640 9.062434
v 2.463797 0.275498 11.585617
v 2.297570 0.265502 11.754956
v 2.285566 0.203302 11.854023
v 2.106446 0.256800 11.496528
v 2.509617 0.313667 11.534014
v 2.212442 0.281611 11.761720
v -1.583262 -0.267273 9.214575
v 2.438173 0.239449 11.713572
v 2.372193 0.419662 11.431577
v 2.305113 0.354847 11.743849
v 2.477890 0.389521 11.319830
v 2.320713 0.251961 11.643868
v 2.319057 0.096776 8.346125
v 2.750530 0.452874 8.831155
v 2.498244 0.261970 11.335461
v 2.490749 0.203039 11.484019
v 2.539105 0.197238 11.697581
v 2.556112 0.175955 11.775466
v 2.487779 0.125707 11.553617
v -2.509189 -0.796156 9.539694
v 2.440366 0.273635 11.580964
v -2.035256 -0.735373 9.382957
v 2.566017 0.172317 11.676283
v 2.624249 0.124078 11.934598
v 2.594318 0.163392 11.936488
v 2.672999 0.046349 12.008675
v 2.646230 0.006675 11.816121
v 2.700046 -0.037522 11.926299
v -3.064348 -1.086112 9.541927
v -3.763816 -1.069776 9.756668
v 2.684130 -0.062592 11.947085
v -0.442514 0.626226 7.538509
v 2.584367 0.174534 11.972498
v 3.017968 0.487923 9.854136
v 2.685768 0.033763 11.829028
v 2.725920 -0.024044 12.030258
v 2.652173 0.875538 8.980936
v 2.539468 0.783269 10.516704
v 2.138493 0.285202 11.536982
v 2.761495 0.960701 9.426010
v 2.311435 0.362022 11.736196
v 2.343608 0.240439 11.781744
v 2.553208 0.518516 10.923090
v 2.496608 0.373905 11.365698
v 2.891986 0.773211 9.500762
v 2.481423 0.221405 11.964369
v 2.949046 0.713479 9.875372
v 2.689461 -0.065613 11.997566
v 2.150918 0.735487 10.409231
v 2.661002 0.311308 8.692812
v 2.274822 0.571098 10.890737
v 2.264956 0.515228 10.977738
v 2.614749 0.127877 11.602621
v 2.569088 0.173328 11.710884
v 2.587007 0.095576 12.067605
v 2.601661 0.146794 11.739467
v 2.620312 0.128196 11.823635
v 2.471697 0.227105 11.924497
v 2.194120 0.280818 11.664635
v 2.238421 0.327084 11.467222
v 2.211404 0.240281 11.739019
v 2.509178 0.204353 11.859859
v 2.443931 0.384274 11.478589
v -2.560520 0.191526 8.694095
v -2.058590 0.251091 8.755345
v 2.461446 0.202186 10.849134
v -0.773141 0.559256 7.542154
v -0.670727 0.311486 8.922320
v 2.402506 0.249281 11.788010
v 0.200164 0.926127 7.814443
v -0.069629 0.652903 8.644361
v 2.512508 -0.006141 11.792062
v 0.164417 0.261764 7.418452
v 2.387509 0.208764 11.974164
v 1.223733 0.949906 7.982859
v -0.803392 0.590420 8.449141
v 2.202349 0.199853 11.850264
v 1.684692 1.110254 8.892425
v 1.728249 1.142268 8.565042
v 1.915906 0.970284 8.373028
v 1.998667 0.709859 8.231078
v 2.132128 0.354452 11.661626
v 2.283018 0.323031 11.710700
v 2.320604 0.253211 11.692491
v 2.525985 0.151542 11.576585
v 2.530439 0.212895 11.650061
v 2.570093 0.158187 11.866472
v 2.840523 0.382367 8.977220
v -2.621120 -0.682871 9.554794
v -1.550410 0.164857 8.989413
v -2.165999 -0.061152 9.232472
v -1.110734 0.344208 8.794908
v -2.216060 -0.551991 9.441276
v -1.113473 0.371248 7.554353
v -0.582950 0.766881 8.029793
v -0.080544 0.648667 7.524563
v 0.653198 0.577589 9.081524
v 0.616811 0.407603 7.493895
v -0.094663 0.821624 8.262356
v 1.418252 1.107739 8.367875
v 1.684412 1.112572 8.439889
v 1.818962 0.753347 8.133507
v -0.972932 0.686815 7.956733
v -2.489189 0.164408 8.095204
v 2.363192 0.614502 10.940313
v -2.461157 -0.543985 9.497643
v -2.982523 -0.182679 9.255813
v 2.445798 0.411246 11.427156
v -3.552510 -0.515056 9.439190
v 2.456185 0.236977 11.766324
v 2.564160 0.296036 11.081735
v -2.613017 -0.057742 9.206982
v 2.532007 0.338136 11.396604
v 2.540439 0.201076 11.572781
v 2.659521 0.067702 11.796062
v -2.742161 -0.098964 9.236046
v -1.996994 0.328256 7.929048
v -1.783016 0.171094 8.944184
v 0.270685 0.107571 7.415967
v 0.695418 0.692638 7.612864
v 0.818488 0.980134 7.910796
v 2.463515 0.214732 11.966144
v 2.426993 0.269340 11.585644
v 2.253848 0.297881 11.633048
v 2.362801 0.289438 11.558487
v 2.259428 0.311521 11.551313
v 2.604910 1.015500 9.147445
v -0.909446 -0.158878 9.092844
v 2.721604 0.689811 8.898335
v 2.245969 0.345063 11.380133
v 2.642571 0.092226 11.774501
v 2.651872 0.090029 11.853054
v 2.705767 -0.047403 11.950442
v 2.865505 0.558319 9.076200
v -3.698276 -0.383872 8.959148
v -3.062246 -0.043582 8.996669
v 2.229489 0.328058 11.427900
v -2.822800 -0.007660 9.043795
v -1.850153 0.423633 7.979420
v 1.919435 1.118183 9.187289
v 0.545355 0.992683 7.954173
v -1.040400 -0.446258 9.136035
v -1.228487 0.527269 8.388166
v -1.105102 0.633059 7.861908
v -0.806768 0.687948 7.764890
v 1.728821 0.836296 9.693221
v -0.888536 0.447639 7.522050
v -1.828488 -1.064380 8.914631
v 2.614782 0.248540 11.462456
v -0.308050 0.721917 8.405947
v 2.075165 0.523895 10.558281
v 2.329293 0.349730 11.494782
v 2.301224 0.367418 11.462808
v 0.098091 0.790976 8.481900
v 0.547212 0.771004 7.635094
v 2.235757 0.318304 11.706417
v 2.333096 0.210610 11.872902
v 2.885444 0.613595 9.183743
v 2.187334 0.328122 10.798956
v 1.281605 0.649498 7.808048
v 2.300804 0.143249 11.402471
v 1.618819 0.473071 7.923465
v 2.089024 1.092340 8.688101
v 1.071293 0.599814 9.338232
v 2.586392 0.429916 10.963216
v 2.150368 0.303258 11.584313
v 2.183425 0.292860 11.465989
v 2.258484 0.199460 11.855699
v 2.498254 0.289502 11.562165
v 2.610511 0.133119 11.912440
v 2.444966 0.258143 11.608830
v 2.816640 0.941371 9.630140
v 2.991000 0.579713 9.632004
v 2.415758 0.314601 11.534633
v -2.794557 -0.217057 9.369047
v -2.251000 -0.699842 7.880448
v 2.608316 0.135209 11.845430
v 0.482695 0.505147 9.066656
v 0.712033 0.135532 7.480617
v 1.182439 0.534572 7.721862
v 2.409524 0.346880 11.506430
v 1.547280 0.636470 7.934281
v 2.323996 0.861767 8.608869
v 2.267356 0.345884 11.459670
v 2.260531 0.364694 11.348618
v 2.333506 0.259214 11.610362
v 2.408518 0.436526 11.355228
v 2.431367 0.254627 11.865763
v 2.487189 0.389682 11.281485
v 2.512189 0.359062 11.333249
v 2.698720 -0.033740 11.896456
v 2.348929 0.241790 11.656495
v -3.812699 -0.646719 8.971755
v -2.339162 -0.824548 7.946430
v -1.963298 0.129991 7.777463
v 2.194385 0.196044 11.875553
v -1.059960 0.096469 7.495804
v -0.096464 0.879521 7.917722
v 0.816824 0.258488 7.518891
v 0.976140 1.045819 8.274282
v 1.044921 0.035510 7.592959
v 1.342414 1.094695 8.262651
v 2.823902 0.790100 10.180180
v 2.626382 0.110866 11.977527
v -1.227865 -0.162003 9.131303
v 1.990890 0.029108 8.099688
v 2.108710 0.257765 11.497122
v 2.137697 0.345373 11.662574
v 2.252895 1.130678 8.932031
v 2.492009 0.215986 12.021681
v 2.494590 0.215751 11.824783
v 2.506986 0.209146 11.764036
v 2.529080 0.595452 10.843321
v 2.697004 0.028421 11.942944
v -4.125455 -0.816335 9.548185
v -3.800497 -0.562839 9.381766
v -3.460350 -0.204972 8.853464
v -3.354083 -0.164302 8.589009
v -3.513808 -0.363725 9.251132
v 2.537215 0.193597 11.730277
v 2.473864 0.347912 11.512481
v -1.068965 0.597430 7.716601
v -0.226031 0.337449 8.952487
v 2.251873 0.291867 11.596754
v 2.721259 1.018251 9.849586
v 2.297799 0.286638 11.702953
v 1.110619 0.503237 9.409457
v 1.526652 0.859079 8.036784
v 2.000064 0.603398 10.404407
v 2.147610 0.977062 9.919580
v 2.322807 0.200495 11.932652
v 2.412037 0.212950 12.011670
v 2.095416 0.642105 10.481930
v 2.431865 0.214986 12.029694
v 2.448588 0.247043 11.891887
v 2.282010 0.362527 11.441249
v 2.405058 0.212490 12.000258
v 2.517308 0.194843 12.042400
v 2.510865 0.359108 11.438842
v 2.583950 0.152140 11.612337
v 2.668425 -0.071235 11.969986
v 2.512650 0.688251 10.697778
v 2.569171 0.888954 8.888530
v 2.857544 0.715187 9.240843
v 2.260106 0.086328 11.623911
v 2.800782 0.960326 9.861980
v -3.221720 -0.395623 9.442734
v -1.609981 0.501592 7.948014
v -1.382363 0.083098 9.068640
v -0.881540 0.075421 7.471214
v 0.212845 0.942963 7.883717
v 1.317768 0.343256 9.623251
v 0.549363 0.969889 7.868231
v 0.637945 0.501291 9.127908
v 2.913816 0.640502 9.335617
v 2.153101 0.035514 8.216846
v 2.128428 0.266741 11.497626
v 1.923889 0.811145 8.237847
v 2.146681 0.279268 11.503135
v 0.861882 -0.091390 9.246365
v 2.520581 0.321847 11.500235
v 2.383816 0.241593 11.719967
v 2.320633 0.435968 11.310851
v 0.136576 -0.144598 9.090501
v -0.224024 -0.003703 9.039759
v 2.430487 0.249853 11.815004
v -1.047747 0.447442 8.637954
v -0.909680 0.257104 8.952890
v 2.484975 0.209008 12.052697
v 2.415552 0.431432 11.412115
v 2.299239 0.765922 8.503000
v 2.563567 0.167731 11.890398
v 2.520072 0.218501 11.993652
v 2.426343 1.025030 10.109631
v -4.160086 -0.874744 9.477262
v -3.223225 -0.104404 8.988626
v -0.446885 0.768762 8.162288
v 2.648266 0.163139 11.545213
v 0.389191 0.913719 7.772398
v 0.863305 0.789249 8.941912
v 2.639949 0.216742 11.490797
v 2.213532 0.193279 11.900317
v 2.275143 0.329514 11.750696
v 2.393290 0.251769 11.854727
v 2.361007 0.448679 11.350680
v -2.394501 0.034705 9.084688
v 2.086424 1.014776 8.567158
v 2.601621 0.108145 11.717567
v 2.277759 0.960722 8.671441
v -2.908758 0.070777 8.363124
v -2.979130 0.025382 8.893774
v 2.636219 0.106884 11.757100
v -3.696795 -0.426103 8.873699
v -2.630845 -0.105817 8.043675
v -1.531885 -0.304226 7.579107
v -0.543617 0.734829 7.680448
v -0.506964 0.715472 8.300380
v 0.258310 0.441983 7.448123
v 2.652916 0.013034 12.090994
v 0.831487 0.911506 8.682940
v 0.989795 0.699076 9.178853
v 1.572747 0.467715 9.902679
v 2.582196 0.141513 11.680672
v 2.185940 0.197972 11.855949
v 2.162015 0.363842 10.779272
v 2.537783 0.220359 11.590863
v 2.205063 0.315969 11.692164
v 2.547420 0.162449 12.053238
v 2.274168 0.384630 11.363973
v 2.636625 0.165386 11.551845
v 2.954322 0.629644 10.044163
v 2.289312 1.148391 9.521118
v 2.644818 0.093940 11.752030
v -0.683559 -0.405072 7.432910
v -0.678863 0.508109 8.648026
v -0.521320 0.792333 7.922574
v 1.866221 0.973422 9.572725
v 2.366177 0.388250 11.464538
v 2.360174 0.241747 11.827148
v 0.119652 0.738734 8.592181
v 2.549047 0.043495 11.952320
v 2.629923 -0.063834 11.954345
v 2.200009 0.311891 11.533329
v 2.237093 0.197447 11.877679
v 2.417497 0.248035 11.773985
v -3.906489 -1.016229 9.788119
v 2.407020 0.252972 11.837710
v 2.509674 0.187822 12.064170
v 2.415537 1.138474 9.201541
v 2.323891 0.202124 11.906630
v -2.561255 -0.218547 7.989668
v -1.568089 0.308723 7.675250
v -0.730974 -0.098023 7.442044
v 2.313778 0.431001 11.273898
v 2.149321 0.325279 11.622180
v 1.031427 0.408260 9.371758
v 1.698862 1.064450 9.131244
v 2.297963 0.174792 11.406636
v 2.313966 0.184313 11.367134
v 2.259281 0.332809 11.501545
v 2.294001 0.413256 11.332661
v 2.346540 0.319735 11.523780
v 2.483215 0.223132 11.747167
v 2.282169 0.775632 10.479094
v 2.156881 1.169597 8.916379
v 2.438318 0.912559 8.770994
v -3.720150 -0.716892 8.884131
v -3.275974 -0.189011 8.487300
v -2.404501 -0.004537 7.945148
v -1.992711 0.213607 7.817434
v -1.298460 0.592766 7.933699
v -0.141969 0.464316 8.863184
v -0.227592 0.005286 7.406038
v 0.632803 0.234272 7.468215
v 1.288713 1.088801 8.415604
v 2.116539 0.256686 11.491572
v 2.168716 0.306049 11.551978
v 2.210098 0.318506 11.628664
v 2.317290 0.612760 10.874267
v 2.209370 0.312697 11.485598
v -4.056381 -0.744695 9.536494
v -1.856611 0.044987 9.123225
v -1.461185 -0.065464 9.135007
v -1.742941 0.394226 7.807084
v 1.892431 0.905434 9.735966
v 1.040407 0.581052 7.682324
v 1.143141 1.039662 8.536890
v 1.547024 1.044021 8.241842
v 2.223639 0.305048 11.608029
v 2.297475 0.252016 11.365919
v 2.388245 0.247671 11.626475
v 2.418220 0.210702 11.960903
v 2.650317 0.215155 11.498950
v 2.660176 0.663016 10.514107
v 2.387095 0.850945 10.436520
v 2.583391 0.254715 11.453530
v -3.407897 -0.290942 8.568854
v 2.539310 0.327959 11.433985
v -1.943289 -0.434098 7.721175
v 2.584375 0.603944 10.702041
v 2.489472 0.226843 11.689254
v 2.396339 0.184478 12.003892
v -2.085556 0.317658 8.003456
v 2.346132 0.204485 11.915631
v -1.479893 0.472162 7.742130
v 2.283296 0.395694 11.315846
v -0.793462 -0.152121 7.444590
v -3.447900 -0.240452 9.067934
v -0.943279 0.194405 8.990128
v -0.628287 0.021832 7.442483
v 0.345926 0.962910 7.981510
v 2.304347 1.178016 9.180793
v 1.350353 1.009357 8.099554
v -3.573100 -0.598503 9.559216
v 1.691665 0.907744 9.507874
v 2.144160 0.349471 11.648063
v 2.238634 0.200213 11.860310
v -3.773237 -0.608921 9.459089
v 2.278017 0.189484 11.954131
v 1.912654 1.147087 9.011170
v -3.639009 -0.724823 9.672818
v 1.727291 0.829820 8.120682
v 1.524652 0.754963 7.974850
v -1.377309 0.522644 7.773545
v -0.460554 0.774815 7.735099
v 1.035053 0.886747 7.851716
v 1.233616 0.877671 7.918333
v 2.454812 0.306297 11.550429
v 2.341458 0.425038 11.395451
v 2.386735 0.247070 11.802108
v 1.132066 1.068705 8.196427
v 2.301435 0.407853 11.371950
v 2.309011 0.266416 11.302144
v 2.169085 0.610924 10.625047
v 2.284444 0.197399 11.926085
v 2.427971 0.218019 11.921219
v 0.828434 1.033312 8.094682
v -3.360320 -0.133082 8.729314
v 1.801874 0.715531 10.010547
v -3.065446 -0.053532 8.363781
v -2.738906 0.092280 8.211210
v -2.183326 0.309362 8.079102
v -1.164261 0.154891 7.526484
v -0.788233 0.543490 8.550009
v 0.573430 0.098732 7.452089
v -0.165608 0.849933 7.761763
v 0.313767 0.799937 8.583944
v 0.662320 0.927436 7.819676
v -1.879931 -1.169609 8.765798
v 2.179424 0.320953 11.601439
v 2.029147 1.181087 8.964163
v -2.362764 -0.066093 9.238914
v -2.831348 0.109519 8.733782
v 2.604746 0.138228 11.982173
v -3.701049 -0.466471 9.295906
v 2.505557 0.213385 11.721669
v -2.849169 -0.082824 8.184701
v 2.480412 0.226616 11.795723
v -2.580709 -0.108189 9.279872
v -0.847785 0.644229 8.291214
v -0.225554 0.584020 7.500465
v -0.041132 0.559548 7.482789
v 0.140315 0.743940 7.582594
v 0.916080 0.693592 7.683802
v 1.690653 0.104499 7.900618
v 0.643016 1.006338 8.103639
v 1.690729 0.570870 10.027107
v 1.849502 0.608824 10.207070
v 2.329548 0.400266 11.433052
v -3.539027 -0.279003 8.742247
v -3.175449 -0.373137 8.353485
v -3.309817 -0.311426 9.277612
v -3.361403 -0.151767 8.903476
v -3.102489 -0.129345 9.117469
v -2.712079 0.177460 8.421271
v -1.722211 0.216752 7.702352
v -1.944333 0.279857 7.834613
v -0.490338 -0.064698 7.417525
v 2.297018 0.351375 11.741302
v 2.186327 0.303460 11.671058
v -0.268669 0.796982 7.684158
v -1.382505 -0.518007 9.211040
v 0.647179 0.200341 9.195676
v 2.284852 0.352286 11.111624
v 1.779692 1.153014 8.778712
v -3.939410 -0.619253 9.170979
v 0.031520 0.566786 8.805085
v -3.904490 -0.556643 9.210995
v -2.963331 -0.779411 8.246548
v -2.279214 0.186182 7.977602
v -1.555030 -0.073073 7.599600
v 2.299383 0.225549 11.396394
v 2.445470 0.210850 11.950800
v 2.682388 0.049355 11.854662
v -2.308796 -0.802592 9.473059
v -2.626661 -0.369671 9.470217
v -3.981338 -1.022628 9.752635
v -3.159434 -0.056592 8.473829
v -2.053767 0.043853 9.105178
v 2.562181 0.116036 11.650153
v 2.604349 0.160818 11.573605
v -0.681850 -0.179773 7.426740
v -1.559780 0.389431 7.715420
v -1.480918 0.525628 7.881733
v 0.389167 0.682884 7.550816
v 0.336329 0.746448 7.583413
v 0.423800 0.561735 8.982448
v 2.527604 0.350762 11.259709
v 0.635777 0.815581 8.742515
v 2.705503 0.946045 9.208621
v 2.293609 0.272005 11.660573
v 0.934621 0.938165 7.882993
v 2.265215 0.085708 11.632156
v 2.281530 0.197986 11.488984
v 2.261934 0.183632 11.961340
v 2.403290 0.241956 11.646608
v 2.171091 0.293946 11.506664
v 1.517744 0.953206 8.110261
v 2.253483 0.255164 11.788936
v 2.247190 0.228641 11.805876
v 1.745878 1.071581 8.400176
v -3.028199 -0.918410 8.328396
v -3.652520 -0.569233 8.776651
v 2.181789 0.322119 11.622044
v -3.181446 -0.237260 8.377774
v -3.288717 -0.093136 8.624512
v 1.258371 1.057940 8.150381
v -2.646536 -0.002726 9.107632
v 0.336207 0.921789 8.251365
v -2.007676 -0.025603 7.759747
v 0.026992 -0.044355 9.071493
v -2.331813 0.293028 8.177251
v -0.884748 -0.216559 7.445327
v -1.811619 0.405149 7.876461
v -2.255776 0.324176 8.391102
v -0.628790 0.525387 7.509431
v 2.726703 -0.015616 11.992973
v 2.661350 0.390863 8.695563
v 2.296024 0.109775 11.467823
v 2.229074 0.182201 11.631333
v 1.637986 0.642801 9.908734
v -0.675243 0.227431 8.970372
v 2.205257 0.201876 11.760629
v 2.639459 0.088090 11.746130
v 2.285189 0.257256 11.424296
v 1.866934 0.513056 10.276565
v 2.469172 0.214496 11.948461
v 2.676423 0.049462 11.966407
v 2.412331 0.248615 11.879095
v 2.287587 0.362164 11.288773
v 1.783780 0.901955 8.214398
v 2.304770 0.475233 11.129828
v -1.322313 0.424595 8.595347
v -1.575541 0.287543 8.787661
v 2.216147 0.590616 10.743730
v 2.434974 0.420645 11.390698
v 1.864983 0.803432 9.923998
v 2.170680 0.330962 11.631484
v 2.638414 1.023177 10.017556
v -3.857685 -0.789115 9.687095
v 2.556179 0.169441 12.022215
v -1.154859 -0.877970 8.768355
v 2.524381 0.302007 11.275391
v -1.942868 -0.575793 7.741685
v 2.313696 0.360224 11.731223
v 2.517105 0.218918 11.977369
v -2.738871 0.014322 8.148772
v -2.570541 0.216943 8.566558
v -2.168954 0.267625 7.996562
v 2.196170 0.192304 11.859918
v -1.172072 0.205018 8.984492
v -0.626250 -0.079331 7.433445
v 2.845223 0.890374 9.950850
v 0.952009 0.647631 9.210662
v 2.427147 0.245555 11.639575
v 2.293162 0.126392 11.415392
v 2.318286 0.568541 10.982741
v 2.445105 0.664281 8.571425
v 2.196651 0.311885 11.722541
v 2.216920 0.321998 11.659905
v 2.590251 0.248288 11.460635
v 2.557224 1.080582 9.232703
v -3.758882 -0.448092 8.979914
v -2.909361 -0.862081 8.228980
v 2.587004 0.123178 11.619349
v -3.410879 -0.646975 8.555306
v -2.617260 -0.764185 8.055232
v -3.939622 -1.162870 9.728360
v -3.301584 -0.307736 8.459390
v 2.645111 0.090738 11.956036
v 2.948782 0.516612 10.116798
v -1.320038 0.003418 7.545652
v 2.628263 0.225408 11.487059
v 2.510586 0.219040 11.937166
v 2.512663 0.263740 11.574248
v 2.444605 0.285264 11.568922
v 2.671819 0.051320 11.809630
v 2.406096 0.263331 11.593921
v -2.130814 0.363141 8.183086
v 2.148684 0.287921 11.528587
v -1.216019 0.539726 7.688883
v -1.546229 0.520745 8.201501
v 0.430174 0.616034 7.522885
v 2.208874 0.218403 11.613346
v 2.130792 0.276937 11.522099
v 2.225799 0.316215 11.420029
v 2.153678 0.308034 11.575669
v 2.166568 0.535913 10.721803
v 2.231114 0.675491 10.591163
v 2.704953 -0.062027 11.985236
v -4.026398 -1.183995 9.395433
v 2.550104 0.875895 10.380537
v -0.424545 0.225823 8.974750
v -4.010298 -0.775354 9.217646
v -4.124097 -0.815564 9.405267
v -4.001824 -0.672216 9.272966
v -0.699291 0.619792 7.571597
v -3.215872 -0.523681 8.388406
v -1.510708 -0.572824 7.614080
v 2.650759 -0.050614 11.882960
v -2.730920 -0.231545 8.075778
v -2.869846 -0.197198 8.164712
v -2.036868 -0.237270 7.755554
v 2.649957 0.073859 11.992432
v -2.959281 0.024317 8.327332
v -2.179576 0.011240 7.840536
v 2.632034 0.115879 11.797819
v -2.336490 0.262996 8.121961
v -0.565075 0.250019 7.456647
v 2.604050 0.097050 12.067778
v 2.608431 0.147119 11.962258
v 2.487218 0.108558 11.568482
v 0.091538 0.490581 8.920968
v 2.600859 -0.042623 11.944735
v 2.236358 0.207571 11.543407
v 1.140081 0.686129 9.325906
v 2.440523 0.213059 11.970705
v 0.186987 0.913767 8.118067
v 2.247117 0.323784 11.684236
v 2.528184 0.226359 11.472467
v 2.564282 0.184529 11.922166
v 2.489486 1.059797 10.038134
v -1.699690 0.435347 8.406255
v -3.388284 -0.845446 8.583062
v -2.702240 -0.467266 8.057746
v -2.224856 -0.433198 7.831583
v 2.548472 0.199114 11.625657
v -0.646938 -0.315913 7.419604
v -1.724206 -0.217326 7.637587
v 2.363007 0.540694 8.436017
v -1.054315 -0.060633 7.481614
v 2.406498 0.240110 11.679294
v -1.719343 0.068359 7.670199
v -2.632431 0.077922 8.119377
v -1.526932 0.230651 7.638594
v -1.803736 0.265330 7.756310
v -2.439360 0.276876 8.271183
v 2.885674 0.844605 9.753600
v 2.366679 0.262741 11.594631
v 2.384687 0.313942 11.530560
v -0.632781 0.429823 7.486300
v 2.466645 0.229731 11.292476
v 1.776017 0.446753 10.170111
v 2.137555 0.262606 11.494753
v 2.144589 0.269136 11.486498
v 2.117328 0.443538 10.632976
v 2.282492 0.400511 11.342413
v 2.268188 0.332002 11.738633
v 2.230514 0.195953 11.893703
v 2.358279 0.458849 11.284674
v 2.052687 0.801494 10.172613
v 1.615452 1.085704 8.341349
v 2.711875 -0.006364 11.920766
v 2.713095 0.924468 10.144528
v 2.534358 0.233818 11.563399
v 2.386245 1.163701 9.544699
v 2.511158 0.238649 11.623831
v -2.208611 -1.019505 7.987653
v -1.884544 -0.885295 7.832263
v -1.335939 -0.424544 9.197971
v 2.358768 0.938598 10.247896
v -3.293546 -0.994418 8.544520
v 2.271295 0.213437 11.827180
v 2.229219 0.211166 11.821845
v -0.905731 -0.460910 7.473276
v 0.466942 0.861697 8.552377
v -4.149181 -0.919642 9.541008
v -4.027982 -0.912149 9.262555
v -0.610995 0.601239 8.518425
v -4.067933 -0.894242 9.666234
v -2.837577 -0.343837 8.133867
v -3.047006 -0.211401 8.280557
v -1.714376 -0.634466 7.686517
v -2.638732 -1.030947 8.159157
v -2.483891 -0.822636 8.005860
v -2.833410 -0.757573 8.163919
v -1.366257 0.179552 7.584563
v -1.119225 0.295650 7.536998
v 2.991635 0.236477 9.481967
v -3.552408 -0.709837 8.703865
v -3.457906 -0.266856 8.637692
v 2.632224 -0.041370 11.980133
v 2.422388 0.197982 12.024444
v 2.839684 0.262874 9.002409
v 2.212792 0.270190 11.754345
v -0.885533 -0.107926 7.455071
v -1.275811 -0.268920 7.515056
v 2.580126 0.147225 12.012299
v -3.610185 -1.339195 9.133703
v -3.883087 -1.174682 9.234717
v -3.368958 -0.548689 8.506249
v 2.656000 0.198061 11.507945
v 2.544532 0.223100 10.850011
v 2.625014 0.189329 11.533679
v 2.471833 0.049666 11.875754
v 2.493311 0.213480 11.427886
v 2.337014 0.117781 11.520194
v 2.531453 0.199929 11.906005
v -1.685644 -0.890925 7.785031
v -1.966372 -1.007216 7.915428
v -2.838841 -1.039973 8.260998
v 2.397543 0.229458 11.889276
v -3.240243 -0.780062 8.442561
v -3.897510 -1.334689 9.429931
v -3.551890 -0.946294 8.783254
v 2.266924 0.675769 8.415316
v 1.797845 -0.193044 8.086828
v 2.339738 0.512812 11.117669
v 2.237823 0.177965 11.906858
v 2.272873 0.335394 11.356484
v 2.157996 0.429560 10.741278
v 1.986169 0.423133 10.439155
v -1.125660 -0.587307 7.539477
v -3.035400 -1.241182 8.491903
v -2.814063 -0.882359 8.185696
v -1.643043 0.461748 7.852133
v -4.107678 -1.003267 9.381575
v 2.676032 -0.025236 12.057364
v -3.912550 -0.644757 9.092181
v 1.458159 -0.246204 7.893018
v 2.477451 0.229282 11.342856
v 2.150171 0.270321 10.554084
v 2.629830 0.094662 11.999904
v 2.301485 0.324729 11.255116
v 2.262358 0.328941 11.721615
v 2.527139 0.246270 11.567851
v 2.412188 0.592622 11.009777
v 2.145938 0.332723 11.656315
v 2.447257 0.217286 11.994225
v 0.407701 -0.197197 7.451367
v 2.348027 0.240029 11.701305
v 2.312082 0.217094 11.843850
v 2.281605 0.180032 11.955985
v 2.703629 0.015397 11.985093
v -1.236578 -1.039757 8.268465
v -1.768101 -1.189956 8.618245
v -2.748261 -1.261821 8.376950
v 2.968961 0.428571 9.328985
v 2.683456 0.046071 11.915225
v -4.112849 -0.864985 9.344204
v 2.700823 -0.045614 11.886941
v 2.658455 0.052871 11.787802
v 2.635251 0.231758 11.478220
v 2.548097 0.099478 12.004643
v 0.180350 0.058030 9.083015
v 2.253705 0.130934 11.744895
v 2.287795 0.306434 11.361478
v 2.173723 0.334212 11.696595
v 2.520992 0.245507 11.595427
v -0.430081 -0.819983 8.471460
v -1.527389 -0.947693 7.795791
v 2.144256 0.674293 8.312600
v 2.266730 0.310009 11.671534
v -2.923870 -1.372054 8.981123
v -2.952411 -1.385178 9.078016
v 2.120426 0.772880 8.357058
v 2.112054 -0.132227 8.304761
v -2.964390 -0.861824 9.633470
v -3.227709 -0.923807 8.468800
v 2.665835 -0.006511 12.078227
v -4.059179 -1.194385 9.483092
v 2.577577 0.146328 11.641892
v 2.286605 0.286807 11.391860
v 2.252172 0.230805 11.499799
v 2.211233 0.219737 11.779117
v 0.852615 -0.572579 8.208755
v 0.117506 -0.310177 7.441980
v -1.285811 -0.713068 7.615560
v -2.321782 -0.992055 9.311940
v 2.603170 0.123166 12.007332
v 2.533871 0.313614 11.463860
v -3.611417 -1.165409 8.952706
v 2.625475 0.651714 8.747577
v -3.773492 -1.156205 9.118324
v -3.920373 -1.242044 9.294685
v 2.669349 -0.022728 11.853634
v 2.486418 0.105990 11.561936
v 2.504055 1.139815 9.664853
v 2.286885 0.282579 11.586272
v 2.221548 0.290696 11.756608
v -3.120573 -0.571991 9.575687
v -3.511212 -1.103426 8.807724
v -3.530157 -0.255647 8.809040
v -3.428207 -0.358901 8.561658
v 2.209930 0.306172 11.726552
v 2.764664 0.825561 10.229168
v -3.966055 -1.290582 9.450933
v -3.985564 -1.164877 9.322124
v 2.633393 0.236718 11.476562
v 2.539054 0.315961 11.232151
v 2.468839 0.810598 10.525377
v 2.470338 0.237740 11.870716
v 2.306861 0.271046 11.725671
v 2.376503 0.244416 11.758706
v 2.679552 0.011235 11.828241
v 2.302766 0.235245 11.806523
v 1.056438 -0.563791 8.576345
v 2.191204 0.197437 11.820086
v 2.876218 0.858392 9.648738
v 2.321296 0.249099 11.664335
v -3.321623 -1.355044 8.975690
v -3.946728 -1.162762 9.288147
v 2.576893 0.666688 10.625086
v 2.387585 0.240298 11.652719
v 2.433844 0.240215 11.900868
v 2.397202 0.151247 11.967574
v 2.437966 0.971071 8.839662
v 1.929780 0.577236 10.333544
v 0.917190 -0.503208 8.055441
v 1.251014 0.110756 9.553730
v 0.537251 -0.227162 7.485447
v 2.542779 0.241345 11.446234
v 0.832862 -0.415795 7.710922
v 2.540798 0.262423 11.445091
v 2.555528 0.034346 11.764935
v 2.620096 0.238007 11.473530
v 2.421532 0.115070 11.562588
v 1.761599 -0.072769 7.975158
v 1.464493 0.570688 9.744501
v 0.677231 -0.604544 8.167358
v 0.452149 -0.520169 7.703702
v -1.038186 -0.961621 8.557707
v 1.050672 -0.571215 8.469303
v -2.365153 -1.268596 8.555172
v 2.594571 0.037724 12.011580
v 2.612404 0.198075 8.651506
v 2.622629 0.156988 11.560151
v -1.627668 0.510997 8.087437
v -2.085968 -0.102191 9.263585
v 2.529887 0.146118 12.036746
v 2.401811 0.101221 11.682923
v 2.206368 0.183298 11.783041
v -2.166034 -0.861569 9.356419
v 0.147226 -0.574361 8.687551
v -1.815075 -1.148194 8.322463
v -2.927096 -0.419792 9.517467
v -3.998553 -0.850770 9.697462
v -3.335820 -1.368495 9.327555
v 2.731344 -0.038470 11.995406
v 2.245987 -0.236800 9.049440
v -3.759866 -0.705331 9.618053
v 2.653422 -0.027900 12.022220
v 2.505337 0.177143 12.051318
v 2.172402 -0.056267 8.290372
v 2.732048 -0.020964 11.978560
v 2.474116 0.108114 11.689928
v 2.708129 0.001616 12.031966
v 2.430045 0.041012 11.827246
v 2.668194 0.065723 11.825336
v 2.314151 0.110315 11.501905
v 2.235888 0.193636 11.919474
v 1.835128 0.191719 10.193383
v 2.510168 -0.111535 9.925641
v -1.437186 -0.990848 7.939798
v 2.617362 0.094392 12.036763
v 1.108697 0.142479 9.455741
v 2.482287 0.226523 11.858095
v 2.481748 0.246801 11.633476
v 2.456967 0.416850 11.275295
v -3.806968 -1.277437 9.614434
v -4.081560 -1.024991 9.622642
v 2.864788 0.445029 10.286580
v 2.251121 0.317587 11.739023
v 2.692286 -0.007286 11.852409
v 2.211176 0.183865 11.678729
v 2.653645 0.193352 11.516675
v 2.321980 0.096921 11.616364
v 1.597186 0.221427 9.941979
v 2.307548 0.060148 10.332479
v 2.623478 0.055070 8.762322
v 2.267130 0.175585 11.956924
v 2.519819 0.069720 8.594328
v 1.263427 -0.017461 7.693702
v 2.924872 0.251736 9.194138
v 2.697648 -0.049115 11.893659
v 0.321449 -0.310433 7.471164
v -0.350103 -0.658402 7.584801
v -1.411800 -1.066211 8.258507
v -2.588918 -1.274470 9.098842
v 2.701515 -0.004891 11.878925
v -2.796529 -1.370508 9.054247
v -3.050245 -1.363157 8.902637
v -3.220312 -1.367394 8.990067
v 2.477385 0.099878 11.555834
v -3.519994 -1.021279 9.734700
v 2.834056 0.203176 10.208100
v 2.982503 0.296251 9.356181
v 2.694890 0.012523 11.846431
v 2.616079 -0.008515 11.996005
v 2.523443 0.176776 11.563465
v 2.577946 0.074876 11.738123
v 2.510122 0.021640 11.766281
v 2.328897 0.107015 11.560444
v 2.154514 0.267837 11.525136
v 0.901611 -0.148478 7.566026
v -0.554349 -0.157131 9.064988
v 2.703870 0.019416 11.912200
v -2.527243 -1.338022 8.932913
v -3.457823 -1.312834 9.457041
v 2.718512 -0.033438 11.954293
v 2.530797 0.321467 11.352550
v 2.526845 0.292894 11.497085
v 2.660361 -0.061095 11.985659
v 2.287747 0.287783 10.970086
v 2.156397 0.331958 11.666261
v 2.052033 -0.296439 8.866855
v 1.750504 -0.215616 9.474402
v 2.667310 0.015258 12.084346
v 1.301822 -0.093698 9.442893
v 0.638440 -0.557452 8.642175
v -2.090027 -1.256212 8.680225
v 2.432593 0.134993 11.508098
v 2.304061 0.123781 11.434470
v 2.481678 0.241909 11.191840
v 2.645959 0.249427 10.600480
v 2.503879 0.368062 11.401959
v 2.634017 -0.068244 11.906513
v 2.568354 0.952231 10.262848
v 2.466510 0.178143 11.493953
v 2.474928 0.390211 11.417209
v 2.341821 0.204528 11.898184
v 2.301199 0.352088 11.732626
v 2.295376 0.314614 11.539387
v 2.251252 0.295922 11.763498
v 2.440932 0.128298 11.950766
v 2.462898 0.048289 11.744750
v 2.205062 0.912529 10.135183
v 2.204728 0.362189 10.890620
v 2.328844 0.237689 11.317964
v 2.290687 0.116531 11.541889
v 2.211056 0.303404 11.438639
v 2.150132 0.357548 10.702461
v 2.018297 0.036743 10.145588
v 2.837541 0.500818 8.985464
v 0.584274 -0.091348 7.467353
v 0.264488 -0.630742 7.918636
v 2.513339 0.268763 11.222401
v -0.870653 -0.852050 8.647691
v -1.155941 -0.774499 7.625635
v 2.749744 0.370236 10.517767
v 2.852480 0.164047 9.078946
v 2.589253 0.124355 11.638765
v 2.623352 0.038258 11.779194
v 2.605505 -0.017657 11.829095
v 2.418718 0.045585 11.737162
v 2.405005 0.042749 11.730784
v 2.266579 0.181403 11.965391
v -0.508332 -0.545782 8.889772
v 2.524405 0.230827 11.546289
v 2.293113 0.111128 11.436689
v 2.210528 0.175930 11.763862
v 2.653521 0.385342 10.748785
v 0.886621 -0.276078 7.619113
v -1.342530 0.555883 8.236927
v 2.282582 0.340911 11.734794
v -0.270940 -0.598861 7.528433
v 2.381657 0.456451 11.319927
v -1.264580 -0.805020 8.922619
v -1.504328 -1.079842 8.653417
v -1.997589 -1.123805 8.082421
v 2.961443 0.659807 9.983619
v 2.539307 0.981993 8.977905
v 3.006000 0.231382 9.676543
v 2.852694 0.062044 9.419587
v 2.488271 0.091300 11.715173
v -0.689140 -0.937568 8.266456
v -2.669207 -1.338985 9.044934
v 2.447173 0.095722 11.703195
v 2.543340 -0.044048 11.865684
v 2.352071 0.156012 11.964440
v 2.359693 0.111419 11.891149
v 2.364333 0.139990 11.493338
v 2.354707 0.109046 11.594956
v 2.550084 -0.053204 10.099656
v -2.323688 -0.678433 9.495354
v 1.719357 -0.271251 8.156492
v -0.504757 -0.511505 7.459932
v -0.711317 -0.586252 7.495036
v 2.001566 -0.275020 8.618011
v -3.287247 -1.077521 9.628268
v 2.292592 -0.203333 9.676421
v 0.601974 0.953790 8.371997
v 2.493496 0.068364 11.734270
v 2.912225 0.756343 9.996656
v 2.465094 -0.154964 9.726141
v 2.652734 0.051919 12.056999
v 2.393327 0.179795 11.443902
v 2.352764 0.036719 8.409237
v 2.289815 -0.077497 8.437580
v 2.588666 0.252008 11.455761
v 2.607916 0.366194 10.936546
v 2.499619 -0.007203 11.857623
v 1.721013 -0.122110 9.661805
v 2.457436 0.397802 11.454765
v 1.094538 -0.063657 9.371575
v 1.207075 -0.322854 7.810824
v 1.244239 -0.445135 8.200794
v 2.463895 1.152416 9.433807
v 0.150575 -0.721368 8.129938
v -1.050506 -0.967007 8.105276
v -2.429883 -1.193844 8.192082
v -3.731642 -1.277766 9.142937
v 2.763835 1.003062 9.716588
v 2.210744 0.159698 8.251409
v 2.905014 0.434403 9.124048
v 2.983155 0.189346 9.762527
v 2.609527 0.239182 11.469921
v 2.645862 0.092984 11.794753
v 2.712361 -0.052323 11.969772
v 2.475510 0.192322 11.471326
v 2.427294 0.162365 11.476014
v 2.411027 0.115076 11.612489
v 2.565445 0.109246 10.427413
v 2.362531 0.163597 11.453446
v 2.259259 0.184799 11.974445
v 2.743019 0.196084 8.848807
v 2.334675 0.075735 11.709556
v 2.298241 0.158762 11.388178
v 2.211260 0.173134 11.687042
v 2.218460 0.161708 11.674213
v 2.475590 -0.063753 10.136359
v 2.409162 -0.161386 9.816843
v 2.717405 -0.054553 12.030809
v 2.161680 -0.245055 9.534360
v 2.632122 0.031762 12.079930
v 2.519624 0.122731 11.589808
v 1.839955 -0.343714 9.177438
v 2.885888 0.269442 10.196622
v 2.460893 0.190147 11.444943
v 2.592789 0.143669 11.859219
v 2.577781 0.158839 11.815344
v 2.761444 0.745156 10.316797
v 2.536751 0.240238 11.467637
v 0.088051 -0.503746 8.796415
v 2.509876 0.362333 11.287065
v 2.517811 0.225092 11.448413
v 3.018973 0.387106 9.615242
v 2.382253 0.208769 11.926837
v 2.330536 0.244883 11.736459
v 2.365506 0.767994 10.566962
v 2.504729 0.216504 11.502058
v -0.418135 -0.427821 8.988801
v -1.287685 -0.862715 7.694180
v -2.322942 -0.760246 9.495585
v 2.508824 0.278343 11.286286
v 2.725424 0.184941 10.362482
v 2.955170 0.145820 9.561425
v 2.538250 0.004829 11.783512
v 1.351639 0.705851 9.502828
v 2.310926 0.107373 11.530237
v 2.126711 0.364173 10.630985
v 2.520462 0.269187 11.549232
v 2.215716 0.107736 10.369137
v 2.339940 0.000043 10.240937
v 2.445612 -0.069461 8.677896
v 2.519349 0.285174 11.380414
v 3.006974 0.421232 9.950885
v 1.895488 -0.148574 9.703473
v 1.876123 -0.256712 9.421005
v 1.421051 -0.128132 9.453904
v 2.146535 0.294267 11.546032
v 0.503689 -0.117127 9.150538
v 0.759296 -0.478830 7.827928
v -0.331308 -0.321456 9.050145
v -3.268121 -1.309098 8.732796
v 2.477617 0.544735 11.025479
v -1.739871 -0.039524 9.168009
v 3.005485 0.289860 9.853095
v 2.529409 0.326198 11.299171
v 2.514290 0.291234 11.545499
v 2.314449 0.359239 11.734924
v 2.610968 0.141354 11.927425
v 2.510602 0.243733 11.414988
v 2.668686 0.000445 12.087987
v 2.527985 0.116600 11.642058
v 2.238589 0.317671 11.651368
v 2.508523 0.126472 11.574603
v -3.213509 -1.141709 9.532197
v 2.935742 0.158215 9.279908
v 2.487997 0.113619 11.649106
v 2.334062 0.187769 11.379935
v 2.358626 0.093102 11.674553
v 2.290736 0.147439 11.933125
v 2.247444 0.138364 11.810022
v 2.399237 0.479450 11.230238
v 2.317546 0.115390 10.427007
v 2.460638 0.125575 8.481451
v 2.555539 -0.114597 9.712040
v 2.300195 0.263421 11.620114
v 2.618932 -0.024897 8.957169
v 2.431557 -0.115459 10.002566
v 2.352830 -0.013778 8.451448
v 2.125464 -0.096222 9.943245
v 2.288612 -0.237422 9.248627
v 2.682726 0.800368 10.351301
v 1.641110 -0.254759 8.037098
v 2.412737 0.286530 11.562583
v 2.286913 0.298439 11.561414
v 0.421386 -0.647118 8.094631
v -0.017519 -0.627524 8.644607
v -0.401457 -0.853272 8.374008
v 2.305573 0.163823 11.948229
v -0.541805 -0.873629 8.122117
v -0.936974 -0.999365 8.365220
v 2.712576 1.030468 9.504680
v 2.369844 0.212470 11.892249
v 2.325908 0.167749 11.958168
v -3.248173 -1.329337 9.367450
v 2.568905 1.116948 9.638739
v -0.921135 -0.572786 9.018066
v -1.495005 -0.389592 9.226362
v -0.582482 -0.409081 9.043949
v 0.214280 -0.244807 9.062624
v 2.521747 0.292515 11.526012
v 2.523864 0.307234 11.312721
v 2.962301 0.284413 10.032429
v 2.523839 0.287211 11.242274
v -0.855558 -0.369771 9.107820
v 2.506780 0.213744 11.483458
v 2.487213 0.219861 11.398268
v 0.458201 -0.365701 8.924360
v 2.624905 0.422989 10.824714
v 2.543016 0.177745 11.844198
v 2.313077 0.441493 8.357415
v 2.832074 0.693363 10.250640
v 2.581058 0.137974 12.028793
v 1.954732 -0.358984 9.041939
v 0.563570 -0.533120 7.845114
v 1.899756 -0.215590 8.215276
v -4.015179 -1.252339 9.510569
v 2.565361 1.021995 10.136142
v 2.296808 -0.226470 9.579740
v 2.580986 0.025577 11.978230
v 2.834210 0.668403 9.103198
v 2.556894 0.381783 8.579048
v 2.792484 0.606316 8.963299
v 2.284056 0.301535 11.755627
v 2.494732 0.264265 11.596767
v 2.580148 0.162789 11.992739
v -2.874720 0.103724 8.417466
v 2.502182 0.262919 11.364808
v 2.304933 0.238984 11.333365
v 2.488793 0.114486 11.604111
v 2.687326 -0.045586 11.885103
v 2.334564 0.153984 11.433405
v 2.663299 0.071140 11.904600
v 2.298941 0.117414 11.493523
v 2.899586 0.600447 10.174893
# 2500 vertices
vt 0.909383 0.941490 0
vt 0.618769 0.850203 0
vt 0.592974 0.089527 0
vt 0.707931 0.950135 0
vt 0.584407 0.388253 0
vt 0.942751 0.947755 0
vt 0.912181 0.939539 0
vt 0.932472 0.951606 0
vt 0.916697 0.943166 0
vt 0.186073 0.388496 0
vt 0.647329 0.534730 0
vt 0.496310 0.605644 0
vt 0.968839 0.958048 0
vt 0.935141 0.947644 0
vt 0.485916 0.340178 0
vt 0.951097 0.947926 0
vt 0.310474 0.182790 0
vt 0.966838 0.961099 0
vt 0.974770 0.952289 0
vt 0.570524 0.353965 0
vt 0.517944 0.695604 0
vt 0.264016 0.719918 0
vt 0.776822 0.963251 0
vt 0.488206 0.641132 0
vt 0.608658 0.345352 0
vt 0.592363 0.329267 0
vt 0.185942 0.393239 0
vt 0.838327 0.808930 0
vt 0.958980 0.944427 0
vt 0.507459 0.309438 0
vt 0.271415 0.225598 0
vt 0.901519 0.938478 0
vt 0.510882 0.227041 0
vt 0.609365 0.317433 0
vt 0.282399 0.983316 0
vt 0.947129 0.948934 0
vt 0.804391 0.848083 0
vt 0.908670 0.933368 0
vt 0.804262 0.601602 0
vt 0.320584 0.752527 0
vt 0.570694 0.398092 0
vt 0.629418 0.866648 0
vt 0.030238 0.720611 0
vt 0.269110 0.784752 0
vt 0.193344 0.366373 0
vt 0.953970 0.963776 0
vt 0.509235 0.657618 0
vt 0.179867 0.640041 0
vt 0.500796 0.592265 0
vt 0.596620 0.336252 0
vt 0.563914 0.450410 0
vt 0.552340 0.442280 0
vt 0.382080 0.752982 0
vt 0.557714 0.443346 0
vt 0.933847 0.944927 0
vt 0.904421 0.924423 0
vt 0.252788 0.996727 0
vt 0.810862 0.598593 0
vt 0.599779 0.300786 0
vt 0.613738 0.357126 0
vt 0.185932 0.396383 0
vt 0.800660 0.599394 0
vt 0.822510 0.578542 0
vt 0.560334 0.546140 0
vt 0.950864 0.936285 0
vt 0.892020 0.923990 0
vt 0.806670 0.853541 0
vt 0.501690 0.220492 0
vt 0.215739 0.632027 0
vt 0.265563 0.832158 0
vt 0.593192 0.350016 0
vt 0.168842 0.317237 0
vt 0.509578 0.316036 0
vt 0.593470 0.346312 0
vt 0.555832 0.440561 0
vt 0.967585 0.949020 0
vt 0.884201 0.922239 0
vt 0.249066 0.384615 0
vt 0.665583 0.590097 0
vt 0.024267 0.612352 0
vt 0.128930 0.287827 0
vt 0.509643 0.308486 0
vt 0.903654 0.937734 0
vt 0.811583 0.834925 0
vt 0.538218 0.228027 0
vt 0.764962 0.514478 0
vt 0.623051 0.885974 0
vt 0.809923 0.828269 0
vt 0.935935 0.951447 0
vt 0.973145 0.971598 0
vt 0.587272 0.402347 0
vt 0.557338 0.961347 0
vt 0.678375 0.797496 0
vt 0.959054 0.970493 0
vt 0.814064 0.866508 0
vt 0.196623 0.333677 0
vt 0.979066 0.948639 0
vt 0.650795 0.542296 0
vt 0.610311 0.310331 0
vt 0.812231 0.940783 0
vt 0.762275 0.628087 0
vt 0.252885 0.826676 0
vt 0.681876 0.556578 0
vt 0.009518 0.738589 0
vt 0.581928 0.421779 0
vt 0.563450 0.516729 0
vt 0.957238 0.941723 0
vt 0.906882 0.938621 0
vt 0.014081 0.935060 0
vt 0.142123 0.275492 0
vt 0.687213 0.555792 0
vt 0.887957 0.925844 0
vt 0.554737 0.227282 0
vt 0.655996 0.485606 0
vt 0.828347 0.861583 0
vt 0.505453 0.222492 0
vt 0.975672 0.947391 0
vt 0.798347 0.622991 0
vt 0.902902 0.928290 0
vt 0.824964 0.929385 0
vt 0.773774 0.639740 0
vt 0.264523 0.838931 0
vt 0.613624 0.451559 0
vt 0.519897 0.217548 0
vt 0.486604 0.648432 0
vt 0.815161 0.593198 0
vt 0.890347 0.920892 0
vt 0.278889 0.987688 0
vt 0.951391 0.952003 0
vt 0.916109 0.530412 0
vt 0.530468 0.086689 0
vt 0.539720 0.153993 0
vt 0.952666 0.937029 0
vt 0.509474 0.314924 0
vt 0.592807 0.348985 0
vt 0.498052 0.614605 0
vt 0.585650 0.378040 0
vt 0.498384 0.236898 0
vt 0.941433 0.957784 0
vt 0.757242 0.967819 0
vt 0.506895 0.401849 0
vt 0.915141 0.931560 0
vt 0.830233 0.579641 0
vt 0.648001 0.512299 0
vt 0.605252 0.328337 0
vt 0.864171 0.619095 0
vt 0.537175 0.944735 0
vt 0.478180 0.538311 0
vt 0.658849 0.746288 0
vt 0.820389 0.811175 0
vt 0.607809 0.736208 0
vt 0.975310 0.963120 0
vt 0.895287 0.926395 0
vt 0.514855 0.226108 0
vt 0.602485 0.299209 0
vt 0.562956 0.561143 0
vt 0.553072 0.222342 0
vt 0.804616 0.859640 0
vt 0.048003 0.712568 0
vt 0.645490 0.857651 0
vt 0.605841 0.322573 0
vt 0.484524 0.584819 0
vt 0.802422 0.615092 0
vt 0.941957 0.936023 0
vt 0.899124 0.927602 0
vt 0.844065 0.982135 0
vt 0.898337 0.942317 0
vt 0.930254 0.946851 0
vt 0.900886 0.923593 0
vt 0.813349 0.600698 0
vt 0.677467 0.540534 0
vt 0.552121 0.196041 0
vt 0.123564 0.885433 0
vt 0.888125 0.929598 0
vt 0.587598 0.327882 0
vt 0.795747 0.908473 0
vt 0.944837 0.944783 0
vt 0.796848 0.631867 0
vt 0.191722 0.399133 0
vt 0.544149 0.697927 0
vt 0.305524 0.969321 0
vt 0.610620 0.323074 0
vt 0.892129 0.921428 0
vt 0.519938 0.495974 0
vt 0.624322 0.047401 0
vt 0.000806 0.601325 0
vt 0.765232 0.883215 0
vt 0.239904 0.999336 0
vt 0.947508 0.934338 0
vt 0.562870 0.542705 0
vt 0.485790 0.589998 0
vt 0.634935 0.529303 0
vt 0.562203 0.969345 0
vt 0.911168 0.929375 0
vt 0.735772 0.605117 0
vt 0.059058 0.169607 0
vt 0.244443 0.980920 0
vt 0.095642 0.326453 0
vt 0.628892 0.448895 0
vt 0.838952 0.417064 0
vt 0.232540 0.967384 0
vt 0.279221 0.057226 0
vt 0.648524 0.846236 0
vt 0.600033 0.293312 0
vt 0.643455 0.490106 0
vt 0.599263 0.326540 0
vt 0.558058 0.449009 0
vt 0.552065 0.684300 0
vt 0.606426 0.312428 0
vt 0.765065 0.489783 0
vt 0.845664 0.512615 0
vt 0.597869 0.895635 0
vt 0.564419 0.548789 0
vt 0.653417 0.487954 0
vt 0.139313 0.368206 0
vt 0.284624 0.899254 0
vt 0.534199 0.233975 0
vt 0.514104 0.677916 0
vt 0.007260 0.755118 0
vt 0.832019 0.589379 0
vt 0.581610 0.202752 0
vt 0.520934 0.909856 0
vt 0.783269 0.554777 0
vt 0.264224 0.897276 0
vt 0.220423 0.341112 0
vt 0.505256 0.306123 0
vt 0.500508 0.237114 0
vt 0.597450 0.304764 0
vt 0.543852 0.536306 0
vt 0.601221 0.339394 0
vt 0.811824 0.638905 0
vt 0.291182 0.043210 0
vt 0.511391 0.236194 0
vt 0.509656 0.356139 0
vt 0.173942 0.376525 0
vt 0.275818 0.229189 0
vt 0.791625 0.484068 0
vt 0.308473 0.025841 0
vt 0.737467 0.613225 0
vt 0.741101 0.982675 0
vt 0.804753 0.612695 0
vt 0.603444 0.318363 0
vt 0.680576 0.637146 0
vt 0.546984 0.475672 0
vt 0.478103 0.604296 0
vt 0.969639 0.639648 0
vt 0.835343 0.986486 0
vt 0.538754 0.697783 0
vt 0.493081 0.223054 0
vt 0.401570 0.764187 0
vt 0.723440 0.952138 0
vt 0.626574 0.978512 0
vt 0.252486 0.199638 0
vt 0.270498 0.229182 0
vt 0.847933 0.980272 0
vt 0.500710 0.593812 0
vt 0.636324 0.517254 0
vt 0.745170 0.566703 0
vt 0.500466 0.628267 0
vt 0.666741 0.511626 0
vt 0.286476 0.901098 0
vt 0.655205 0.490014 0
vt 0.048223 0.553299 0
vt 0.980654 0.965570 0
vt 0.606110 0.452581 0
vt 0.600757 0.342667 0
vt 0.824189 0.803471 0
vt 0.810298 0.863847 0
vt 0.235912 0.896092 0
vt 0.159648 0.324120 0
vt 0.807923 0.597183 0
vt 0.715115 0.919218 0
vt 0.930121 0.949708 0
vt 0.549420 0.689218 0
vt 0.551970 0.444138 0
vt 0.184943 0.392078 0
vt 0.563218 0.451796 0
vt 0.105689 0.071317 0
vt 0.485227 0.627673 0
vt 0.760317 0.535028 0
vt 0.812519 0.860596 0
vt 0.889509 0.930931 0
vt 0.801239 0.603529 0
vt 0.952433 0.957353 0
vt 0.146906 0.486851 0
vt 0.956796 0.953402 0
vt 0.957229 0.961349 0
vt 0.585170 0.453566 0
vt 0.090751 0.732196 0
vt 0.594325 0.317668 0
vt 0.606832 0.321129 0
vt 0.492544 0.584159 0
vt 0.956526 0.957661 0
vt 0.516160 0.695872 0
vt 0.599733 0.443427 0
vt 0.691046 0.639276 0
vt 0.850104 0.987348 0
vt 0.232485 0.977100 0
vt 0.486589 0.623334 0
vt 0.620286 0.394910 0
vt 0.231674 0.920118 0
vt 0.836026 0.904752 0
vt 0.940226 0.950055 0
vt 0.610135 0.731832 0
vt 0.703157 0.726861 0
vt 0.758752 0.544140 0
vt 0.485125 0.636423 0
vt 0.599549 0.311024 0
vt 0.647368 0.978952 0
vt 0.587414 0.325824 0
vt 0.117744 0.768557 0
vt 0.901231 0.994419 0
vt 0.511133 0.662742 0
vt 0.502310 0.231609 0
vt 0.958569 0.939993 0
vt 0.951552 0.942844 0
vt 0.609729 0.143197 0
vt 0.179791 0.641494 0
vt 0.121213 0.771554 0
vt 0.872701 0.929556 0
vt 0.800294 0.610891 0
vt 0.628369 0.801088 0
vt 0.907017 0.945679 0
vt 0.566130 0.172223 0
vt 0.393425 0.598886 0
vt 0.653087 0.822465 0
vt 0.795702 0.629915 0
vt 0.942783 0.945810 0
vt 0.057324 0.760923 0
vt 0.593667 0.334301 0
vt 0.947321 0.954828 0
vt 0.963053 0.960202 0
vt 0.948940 0.947352 0
vt 0.483762 0.339505 0
vt 0.165285 0.948359 0
vt 0.301821 0.332764 0
vt 0.602623 0.324217 0
vt 0.055462 0.306500 0
vt 0.733814 0.606949 0
vt 0.912948 0.931318 0
vt 0.830185 0.577481 0
vt 0.502430 0.223985 0
vt 0.892589 0.954779 0
vt 0.382075 0.584687 0
vt 0.586301 0.336128 0
vt 0.798353 0.605973 0
vt 0.146122 0.326483 0
vt 0.932455 0.939244 0
vt 0.624149 0.392682 0
vt 0.605632 0.302987 0
vt 0.972912 0.967422 0
vt 0.526798 0.220151 0
vt 0.895953 0.970321 0
vt 0.366585 0.588653 0
vt 0.206165 0.076196 0
vt 0.790848 0.746584 0
vt 0.682538 0.550391 0
vt 0.659976 0.790592 0
vt 0.671906 0.586966 0
vt 0.189574 0.743139 0
vt 0.232434 0.973341 0
vt 0.486463 0.619752 0
vt 0.920304 0.945848 0
vt 0.639563 0.490850 0
vt 0.561769 0.945015 0
vt 0.965725 0.954984 0
vt 0.956430 0.963410 0
vt 0.796352 0.763927 0
vt 0.480989 0.636526 0
vt 0.755545 0.543885 0
vt 0.201618 0.754465 0
vt 0.593071 0.303398 0
vt 0.956948 0.943804 0
vt 0.958207 0.959262 0
vt 0.743732 0.963519 0
vt 0.933382 0.834343 0
vt 0.656992 0.916512 0
vt 0.933254 0.942083 0
vt 0.562769 0.444105 0
vt 0.889245 0.932914 0
vt 0.932909 0.946858 0
vt 0.230203 0.890831 0
vt 0.581253 0.355524 0
vt 0.584189 0.562702 0
vt 0.726402 0.602140 0
vt 0.300120 0.031783 0
vt 0.821637 0.781520 0
vt 0.678338 0.561099 0
vt 0.501366 0.628389 0
vt 0.742879 0.539952 0
vt 0.508663 0.237647 0
vt 0.746073 0.566831 0
vt 0.736433 0.910542 0
vt 0.614703 0.916844 0
vt 0.617419 0.398822 0
vt 0.903266 0.933538 0
vt 0.577967 0.337738 0
vt 0.595674 0.333901 0
vt 0.499547 0.634883 0
vt 0.711381 0.971901 0
vt 0.880086 0.919855 0
vt 0.558146 0.441249 0
vt 0.952850 0.948895 0
vt 0.552849 0.628076 0
vt 0.574111 0.463018 0
vt 0.902605 0.989675 0
vt 0.507758 0.313683 0
vt 0.479823 0.558443 0
vt 0.590672 0.347914 0
vt 0.267738 0.831695 0
vt 0.332259 0.543754 0
vt 0.492363 0.606630 0
vt 0.904985 0.926589 0
vt 0.251139 0.780828 0
vt 0.137143 0.338579 0
vt 0.954790 0.955495 0
vt 0.039935 0.497322 0
vt 0.276843 0.896791 0
vt 0.259576 0.220143 0
vt 0.964132 0.961972 0
vt 0.880263 0.924671 0
vt 0.550451 0.284707 0
vt 0.302123 0.428087 0
vt 0.104566 0.886300 0
vt 0.947911 0.952885 0
vt 0.277974 0.984326 0
vt 0.237237 0.373892 0
vt 0.489237 0.585922 0
vt 0.244903 0.767508 0
vt 0.293579 0.790881 0
vt 0.629950 0.219519 0
vt 0.588295 0.316376 0
vt 0.543953 0.532705 0
vt 0.176224 0.396807 0
vt 0.648435 0.529020 0
vt 0.519763 0.237169 0
vt 0.663510 0.748419 0
vt 0.490062 0.577832 0
vt 0.806470 0.608255 0
vt 0.049116 0.292138 0
vt 0.813702 0.407727 0
vt 0.172658 0.356536 0
vt 0.546337 0.668827 0
vt 0.586174 0.984610 0
vt 0.065797 0.283269 0
vt 0.484673 0.572046 0
vt 0.537665 0.224260 0
vt 0.289076 0.277715 0
vt 0.096738 0.281854 0
vt 0.562096 0.445492 0
vt 0.888525 0.934304 0
vt 0.554890 0.530568 0
vt 0.537648 0.219308 0
vt 0.615357 0.451621 0
vt 0.521179 0.219476 0
vt 0.253656 0.212757 0
vt 0.561461 0.543598 0
vt 0.948340 0.935417 0
vt 0.947528 0.941014 0
vt 0.247518 0.831861 0
vt 0.817225 0.946626 0
vt 0.448525 0.794467 0
vt 0.697882 0.627369 0
vt 0.542033 0.514841 0
vt 0.900829 0.942628 0
vt 0.846557 0.982350 0
vt 0.598125 0.316604 0
vt 0.533888 0.198630 0
vt 0.111392 0.246959 0
vt 0.123878 0.663256 0
vt 0.119890 0.285641 0
vt 0.808392 0.603200 0
vt 0.897843 0.931743 0
vt 0.561414 0.555277 0
vt 0.492044 0.608604 0
vt 0.591245 0.337689 0
vt 0.491444 0.641742 0
vt 0.144415 0.349309 0
vt 0.419464 0.791829 0
vt 0.191526 0.325075 0
vt 0.836298 0.433276 0
vt 0.881743 0.696661 0
vt 0.515177 0.420870 0
vt 0.618781 0.434189 0
vt 0.086005 0.180956 0
vt 0.594816 0.297705 0
vt 0.562839 0.441512 0
vt 0.897508 0.939794 0
vt 0.831739 0.866777 0
vt 0.979107 0.964985 0
vt 0.881420 0.976053 0
vt 0.358684 0.574258 0
vt 0.598971 0.697631 0
vt 0.438575 0.811032 0
vt 0.147686 0.163262 0
vt 0.536241 0.222973 0
vt 0.962715 0.942352 0
vt 0.729410 0.633076 0
vt 0.587837 0.724008 0
vt 0.426405 0.829139 0
vt 0.229811 0.885298 0
vt 0.660074 0.516299 0
vt 0.187565 0.326159 0
vt 0.577959 0.345582 0
vt 0.540639 0.161127 0
vt 0.956944 0.934285 0
vt 0.445855 0.854141 0
vt 0.524215 0.459981 0
vt 0.797734 0.511753 0
vt 0.753999 0.548277 0
vt 0.283580 0.842209 0
vt 0.791895 0.500888 0
vt 0.646098 0.599605 0
vt 0.251497 0.223826 0
vt 0.635117 0.523905 0
vt 0.615520 0.809371 0
vt 0.126950 0.188478 0
vt 0.596639 0.319526 0
vt 0.674854 0.939787 0
vt 0.912204 0.850507 0
vt 0.559371 0.078258 0
vt 0.814588 0.520977 0
vt 0.464304 0.858673 0
vt 0.032685 0.745194 0
vt 0.044579 0.575390 0
vt 0.235138 0.062558 0
vt 0.898307 0.925338 0
vt 0.484399 0.616113 0
vt 0.497390 0.625930 0
vt 0.977567 0.971108 0
vt 0.177705 0.273888 0
vt 0.511759 0.217622 0
vt 0.918705 0.945359 0
vt 0.638819 0.488966 0
vt 0.601490 0.420344 0
vt 0.605610 0.446207 0
vt 0.292839 0.192387 0
vt 0.965232 0.943774 0
vt 0.725430 0.829766 0
vt 0.189858 0.398356 0
vt 0.544692 0.695504 0
vt 0.950600 0.957892 0
vt 0.664104 0.582191 0
vt 0.496372 0.230649 0
vt 0.087109 0.764196 0
vt 0.508905 0.311299 0
vt 0.253738 0.197936 0
vt 0.903040 0.940008 0
vt 0.272009 0.227516 0
vt 0.749946 0.590971 0
vt 0.521733 0.234082 0
vt 0.144103 0.284145 0
vt 0.300989 0.367041 0
vt 0.518664 0.136940 0
vt 0.479164 0.283038 0
vt 0.919517 0.798425 0
vt 0.621982 0.925591 0
vt 0.976879 0.959108 0
vt 0.597100 0.322894 0
vt 0.545061 0.489226 0
vt 0.120315 0.276312 0
vt 0.283172 0.320399 0
vt 0.598136 0.906455 0
vt 0.484934 0.224672 0
vt 0.544835 0.516469 0
vt 0.020525 0.565232 0
vt 0.136948 0.759904 0
vt 0.636785 0.793389 0
vt 0.615025 0.826174 0
vt 0.256910 0.224697 0
vt 0.595818 0.328443 0
vt 0.756188 0.539710 0
vt 0.491643 0.631631 0
vt 0.845562 0.433781 0
vt 0.591590 0.339845 0
vt 0.575705 0.417059 0
vt 0.748691 0.537894 0
vt 0.812651 0.576776 0
vt 0.546065 0.155840 0
vt 0.580830 0.352437 0
vt 0.546158 0.224545 0
vt 0.669719 0.590507 0
vt 0.564723 0.369133 0
vt 0.289986 0.902112 0
vt 0.551524 0.449175 0
vt 0.549968 0.157247 0
vt 0.884789 0.927273 0
vt 0.584578 0.330413 0
vt 0.534725 0.085342 0
vt 0.816607 0.574933 0
vt 0.543844 0.152101 0
vt 0.178542 0.644670 0
vt 0.182144 0.064160 0
vt 0.282784 0.606865 0
vt 0.500067 0.650905 0
vt 0.622680 0.391804 0
vt 0.593373 0.313492 0
vt 0.179160 0.452162 0
vt 0.325820 0.648133 0
vt 0.229665 0.368213 0
vt 0.425653 0.535066 0
vt 0.139638 0.326508 0
vt 0.180975 0.700192 0
vt 0.231459 0.325059 0
vt 0.860669 0.531075 0
vt 0.087468 0.222375 0
vt 0.504621 0.307730 0
vt 0.586850 0.379569 0
vt 0.572341 0.904583 0
vt 0.757319 0.548481 0
vt 0.518846 0.286019 0
vt 0.695669 0.616865 0
vt 0.295685 0.550257 0
vt 0.174630 0.399372 0
vt 0.502349 0.638100 0
vt 0.517145 0.238274 0
vt 0.574560 0.336861 0
vt 0.450953 0.824516 0
vt 0.609902 0.711981 0
vt 0.298914 0.890333 0
vt 0.551798 0.599239 0
vt 0.181208 0.367213 0
vt 0.604816 0.402919 0
vt 0.159607 0.320875 0
vt 0.644884 0.606609 0
vt 0.557996 0.561371 0
vt 0.608006 0.329167 0
vt 0.832889 0.857062 0
vt 0.537431 0.161464 0
vt 0.744808 0.568187 0
vt 0.244538 0.387670 0
vt 0.192132 0.639965 0
vt 0.528891 0.236178 0
vt 0.899019 0.918599 0
vt 0.957776 0.965569 0
vt 0.179908 0.294022 0
vt 0.403983 0.750960 0
vt 0.664329 0.611132 0
vt 0.589257 0.322766 0
vt 0.590926 0.332977 0
vt 0.590183 0.411211 0
vt 0.667322 0.607966 0
vt 0.586223 0.319590 0
vt 0.603718 0.321289 0
vt 0.604251 0.449949 0
vt 0.599291 0.345322 0
vt 0.618876 0.443217 0
vt 0.584110 0.390296 0
vt 0.942398 0.949659 0
vt 0.594406 0.337471 0
vt 0.641163 0.599272 0
vt 0.603569 0.384989 0
vt 0.506463 0.213631 0
vt 0.248557 0.213551 0
vt 0.639071 0.504409 0
vt 0.228941 0.376559 0
vt 0.560481 0.619248 0
vt 0.635008 0.515499 0
vt 0.643580 0.603443 0
vt 0.604810 0.330026 0
vt 0.949801 0.959907 0
vt 0.487465 0.646009 0
vt 0.539898 0.229401 0
vt 0.839987 0.983294 0
vt 0.189162 0.395801 0
vt 0.587730 0.300025 0
vt 0.653812 0.486149 0
vt 0.554370 0.229032 0
vt 0.498533 0.574096 0
vt 0.771693 0.611536 0
vt 0.528081 0.888551 0
vt 0.847556 0.845675 0
vt 0.804153 0.862589 0
vt 0.579748 0.383487 0
vt 0.553828 0.224902 0
vt 0.486352 0.831440 0
vt 0.643790 0.722099 0
vt 0.927316 0.944452 0
vt 0.655934 0.610192 0
vt 0.183172 0.716517 0
vt 0.623829 0.067561 0
vt 0.188915 0.728413 0
vt 0.133007 0.319110 0
vt 0.187278 0.694414 0
vt 0.602299 0.306732 0
vt 0.891559 0.828824 0
vt 0.541299 0.093647 0
vt 0.006586 0.544589 0
vt 0.249624 0.941170 0
vt 0.772329 0.597885 0
vt 0.560711 0.439791 0
vt 0.076286 0.342566 0
vt 0.248388 0.966805 0
vt 0.888863 0.759672 0
vt 0.507939 0.225265 0
vt 0.167634 0.957639 0
vt 0.311977 0.725116 0
vt 0.383475 0.739101 0
vt 0.299820 0.254871 0
vt 0.257646 0.226328 0
vt 0.850076 0.967704 0
vt 0.519299 0.230267 0
vt 0.536698 0.688883 0
vt 0.978610 0.957809 0
vt 0.732982 0.803175 0
vt 0.670220 0.790926 0
vt 0.814412 0.608115 0
vt 0.636520 0.521455 0
vt 0.500052 0.598168 0
vt 0.043980 0.519148 0
vt 0.253329 0.333188 0
vt 0.413060 0.587858 0
vt 0.488597 0.632007 0
vt 0.842057 0.434299 0
vt 0.457057 0.779548 0
vt 0.748999 0.812406 0
vt 0.152284 0.407581 0
vt 0.540809 0.693413 0
vt 0.202703 0.053754 0
vt 0.187307 0.666600 0
vt 0.767519 0.990595 0
vt 0.299617 0.452399 0
vt 0.185631 0.571555 0
vt 0.117420 0.284394 0
vt 0.675148 0.583884 0
vt 0.657602 0.609558 0
vt 0.926772 0.942791 0
vt 0.087686 0.638588 0
vt 0.783268 0.415812 0
vt 0.945215 0.951067 0
vt 0.280041 0.981569 0
vt 0.443638 0.785849 0
vt 0.804198 0.827538 0
vt 0.808393 0.535130 0
vt 0.521076 0.479720 0
vt 0.884515 0.932320 0
vt 0.171959 0.153612 0
vt 0.619715 0.340458 0
vt 0.928141 0.955186 0
vt 0.744720 0.346268 0
vt 0.674249 0.815127 0
vt 0.590485 0.413313 0
vt 0.591423 0.335154 0
vt 0.192966 0.481482 0
vt 0.156729 0.134662 0
vt 0.896097 0.932561 0
vt 0.709431 0.336942 0
vt 0.615664 0.390883 0
vt 0.532019 0.078346 0
vt 0.166047 0.295036 0
vt 0.594099 0.327465 0
vt 0.590484 0.331023 0
vt 0.606843 0.347167 0
vt 0.690386 0.550785 0
vt 0.935865 0.956001 0
vt 0.642845 0.494408 0
vt 0.528059 0.219379 0
vt 0.900894 0.508405 0
vt 0.584596 0.428233 0
vt 0.516066 0.522448 0
vt 0.253430 0.100922 0
vt 0.614750 0.072372 0
vt 0.904851 0.996400 0
vt 0.323034 0.738389 0
vt 0.006275 0.665953 0
vt 0.236661 0.916583 0
vt 0.306950 0.778701 0
vt 0.703946 0.909364 0
vt 0.741475 0.925603 0
vt 0.038936 0.307124 0
vt 0.684336 0.555122 0
vt 0.251485 0.497928 0
vt 0.338906 0.764969 0
vt 0.621076 0.857163 0
vt 0.351160 0.733096 0
vt 0.209750 0.952150 0
vt 0.959813 0.586985 0
vt 0.610688 0.805776 0
vt 0.658438 0.491208 0
vt 0.539980 0.231745 0
vt 0.511189 0.594417 0
vt 0.313662 0.061894 0
vt 0.556828 0.584569 0
vt 0.174536 0.383806 0
vt 0.844106 0.436171 0
vt 0.490249 0.634030 0
vt 0.655498 0.510130 0
vt 0.849264 0.439814 0
vt 0.494527 0.638019 0
vt 0.036721 0.255127 0
vt 0.158462 0.347215 0
vt 0.422866 0.805865 0
vt 0.899845 0.937231 0
vt 0.270453 0.224183 0
vt 0.524565 0.396684 0
vt 0.961632 0.958349 0
vt 0.150822 0.437817 0
vt 0.081684 0.869197 0
vt 0.696844 0.334998 0
vt 0.479540 0.638915 0
vt 0.753509 0.546236 0
vt 0.891319 0.528127 0
vt 0.663007 0.504478 0
vt 0.491703 0.409842 0
vt 0.182379 0.397227 0
vt 0.679274 0.542403 0
vt 0.557618 0.869395 0
vt 0.587431 0.313882 0
vt 0.546554 0.532076 0
vt 0.931410 0.940825 0
vt 0.884880 0.920328 0
vt 0.146832 0.677392 0
vt 0.198972 0.642192 0
vt 0.140324 0.773196 0
vt 0.203758 0.490063 0
vt 0.107808 0.761070 0
vt 0.485684 0.621569 0
vt 0.231863 0.975173 0
vt 0.614365 0.399913 0
vt 0.489845 0.643790 0
vt 0.780386 0.532150 0
vt 0.642487 0.869693 0
vt 0.481578 0.644937 0
vt 0.752985 0.552670 0
vt 0.773023 0.936806 0
vt 0.536085 0.153162 0
vt 0.530751 0.157665 0
vt 0.686249 0.538422 0
vt 0.632025 0.399766 0
vt 0.664056 0.516066 0
vt 0.497574 0.633915 0
vt 0.064323 0.877409 0
vt 0.265903 0.415890 0
vt 0.658879 0.514664 0
vt 0.815983 0.639401 0
vt 0.546906 0.138525 0
vt 0.666217 0.506853 0
vt 0.682113 0.617956 0
vt 0.574062 0.339862 0
vt 0.499698 0.637420 0
vt 0.356366 0.500452 0
vt 0.248909 0.616812 0
vt 0.140928 0.186475 0
vt 0.604846 0.324395 0
vt 0.600580 0.721604 0
vt 0.495980 0.643614 0
vt 0.264514 0.068950 0
vt 0.798442 0.503968 0
vt 0.290641 0.844523 0
vt 0.022442 0.575330 0
vt 0.595862 0.346494 0
vt 0.741663 0.581898 0
vt 0.645266 0.315651 0
vt 0.011457 0.864171 0
vt 0.233764 0.110926 0
vt 0.504639 0.503062 0
vt 0.581531 0.325765 0
vt 0.745570 0.570549 0
vt 0.486719 0.222525 0
vt 0.537331 0.691623 0
vt 0.289486 0.322822 0
vt 0.586073 0.343302 0
vt 0.587056 0.305217 0
vt 0.814472 0.573187 0
vt 0.532706 0.087365 0
vt 0.751194 0.535949 0
vt 0.542226 0.154253 0
vt 0.574450 0.075486 0
vt 0.917255 0.866516 0
vt 0.690489 0.935595 0
vt 0.228840 0.951044 0
vt 0.368734 0.737376 0
vt 0.248975 0.089826 0
vt 0.512539 0.224282 0
vt 0.573224 0.993311 0
vt 0.558300 0.207653 0
vt 0.184887 0.326502 0
vt 0.660452 0.513869 0
vt 0.747899 0.599514 0
vt 0.142218 0.746930 0
vt 0.607019 0.309743 0
vt 0.600260 0.340047 0
vt 0.986682 0.624959 0
vt 0.587966 0.840358 0
vt 0.566588 0.556404 0
vt 0.646057 0.539304 0
vt 0.809655 0.637798 0
vt 0.018061 0.744652 0
vt 0.723260 0.789964 0
vt 0.254564 0.885634 0
vt 0.211237 0.630301 0
vt 0.839620 0.971045 0
vt 0.248380 0.229342 0
vt 0.605706 0.314342 0
vt 0.807126 0.610152 0
vt 0.490745 0.579651 0
vt 0.778069 0.925814 0
vt 0.161091 0.459794 0
vt 0.824823 0.859443 0
vt 0.612544 0.321853 0
vt 0.755104 0.550273 0
vt 0.483103 0.642500 0
vt 0.216958 0.381921 0
vt 0.559149 0.608856 0
vt 0.820019 0.862088 0
vt 0.612771 0.316970 0
vt 0.112017 0.712222 0
vt 0.592825 0.306564 0
vt 0.553437 0.537886 0
vt 0.313661 0.190729 0
vt 0.605002 0.305591 0
vt 0.552057 0.483692 0
vt 0.248853 0.203209 0
vt 0.603435 0.421169 0
vt 0.607570 0.446952 0
vt 0.816269 0.635542 0
vt 0.126171 0.221747 0
vt 0.546598 0.169573 0
vt 0.462755 0.804656 0
vt 0.622829 0.693738 0
vt 0.299851 0.062938 0
vt 0.582497 0.335722 0
vt 0.565949 0.595260 0
vt 0.155898 0.449870 0
vt 0.305080 0.525721 0
vt 0.622747 0.343227 0
vt 0.628213 0.156801 0
vt 0.676051 0.314587 0
vt 0.042075 0.756344 0
vt 0.598979 0.335126 0
vt 0.309048 0.046413 0
vt 0.571234 0.575892 0
vt 0.638820 0.886373 0
vt 0.884477 0.936926 0
vt 0.552453 0.526376 0
vt 0.018673 0.660796 0
vt 0.747799 0.514400 0
vt 0.125663 0.472142 0
vt 0.895801 0.794383 0
vt 0.505665 0.079051 0
vt 0.678713 0.579352 0
vt 0.585002 0.327711 0
vt 0.238473 0.840044 0
vt 0.629568 0.721916 0
vt 0.471789 0.832669 0
vt 0.672636 0.753972 0
vt 0.550136 0.875611 0
vt 0.809277 0.751422 0
vt 0.759199 0.546805 0
vt 0.486670 0.638859 0
vt 0.117304 0.748336 0
vt 0.894808 0.934325 0
vt 0.883781 0.929640 0
vt 0.357882 0.803957 0
vt 0.740900 0.559758 0
vt 0.801996 0.595350 0
vt 0.921881 0.935059 0
vt 0.714344 0.818567 0
vt 0.158291 0.710210 0
vt 0.961022 0.947917 0
vt 0.594110 0.323574 0
vt 0.791811 0.943152 0
vt 0.518336 0.219191 0
vt 0.550025 0.074015 0
vt 0.915452 0.841696 0
vt 0.599414 0.314012 0
vt 0.690472 0.888378 0
vt 0.389758 0.534756 0
vt 0.637356 0.909489 0
vt 0.583777 0.339831 0
vt 0.589309 0.309015 0
vt 0.551292 0.534290 0
vt 0.078895 0.267864 0
vt 0.615794 0.342108 0
vt 0.924051 0.956162 0
vt 0.670015 0.602758 0
vt 0.490298 0.225535 0
vt 0.309734 0.177689 0
vt 0.829876 0.530362 0
vt 0.676702 0.560191 0
vt 0.178158 0.496023 0
vt 0.854449 0.496820 0
vt 0.666272 0.308803 0
vt 0.524642 0.680876 0
vt 0.192328 0.521853 0
vt 0.480268 0.400884 0
vt 0.520735 0.122998 0
vt 0.585850 0.340852 0
vt 0.516729 0.236125 0
vt 0.156340 0.332943 0
vt 0.541668 0.224133 0
vt 0.254120 0.479680 0
vt 0.726454 0.634016 0
vt 0.963389 0.944726 0
vt 0.597983 0.740829 0
vt 0.690667 0.735182 0
vt 0.345095 0.748835 0
vt 0.140327 0.370473 0
vt 0.580967 0.322045 0
vt 0.432496 0.838772 0
vt 0.360751 0.728192 0
vt 0.294850 0.280331 0
vt 0.218772 0.942917 0
vt 0.363664 0.785629 0
vt 0.895491 0.992884 0
vt 0.809421 0.850500 0
vt 0.663657 0.515684 0
vt 0.826994 0.450961 0
vt 0.595429 0.344837 0
vt 0.556337 0.451206 0
vt 0.546191 0.537709 0
vt 0.811664 0.866046 0
vt 0.602753 0.341194 0
vt 0.229055 0.978922 0
vt 0.810922 0.857811 0
vt 0.895832 0.916440 0
vt 0.576211 0.338056 0
vt 0.229934 0.865488 0
vt 0.734083 0.349986 0
vt 0.827135 0.543338 0
vt 0.482456 0.877692 0
vt 0.751313 0.785237 0
vt 0.144166 0.053162 0
vt 0.685324 0.869799 0
vt 0.774616 0.575254 0
vt 0.523519 0.448285 0
vt 0.434587 0.846846 0
vt 0.542922 0.160434 0
vt 0.498873 0.309730 0
vt 0.580254 0.344850 0
vt 0.688889 0.749937 0
vt 0.299176 0.970321 0
vt 0.493771 0.225490 0
vt 0.603690 0.308235 0
vt 0.353244 0.510847 0
vt 0.488656 0.866312 0
vt 0.014812 0.923106 0
vt 0.250919 0.874640 0
vt 0.764601 0.895547 0
vt 0.655176 0.711419 0
vt 0.497327 0.819403 0
vt 0.382651 0.793599 0
vt 0.812794 0.798825 0
vt 0.653083 0.733992 0
vt 0.515457 0.221318 0
vt 0.481670 0.797869 0
vt 0.613428 0.448855 0
vt 0.908579 0.945680 0
vt 0.603068 0.388465 0
vt 0.801549 0.626533 0
vt 0.249063 0.210412 0
vt 0.507809 0.210938 0
vt 0.887699 0.920347 0
vt 0.195961 0.337607 0
vt 0.978190 0.952209 0
vt 0.392594 0.816371 0
vt 0.807766 0.860600 0
vt 0.300362 0.972884 0
vt 0.497400 0.224977 0
vt 0.228500 0.864992 0
vt 0.228427 0.876059 0
vt 0.602355 0.730463 0
vt 0.442100 0.833523 0
vt 0.532676 0.172081 0
vt 0.489552 0.625071 0
vt 0.836911 0.982533 0
vt 0.556240 0.445758 0
vt 0.187246 0.394538 0
vt 0.594479 0.342425 0
vt 0.287399 0.904461 0
vt 0.582480 0.315012 0
vt 0.831156 0.863689 0
vt 0.976072 0.965762 0
vt 0.207939 0.450455 0
vt 0.362064 0.742872 0
vt 0.491946 0.221471 0
vt 0.540376 0.695777 0
vt 0.630278 0.811861 0
vt 0.590589 0.715895 0
vt 0.427985 0.820470 0
vt 0.587921 0.705832 0
vt 0.635854 0.525885 0
vt 0.253537 0.223015 0
vt 0.579309 0.330204 0
vt 0.741115 0.568692 0
vt 0.243110 0.390327 0
vt 0.256433 0.202243 0
vt 0.650186 0.534310 0
vt 0.132083 0.144535 0
vt 0.544519 0.859833 0
vt 0.636303 0.528025 0
vt 0.255751 0.222482 0
vt 0.633715 0.398825 0
vt 0.506049 0.647765 0
vt 0.824861 0.864620 0
vt 0.532502 0.157361 0
vt 0.512159 0.673754 0
vt 0.744245 0.776699 0
vt 0.744817 0.563604 0
vt 0.611439 0.445967 0
vt 0.609885 0.431675 0
vt 0.506295 0.417846 0
vt 0.935035 0.943159 0
vt 0.580682 0.333817 0
vt 0.257462 0.205880 0
vt 0.238134 0.890936 0
vt 0.595610 0.294520 0
vt 0.826005 0.802101 0
vt 0.812363 0.862831 0
vt 0.599202 0.341022 0
vt 0.036290 0.731465 0
vt 0.487324 0.618128 0
vt 0.233066 0.971719 0
vt 0.840131 0.420941 0
vt 0.584033 0.333304 0
vt 0.262785 0.249127 0
vt 0.558194 0.437698 0
vt 0.490238 0.223914 0
vt 0.483426 0.350062 0
vt 0.305485 0.173450 0
vt 0.660874 0.294372 0
vt 0.244700 0.708366 0
vt 0.095480 0.966446 0
vt 0.620453 0.090136 0
vt 0.497981 0.802552 0
vt 0.582263 0.354096 0
vt 0.547676 0.226135 0
vt 0.508643 0.474354 0
vt 0.799023 0.537071 0
vt 0.532887 0.158955 0
vt 0.596208 0.291266 0
vt 0.185128 0.638780 0
vt 0.563206 0.222882 0
vt 0.241236 0.891335 0
vt 0.556592 0.909080 0
vt 0.584595 0.337530 0
vt 0.552377 0.639163 0
vt 0.553410 0.533852 0
vt 0.588683 0.306983 0
vt 0.498933 0.093327 0
vt 0.611142 0.972769 0
vt 0.483314 0.574082 0
vt 0.539555 0.225977 0
vt 0.813458 0.836387 0
vt 0.612711 0.355145 0
vt 0.547661 0.688978 0
vt 0.184815 0.394355 0
vt 0.858004 0.752282 0
vt 0.587340 0.467384 0
vt 0.621793 0.336635 0
vt 0.586552 0.382036 0
vt 0.282611 0.515159 0
vt 0.707374 0.304257 0
vt 0.582974 0.329636 0
vt 0.648468 0.513995 0
vt 0.829780 0.581487 0
vt 0.171175 0.430166 0
vt 0.034211 0.175447 0
vt 0.608412 0.476234 0
vt 0.291051 0.758612 0
vt 0.564752 0.445880 0
vt 0.891180 0.934648 0
vt 0.582291 0.489403 0
vt 0.833372 0.753379 0
vt 0.510413 0.224822 0
vt 0.625322 0.394199 0
vt 0.685369 0.540702 0
vt 0.016861 0.552767 0
vt 0.679994 0.544218 0
vt 0.183437 0.927021 0
vt 0.265440 0.589583 0
vt 0.828976 0.866492 0
vt 0.978935 0.967991 0
vt 0.180908 0.095159 0
vt 0.344169 0.780209 0
vt 0.917451 0.541455 0
vt 0.584717 0.379544 0
vt 0.659515 0.502888 0
vt 0.731805 0.768238 0
vt 0.303647 0.974099 0
vt 0.500395 0.222550 0
vt 0.804306 0.852530 0
vt 0.231828 0.866331 0
vt 0.284727 0.242772 0
vt 0.619205 0.152902 0
vt 0.647287 0.597763 0
vt 0.249376 0.222620 0
vt 0.416971 0.544364 0
vt 0.587293 0.127845 0
vt 0.767911 0.980121 0
vt 0.504869 0.454438 0
vt 0.119713 0.495847 0
vt 0.533911 0.232074 0
vt 0.089468 0.289380 0
vt 0.311205 0.976186 0
vt 0.734497 0.741747 0
vt 0.792128 0.791360 0
vt 0.671364 0.492066 0
vt 0.062782 0.115702 0
vt 0.660802 0.490832 0
vt 0.173203 0.315430 0
vt 0.535820 0.078377 0
vt 0.850919 0.602819 0
vt 0.520858 0.931570 0
vt 0.662498 0.593111 0
vt 0.494695 0.618752 0
vt 0.481079 0.609268 0
vt 0.920587 0.814769 0
vt 0.638361 0.927665 0
vt 0.550836 0.449667 0
vt 0.295042 0.146514 0
vt 0.290271 0.901606 0
vt 0.690851 0.484976 0
vt 0.050929 0.123638 0
vt 0.282028 0.398367 0
vt 0.610416 0.335300 0
vt 0.581147 0.346947 0
vt 0.543612 0.162589 0
vt 0.499188 0.311931 0
vt 0.541269 0.163551 0
vt 0.601909 0.080414 0
vt 0.623863 0.364694 0
vt 0.548559 0.151525 0
vt 0.539169 0.085794 0
vt 0.356545 0.767985 0
vt 0.890268 0.918668 0
vt 0.528049 0.535117 0
vt 0.267365 0.090231 0
vt 0.099792 0.532247 0
vt 0.743409 0.541974 0
vt 0.510475 0.237352 0
vt 0.501932 0.630444 0
vt 0.592735 0.319858 0
vt 0.592031 0.316308 0
vt 0.741011 0.566780 0
vt 0.253565 0.208513 0
vt 0.270815 0.331307 0
vt 0.626684 0.037806 0
vt 0.529711 0.497941 0
vt 0.511650 0.700124 0
vt 0.604887 0.438190 0
vt 0.756779 0.560676 0
vt 0.527514 0.235512 0
vt 0.590501 0.327329 0
vt 0.812722 0.436916 0
vt 0.661445 0.499170 0
vt 0.507989 0.209384 0
vt 0.607345 0.452556 0
vt 0.312559 0.362118 0
vt 0.282171 0.715143 0
vt 0.134896 0.958264 0
vt 0.797745 0.634968 0
vt 0.948045 0.943958 0
vt 0.819037 0.789752 0
vt 0.729908 0.708519 0
vt 0.170879 0.697016 0
vt 0.228122 0.334812 0
vt 0.658025 0.495515 0
vt 0.218981 0.112201 0
vt 0.588554 0.338633 0
vt 0.972754 0.969675 0
vt 0.226862 0.746883 0
vt 0.235195 0.079802 0
vt 0.540354 0.149950 0
vt 0.532067 0.082350 0
vt 0.871340 0.969571 0
vt 0.500993 0.303185 0
vt 0.580839 0.338337 0
vt 0.534830 0.628545 0
vt 0.571988 0.951451 0
vt 0.615043 0.343946 0
vt 0.529795 0.368028 0
vt 0.534154 0.689462 0
vt 0.482696 0.223404 0
vt 0.500658 0.613327 0
vt 0.544876 0.514239 0
vt 0.105205 0.467390 0
vt 0.804578 0.615452 0
vt 0.486992 0.585035 0
vt 0.091044 0.717571 0
vt 0.603160 0.315737 0
vt 0.698616 0.722814 0
vt 0.155457 0.082933 0
vt 0.162447 0.615943 0
vt 0.768723 0.731866 0
vt 0.609742 0.320364 0
vt 0.694187 0.781768 0
vt 0.232536 0.648053 0
vt 0.590205 0.190200 0
vt 0.515272 0.832308 0
vt 0.741344 0.757151 0
vt 0.622545 0.394745 0
vt 0.687928 0.562502 0
vt 0.857835 0.999375 0
vt 0.226064 0.529496 0
vt 0.545034 0.105276 0
vt 0.494757 0.362804 0
vt 0.665834 0.582195 0
vt 0.496273 0.228929 0
vt 0.610033 0.735745 0
vt 0.974759 0.960639 0
vt 0.929160 0.652621 0
vt 0.158219 0.501854 0
vt 0.740987 0.570872 0
vt 0.581406 0.330428 0
vt 0.496775 0.627814 0
vt 0.824961 0.858256 0
vt 0.614261 0.363780 0
vt 0.621629 0.178481 0
vt 0.254350 0.514524 0
vt 0.511061 0.656067 0
vt 0.495840 0.232264 0
vt 0.228533 0.871974 0
vt 0.255728 0.879763 0
vt 0.623313 0.142171 0
vt 0.289984 0.233220 0
vt 0.116220 0.281333 0
vt 0.538628 0.609338 0
vt 0.578505 0.930690 0
vt 0.511183 0.228382 0
vt 0.258228 0.884684 0
vt 0.246828 0.225096 0
vt 0.572522 0.971647 0
vt 0.645124 0.531200 0
vt 0.824697 0.950558 0
vt 0.290198 0.926282 0
vt 0.600646 0.318335 0
vt 0.694686 0.795365 0
vt 0.600151 0.331478 0
vt 0.779222 0.781310 0
vt 0.578085 0.983781 0
vt 0.549545 0.448334 0
vt 0.642578 0.541665 0
vt 0.607993 0.303963 0
vt 0.669198 0.993077 0
vt 0.364472 0.563394 0
vt 0.011173 0.325702 0
vt 0.092138 0.706911 0
vt 0.688212 0.847433 0
vt 0.581833 0.150628 0
vt 0.419984 0.830023 0
vt 0.099703 0.264787 0
vt 0.241318 0.729514 0
vt 0.250608 0.170834 0
vt 0.117412 0.546552 0
vt 0.126371 0.729138 0
vt 0.184538 0.290384 0
vt 0.657266 0.502676 0
vt 0.278977 0.034096 0
vt 0.269602 0.199802 0
vt 0.088154 0.569365 0
vt 0.406857 0.819583 0
vt 0.194515 0.335487 0
vt 0.976826 0.950092 0
vt 0.795697 0.624318 0
vt 0.772304 0.747750 0
vt 0.349254 0.552598 0
vt 0.830002 0.799119 0
vt 0.827201 0.685684 0
vt 0.410997 0.778342 0
vt 0.229010 0.782140 0
vt 0.795577 0.572759 0
vt 0.141027 0.360984 0
vt 0.015395 0.268206 0
vt 0.770030 0.974207 0
vt 0.479764 0.572668 0
vt 0.845693 0.993769 0
vt 0.403216 0.808805 0
vt 0.610856 0.855082 0
vt 0.837737 0.671567 0
vt 0.543267 0.440113 0
vt 0.783345 0.617120 0
vt 0.540386 0.893147 0
vt 0.237058 0.390390 0
vt 0.402711 0.591350 0
vt 0.313578 0.197457 0
vt 0.639295 0.300308 0
vt 0.715024 0.576251 0
vt 0.610067 0.357665 0
vt 0.532725 0.383108 0
vt 0.371370 0.811287 0
vt 0.498117 0.227636 0
vt 0.603585 0.839293 0
vt 0.039917 0.326358 0
vt 0.482818 0.681895 0
vt 0.891235 0.781907 0
vt 0.493171 0.073187 0
vt 0.171983 0.022669 0
vt 0.595653 0.315276 0
vt 0.288921 0.624487 0
vt 0.900381 0.978894 0
vt 0.153327 0.520875 0
vt 0.726898 0.762536 0
vt 0.788427 0.726031 0
vt 0.019993 0.398318 0
vt 0.749392 0.595647 0
vt 0.662282 0.511035 0
vt 0.285512 0.152759 0
vt 0.601837 0.448903 0
vt 0.508878 0.209289 0
vt 0.540323 0.487390 0
vt 0.608241 0.452558 0
vt 0.645505 0.601687 0
vt 0.603124 0.391089 0
vt 0.549997 0.121423 0
vt 0.308824 0.570257 0
vt 0.816846 0.845844 0
vt 0.822645 0.552605 0
vt 0.118411 0.528873 0
vt 0.500612 0.692248 0
vt 0.488325 0.423926 0
vt 0.517909 0.922026 0
vt 0.580946 0.996022 0
vt 0.540676 0.682643 0
vt 0.924449 0.528607 0
vt 0.647966 0.760620 0
vt 0.138055 0.507917 0
vt 0.507212 0.806836 0
vt 0.587152 0.330442 0
vt 0.727844 0.635335 0
vt 0.534027 0.080798 0
vt 0.542030 0.148253 0
vt 0.617039 0.393226 0
vt 0.290085 0.325773 0
vt 0.586935 0.346148 0
vt 0.504737 0.311517 0
vt 0.123976 0.288282 0
vt 0.498225 0.616746 0
vt 0.500525 0.236725 0
vt 0.829363 0.858046 0
vt 0.183950 0.364018 0
vt 0.610861 0.326074 0
vt 0.109148 0.487528 0
vt 0.597001 0.325789 0
vt 0.023791 0.871568 0
vt 0.229034 0.406605 0
vt 0.819922 0.992250 0
vt 0.574197 0.438104 0
vt 0.602496 0.456564 0
vt 0.595129 0.401211 0
vt 0.528062 0.075845 0
vt 0.746543 0.596655 0
vt 0.752756 0.701604 0
vt 0.162585 0.491500 0
vt 0.105804 0.261448 0
vt 0.291080 0.252770 0
vt 0.529424 0.215451 0
vt 0.205413 0.392346 0
vt 0.302935 0.619392 0
vt 0.300974 0.192443 0
vt 0.001083 0.326559 0
vt 0.860892 0.680859 0
vt 0.490401 0.392334 0
vt 0.818996 0.736562 0
vt 0.639172 0.521988 0
vt 0.566612 0.962249 0
vt 0.599135 0.391185 0
vt 0.946314 0.646010 0
vt 0.708235 0.295260 0
vt 0.723320 0.726710 0
vt 0.745704 0.600853 0
vt 0.658424 0.513946 0
vt 0.815582 0.638670 0
vt 0.549485 0.430120 0
vt 0.839183 0.993186 0
vt 0.529769 0.167192 0
vt 0.502555 0.479753 0
vt 0.185002 0.396234 0
vt 0.546069 0.689355 0
vt 0.612789 0.357028 0
vt 0.045770 0.541034 0
vt 0.271447 0.371608 0
vt 0.236376 0.866075 0
vt 0.472966 0.859649 0
vt 0.261815 0.899086 0
vt 0.280730 0.988496 0
vt 0.952317 0.950360 0
vt 0.228468 0.847030 0
vt 0.462387 0.841338 0
vt 0.249441 0.881719 0
vt 0.614295 0.084253 0
vt 0.601824 0.464133 0
vt 0.995193 0.626519 0
vt 0.694371 0.615330 0
vt 0.816068 0.999432 0
vt 0.525635 0.415147 0
vt 0.402597 0.828375 0
vt 0.105656 0.169096 0
vt 0.489728 0.791811 0
vt 0.999008 0.621474 0
vt 0.593386 0.853441 0
vt 0.812328 0.992785 0
vt 0.556150 0.450810 0
vt 0.554577 0.484155 0
vt 0.172909 0.287370 0
vt 0.208685 0.615163 0
vt 0.739998 0.324244 0
vt 0.803736 0.991527 0
vt 0.463256 0.562795 0
vt 0.865182 0.551335 0
vt 0.657108 0.832679 0
vt 0.775877 0.972413 0
vt 0.511972 0.445252 0
vt 0.687376 0.553619 0
vt 0.548686 0.135883 0
vt 0.638179 0.711016 0
vt 0.479794 0.820704 0
vt 0.691191 0.515516 0
vt 0.507394 0.665868 0
vt 0.563506 0.559318 0
vt 0.551228 0.221969 0
vt 0.806188 0.857874 0
vt 0.382263 0.541256 0
vt 0.010143 0.749081 0
vt 0.661204 0.492208 0
vt 0.537260 0.078140 0
vt 0.174599 0.315073 0
vt 0.356286 0.795689 0
vt 0.019804 0.253940 0
vt 0.698962 0.802144 0
vt 0.728386 0.893401 0
vt 0.744707 0.620717 0
vt 0.883519 0.673526 0
vt 0.168277 0.335001 0
vt 0.756182 0.690913 0
vt 0.239184 0.516558 0
vt 0.723202 0.583044 0
vt 0.075700 0.104081 0
vt 0.617058 0.745283 0
vt 0.672507 0.289780 0
vt 0.094026 0.092257 0
vt 0.339344 0.589357 0
vt 0.565390 0.228698 0
vt 0.018136 0.244423 0
vt 0.010670 0.358432 0
vt 0.660587 0.495969 0
vt 0.101591 0.958458 0
vt 0.313682 0.394788 0
vt 0.846929 0.784002 0
vt 0.777758 0.721355 0
vt 0.651918 0.760798 0
vt 0.161232 0.511539 0
vt 0.017212 0.212744 0
vt 0.581998 0.319147 0
vt 0.141707 0.367632 0
vt 0.284576 0.902187 0
vt 0.548526 0.452045 0
vt 0.612079 0.458276 0
vt 0.552330 0.204326 0
vt 0.607191 0.300291 0
vt 0.982708 0.961973 0
vt 0.694172 0.303734 0
vt 0.501815 0.867427 0
vt 0.027948 0.922822 0
vt 0.819932 0.824648 0
vt 0.564133 0.221194 0
vt 0.242892 0.892231 0
vt 0.975436 0.976155 0
vt 0.257851 0.877306 0
vt 0.098083 0.450950 0
vt 0.875002 0.953883 0
vt 0.266145 0.548780 0
vt 0.014009 0.989065 0
vt 0.757199 0.817597 0
vt 0.495025 0.613396 0
vt 0.007538 0.938156 0
vt 0.248230 0.068940 0
vt 0.956970 0.968798 0
vt 0.580302 0.341136 0
vt 0.499818 0.305980 0
vt 0.234121 0.888698 0
vt 0.663385 0.494982 0
vt 0.542824 0.694631 0
vt 0.641044 0.602908 0
vt 0.604052 0.332491 0
vt 0.159074 0.316824 0
vt 0.804119 0.639709 0
vt 0.493899 0.630095 0
vt 0.596497 0.418067 0
vt 0.848194 0.432177 0
vt 0.018356 0.288936 0
vt 0.022301 0.296288 0
vt 0.246360 0.097717 0
vt 0.685865 0.816573 0
vt 0.131506 0.567028 0
vt 0.147829 0.284047 0
vt 0.109727 0.121441 0
vt 0.850172 0.949173 0
vt 0.190405 0.151593 0
vt 0.507115 0.798873 0
vt 0.256117 0.882444 0
vt 0.228847 0.874684 0
vt 0.507704 0.229255 0
vt 0.334712 0.806170 0
vt 0.533732 0.346458 0
vt 0.726314 0.639710 0
vt 0.610759 0.460326 0
vt 0.746235 0.541657 0
vt 0.538765 0.081940 0
vt 0.152162 0.330432 0
vt 0.439592 0.797760 0
vt 0.107521 0.238018 0
vt 0.030660 0.331566 0
vt 0.813689 0.597092 0
vt 0.726077 0.332668 0
vt 0.443730 0.604766 0
vt 0.269046 0.298277 0
vt 0.609322 0.213695 0
vt 0.154157 0.357114 0
vt 0.777532 0.681760 0
vt 0.756718 0.745607 0
vt 0.750139 0.737543 0
vt 0.751584 0.713331 0
vt 0.633144 0.856717 0
vt 0.478099 0.700229 0
vt 0.243457 0.135361 0
vt 0.490770 0.445815 0
vt 0.128972 0.047839 0
vt 0.882085 0.831456 0
vt 0.608416 0.349758 0
vt 0.187911 0.640038 0
vt 0.850141 0.990345 0
vt 0.549052 0.484095 0
vt 0.276676 0.331288 0
vt 0.814924 0.633319 0
vt 0.680467 0.617275 0
vt 0.609976 0.338120 0
vt 0.665648 0.505219 0
vt 0.175664 0.313751 0
vt 0.662563 0.493227 0
vt 0.501874 0.893495 0
vt 0.488441 0.875569 0
vt 0.026599 0.259414 0
vt 0.559579 0.463990 0
vt 0.032392 0.360725 0
vt 0.859365 0.724394 0
vt 0.845285 0.775470 0
vt 0.811162 0.682287 0
vt 0.555169 0.465119 0
vt 0.816212 0.859740 0
vt 0.848017 0.999437 0
vt 0.231650 0.892591 0
vt 0.253695 0.203863 0
vt 0.307320 0.158247 0
vt 0.587583 0.412157 0
vt 0.588334 0.334102 0
vt 0.306995 0.970482 0
vt 0.498148 0.218108 0
vt 0.846877 0.984881 0
vt 0.645616 0.489369 0
vt 0.599391 0.291164 0
vt 0.257081 0.879454 0
vt 0.977507 0.974687 0
vt 0.607918 0.445534 0
vt 0.699417 0.738762 0
vt 0.258124 0.054793 0
vt 0.310867 0.187509 0
vt 0.601865 0.302689 0
vt 0.658848 0.805241 0
vt 0.147984 0.120489 0
vt 0.547790 0.229439 0
vt 0.133709 0.546598 0
vt 0.089274 0.123866 0
vt 0.179980 0.624160 0
vt 0.287171 0.995823 0
vt 0.597777 0.329942 0
vt 0.659205 0.500040 0
vt 0.613215 0.336009 0
vt 0.770534 0.973036 0
vt 0.502204 0.312553 0
vt 0.530246 0.084610 0
vt 0.538989 0.152204 0
vt 0.479053 0.684131 0
vt 0.836453 0.990014 0
vt 0.638949 0.494787 0
vt 0.822654 0.866637 0
vt 0.536459 0.156050 0
vt 0.504996 0.650491 0
vt 0.681142 0.620159 0
vt 0.551485 0.450134 0
vt 0.549488 0.156646 0
vt 0.138614 0.767455 0
vt 0.706490 0.807582 0
vt 0.069733 0.763919 0
vt 0.624226 0.097840 0
vt 0.248878 0.217858 0
vt 0.505683 0.217734 0
vt 0.964123 0.659122 0
vt 0.010858 0.230075 0
vt 0.226851 0.714684 0
vt 0.885315 0.704601 0
vt 0.021246 0.336040 0
vt 0.193320 0.342398 0
vt 0.292908 0.785886 0
vt 0.656364 0.505524 0
vt 0.534843 0.150062 0
vt 0.526961 0.081784 0
vt 0.187384 0.291212 0
vt 0.536067 0.422521 0
vt 0.856529 0.665180 0
vt 0.247558 0.621389 0
vt 0.775984 0.333650 0
vt 0.862114 0.659252 0
vt 0.633415 0.200174 0
vt 0.311801 0.796473 0
vt 0.543862 0.323550 0
vt 0.280843 0.894904 0
vt 0.646429 0.512537 0
vt 0.570526 0.616753 0
vt 0.127860 0.293884 0
vt 0.794688 0.962839 0
vt 0.006183 0.343133 0
vt 0.560205 0.092104 0
vt 0.017294 0.360176 0
vt 0.771135 0.766201 0
vt 0.872536 0.479293 0
vt 0.923125 0.741467 0
vt 0.057797 0.739143 0
vt 0.933589 0.554326 0
vt 0.612804 0.452443 0
vt 0.616833 0.335128 0
vt 0.519241 0.216591 0
vt 0.925525 0.949866 0
vt 0.920883 0.944185 0
vt 0.495153 0.517135 0
vt 0.541674 0.842263 0
vt 0.521822 0.228206 0
vt 0.259175 0.223200 0
vt 0.606372 0.317868 0
vt 0.318591 0.604532 0
vt 0.836991 0.586563 0
vt 0.532240 0.235677 0
vt 0.580220 0.323389 0
vt 0.139239 0.371773 0
vt 0.747841 0.568970 0
vt 0.542574 0.082211 0
vt 0.823871 0.959375 0
vt 0.614016 0.461165 0
vt 0.028621 0.238636 0
vt 0.795594 0.524393 0
vt 0.513639 0.465015 0
vt 0.692586 0.551453 0
vt 0.605195 0.737605 0
vt 0.539778 0.088361 0
vt 0.552580 0.452040 0
vt 0.549820 0.153751 0
vt 0.611999 0.337756 0
vt 0.768129 0.973725 0
vt 0.543522 0.165606 0
vt 0.843705 0.993952 0
vt 0.500470 0.606797 0
vt 0.235815 0.894248 0
vt 0.807622 0.852209 0
vt 0.183998 0.323244 0
vt 0.897261 0.994667 0
vt 0.290483 0.152277 0
vt 0.519916 0.509825 0
vt 0.662918 0.515960 0
vt 0.573822 0.342869 0
vt 0.232391 0.881299 0
vt 0.016241 0.317503 0
vt 0.640393 0.494626 0
vt 0.528410 0.221942 0
vt 0.904106 0.993095 0
vt 0.853117 0.465428 0
vt 0.902420 0.728549 0
vt 0.722389 0.825452 0
vt 0.009963 0.726963 0
vt 0.570535 0.419027 0
vt 0.551796 0.434635 0
vt 0.198017 0.646468 0
vt 0.600966 0.158629 0
vt 0.606442 0.105323 0
vt 0.257045 0.877891 0
vt 0.242064 0.892938 0
vt 0.598035 0.290483 0
vt 0.880739 0.940845 0
vt 0.559185 0.447998 0
vt 0.756624 0.561276 0
vt 0.192493 0.638472 0
vt 0.527905 0.235701 0
vt 0.667414 0.577111 0
vt 0.668825 0.604204 0
vt 0.491162 0.227627 0
vt 0.704046 0.794142 0
vt 0.185924 0.133991 0
vt 0.083114 0.108091 0
vt 0.820524 0.960802 0
vt 0.591102 0.734909 0
vt 0.502207 0.647846 0
vt 0.549151 0.156673 0
vt 0.681151 0.619830 0
vt 0.578328 0.418522 0
vt 0.271265 0.776974 0
vt 0.623594 0.447725 0
vt 0.061492 0.189703 0
vt 0.160287 0.730927 0
vt 0.123589 0.211561 0
vt 0.629837 0.475500 0
vt 0.047853 0.203814 0
vt 0.902692 0.736553 0
vt 0.057447 0.328785 0
vt 0.740977 0.543024 0
vt 0.288453 0.149741 0
vt 0.665491 0.513872 0
vt 0.499472 0.631537 0
vt 0.808300 0.848183 0
vt 0.175167 0.285841 0
vt 0.543894 0.188874 0
vt 0.412221 0.746618 0
vt 0.299773 0.224344 0
vt 0.039347 0.225486 0
vt 0.009570 0.275635 0
vt 0.539135 0.159416 0
vt 0.530855 0.234569 0
vt 0.007387 0.292045 0
vt 0.813411 0.594082 0
vt 0.294183 0.722121 0
vt 0.007628 0.311160 0
vt 0.210575 0.765102 0
vt 0.876847 0.665152 0
vt 0.271796 0.766851 0
vt 0.902066 0.991099 0
vt 0.180067 0.269783 0
vt 0.165170 0.318451 0
vt 0.479103 0.556670 0
vt 0.850067 0.995369 0
vt 0.799042 0.581782 0
vt 0.031080 0.989384 0
vt 0.179384 0.704690 0
vt 0.579947 0.388231 0
vt 0.247341 0.892287 0
vt 0.266694 0.173595 0
vt 0.818285 0.616470 0
vt 0.501411 0.487191 0
vt 0.945389 0.579419 0
vt 0.606385 0.326471 0
vt 0.508457 0.662817 0
vt 0.502698 0.234326 0
vt 0.650930 0.532883 0
vt 0.525104 0.236824 0
vt 0.241712 0.389555 0
vt 0.203200 0.631952 0
vt 0.106322 0.103959 0
vt 0.657781 0.497294 0
vt 0.590936 0.343189 0
vt 0.543407 0.120873 0
vt 0.595701 0.349587 0
vt 0.730701 0.477947 0
vt 0.278482 0.359513 0
vt 0.151330 0.326435 0
vt 0.041424 0.176737 0
vt 0.615425 0.467808 0
vt 0.660921 0.611017 0
vt 0.600095 0.308489 0
vt 0.038086 0.209682 0
vt 0.622897 0.486669 0
vt 0.044753 0.231056 0
vt 0.980731 0.957880 0
vt 0.642338 0.540441 0
vt 0.548286 0.448364 0
vt 0.035789 0.242060 0
vt 0.005843 0.281385 0
vt 0.590597 0.312185 0
vt 0.547961 0.535274 0
vt 0.024366 0.311757 0
vt 0.476312 0.577762 0
vt 0.239759 0.263851 0
vt 0.563458 0.401228 0
vt 0.889251 0.570606 0
vt 0.020160 0.311144 0
vt 0.288611 0.171716 0
vt 0.562899 0.176182 0
vt 0.883843 0.669520 0
vt 0.872459 0.714057 0
vt 0.026043 0.349377 0
vt 0.967313 0.624240 0
vt 0.553564 0.540225 0
vt 0.046409 0.613857 0
vt 0.134228 0.383420 0
vt 0.806434 0.673851 0
vt 0.012312 0.382120 0
vt 0.799336 0.711903 0
vt 0.552386 0.140696 0
vt 0.778838 0.703720 0
vt 0.753458 0.755640 0
vt 0.711470 0.773396 0
vt 0.701345 0.770143 0
vt 0.685823 0.777490 0
vt 0.686829 0.839128 0
vt 0.667467 0.846718 0
vt 0.603731 0.124458 0
vt 0.275059 0.044653 0
vt 0.497856 0.307786 0
vt 0.578687 0.343087 0
vt 0.232222 0.886589 0
vt 0.577419 0.340245 0
vt 0.234964 0.885649 0
vt 0.297185 0.528046 0
vt 0.263330 0.081344 0
vt 0.130521 0.066528 0
vt 0.532881 0.216665 0
vt 0.939973 0.957206 0
vt 0.391978 0.775139 0
vt 0.294263 0.855233 0
vt 0.881381 0.315237 0
vt 0.054930 0.612062 0
vt 0.562525 0.538208 0
vt 0.805887 0.575422 0
vt 0.144750 0.371697 0
vt 0.572618 0.232285 0
vt 0.541625 0.690045 0
vt 0.907104 0.996168 0
vt 0.481514 0.565424 0
vt 0.530595 0.225944 0
vt 0.537600 0.688145 0
vt 0.848815 0.976474 0
vt 0.513373 0.226154 0
vt 0.247750 0.221738 0
vt 0.501798 0.609557 0
vt 0.573675 0.999203 0
vt 0.534858 0.684329 0
vt 0.563843 0.207837 0
vt 0.548143 0.933183 0
vt 0.104220 0.090515 0
vt 0.659311 0.508875 0
vt 0.527106 0.076995 0
vt 0.745820 0.594990 0
vt 0.103428 0.154677 0
vt 0.757806 0.536214 0
vt 0.810642 0.861652 0
vt 0.899705 0.916737 0
vt 0.484126 0.394189 0
vt 0.046494 0.269985 0
vt 0.484071 0.380460 0
vt 0.211345 0.522681 0
vt 0.539455 0.123004 0
vt 0.046540 0.343401 0
vt 0.883367 0.731611 0
vt 0.572776 0.442503 0
vt 0.252834 0.029417 0
vt 0.511538 0.635677 0
vt 0.819746 0.966855 0
vt 0.579834 0.390467 0
vt 0.244841 0.891588 0
vt 0.496092 0.615950 0
vt 0.140948 0.339667 0
vt 0.696994 0.630216 0
vt 0.768034 0.999181 0
vt 0.203571 0.062418 0
vt 0.285586 0.959816 0
vt 0.552488 0.665728 0
vt 0.621871 0.339290 0
vt 0.587027 0.384576 0
vt 0.308470 0.616269 0
vt 0.967558 0.974160 0
vt 0.807206 0.622189 0
vt 0.081335 0.564364 0
vt 0.146644 0.075724 0
vt 0.741783 0.565355 0
vt 0.251975 0.208187 0
vt 0.614062 0.447909 0
vt 0.567230 0.884547 0
vt 0.020245 0.186531 0
vt 0.833683 0.770522 0
vt 0.076208 0.974483 0
vt 0.225140 0.708336 0
vt 0.502771 0.901532 0
vt 0.712009 0.781089 0
vt 0.550933 0.205722 0
vt 0.981212 0.963022 0
vt 0.822081 0.564113 0
vt 0.208153 0.332888 0
vt 0.306411 0.581167 0
vt 0.808018 0.521788 0
vt 0.458603 0.861285 0
vt 0.550310 0.230949 0
vt 0.585451 0.304337 0
vt 0.843107 0.415407 0
vt 0.742280 0.600646 0
vt 0.001656 0.930604 0
vt 0.536998 0.931098 0
vt 0.499475 0.076291 0
vt 0.894368 0.788258 0
vt 0.478138 0.688404 0
vt 0.309337 0.620379 0
vt 0.589003 0.381641 0
vt 0.608081 0.337507 0
vt 0.681162 0.615397 0
vt 0.180324 0.083046 0
vt 0.542849 0.230989 0
vt 0.501175 0.083919 0
vt 0.522055 0.692262 0
vt 0.689364 0.547417 0
vt 0.133820 0.054295 0
vt 0.302415 0.970974 0
vt 0.496287 0.222535 0
vt 0.230635 0.863140 0
vt 0.540603 0.700237 0
vt 0.633552 0.345947 0
vt 0.614681 0.059483 0
vt 0.902274 0.997237 0
vt 0.260264 0.217712 0
vt 0.092713 0.075738 0
vt 0.861645 0.792953 0
vt 0.532041 0.228753 0
vt 0.478995 0.567165 0
vt 0.250699 0.226673 0
vt 0.691470 0.537900 0
vt 0.655756 0.499809 0
vt 0.604960 0.418693 0
vt 0.741027 0.498330 0
vt 0.256692 0.996067 0
vt 0.746844 0.535160 0
vt 0.814879 0.639774 0
vt 0.657764 0.515068 0
vt 0.840309 0.992514 0
vt 0.545074 0.123026 0
vt 0.597057 0.347429 0
vt 0.068713 0.119368 0
vt 0.541994 0.301557 0
vt 0.188981 0.145861 0
vt 0.192969 0.601980 0
vt 0.100257 0.316645 0
vt 0.017581 0.176911 0
vt 0.253786 0.334574 0
vt 0.011719 0.247855 0
vt 0.478474 0.443576 0
vt 0.480644 0.689713 0
vt 0.907150 0.980414 0
vt 0.151520 0.527599 0
vt 0.233264 0.891005 0
vt 0.813038 0.613234 0
vt 0.498159 0.603278 0
vt 0.578591 0.387233 0
vt 0.542563 0.518728 0
vt 0.158219 0.037386 0
vt 0.652959 0.516826 0
vt 0.580502 0.957701 0
vt 0.542742 0.635825 0
vt 0.122903 0.060411 0
vt 0.250474 0.145029 0
vt 0.494586 0.457139 0
vt 0.909530 0.939408 0
vt 0.258875 0.211122 0
vt 0.966515 0.971477 0
vt 0.642733 0.492282 0
vt 0.180086 0.273918 0
vt 0.979919 0.970693 0
vt 0.602170 0.294147 0
vt 0.129001 0.094607 0
vt 0.154920 0.588397 0
vt 0.235633 0.390396 0
vt 0.547364 0.623760 0
vt 0.585309 0.947126 0
vt 0.897154 0.555856 0
vt 0.271150 0.394337 0
vt 0.046393 0.137528 0
vt 0.484956 0.604295 0
vt 0.682236 0.631976 0
vt 0.058771 0.135273 0
vt 0.121587 0.545891 0
vt 0.127089 0.296236 0
vt 0.281646 0.999393 0
vt 0.780819 0.901958 0
vt 0.448991 0.847242 0
vt 0.507668 0.672005 0
vt 0.574051 0.362208 0
vt 0.000582 0.749906 0
vt 0.589964 0.435316 0
vt 0.623192 0.469252 0
vt 0.577730 0.354579 0
vt 0.022589 0.199955 0
vt 0.016293 0.235478 0
vt 0.854160 0.675529 0
vt 0.568144 0.206252 0
vt 0.613286 0.460122 0
vt 0.823264 0.958439 0
vt 0.745934 0.543987 0
vt 0.552414 0.127890 0
vt 0.012825 0.372857 0
vt 0.705074 0.981699 0
vt 0.245906 0.894135 0
vt 0.663715 0.499309 0
vt 0.305762 0.616013 0
vt 0.314824 0.829071 0
vt 0.483476 0.563488 0
vt 0.093966 0.423742 0
vt 0.889624 0.923495 0
vt 0.805955 0.967070 0
vt 0.659565 0.999217 0
vt 0.510593 0.621265 0
vt 0.608074 0.323471 0
vt 0.827942 0.970683 0
vt 0.163108 0.170209 0
vt 0.176922 0.038466 0
vt 0.611680 0.978073 0
vt 0.908879 0.572647 0
vt 0.872946 0.803029 0
vt 0.101673 0.064208 0
vt 0.847272 0.436553 0
vt 0.492964 0.634567 0
vt 0.806731 0.981699 0
vt 0.240778 0.044327 0
vt 0.517717 0.700234 0
vt 0.575138 0.354132 0
vt 0.235252 0.380476 0
vt 0.115261 0.284058 0
vt 0.217940 0.629516 0
vt 0.675734 0.581671 0
vt 0.517021 0.233575 0
vt 0.849216 0.972201 0
vt 0.605311 0.238287 0
vt 0.242753 0.369674 0
vt 0.422575 0.597449 0
vt 0.750367 0.593985 0
vt 0.740952 0.572612 0
vt 0.524701 0.233338 0
vt 0.503950 0.306357 0
vt 0.122943 0.288353 0
vt 0.498722 0.236750 0
vt 0.585928 0.378220 0
vt 0.251588 0.079845 0
vt 0.247459 0.896803 0
vt 0.307798 0.611539 0
vt 0.163102 0.628924 0
vt 0.168090 0.080982 0
vt 0.552908 0.515124 0
vt 0.873258 0.936860 0
vt 0.078306 0.121757 0
vt 0.551746 0.432525 0
vt 0.730339 0.635983 0
vt 0.750884 0.540465 0
vt 0.618421 0.391075 0
vt 0.168760 0.295255 0
vt 0.841200 0.995767 0
vt 0.152240 0.301172 0
vt 0.044414 0.149088 0
vt 0.633662 0.430383 0
vt 0.265491 0.987317 0
vt 0.112220 0.313230 0
vt 0.263602 0.991654 0
vt 0.109811 0.324305 0
vt 0.073205 0.165683 0
vt 0.597158 0.717537 0
vt 0.562091 0.448372 0
vt 0.884155 0.939841 0
vt 0.663809 0.315443 0
vt 0.554879 0.515798 0
vt 0.603401 0.393270 0
vt 0.579106 0.430996 0
vt 0.563762 0.356902 0
vt 0.972622 0.651655 0
vt 0.010513 0.208034 0
vt 0.507556 0.237779 0
vt 0.745711 0.565585 0
vt 0.667333 0.510896 0
vt 0.431138 0.759924 0
vt 0.187545 0.266462 0
vt 0.940325 0.666647 0
vt 0.007623 0.262864 0
vt 0.014367 0.254557 0
vt 0.684145 0.323419 0
vt 0.825658 0.740311 0
vt 0.390640 0.820496 0
vt 0.528527 0.402775 0
vt 0.105621 0.277041 0
vt 0.596116 0.357434 0
vt 0.278893 0.229195 0
vt 0.726133 0.901166 0
vt 0.427201 0.783286 0
vt 0.190081 0.940513 0
vt 0.092161 0.307292 0
vt 0.293256 0.308669 0
vt 0.290347 0.980204 0
vt 0.964754 0.604137 0
vt 0.419445 0.837838 0
vt 0.522968 0.432676 0
vt 0.517597 0.405476 0
vt 0.557016 0.648894 0
vt 0.284486 0.938018 0
vt 0.163681 0.047448 0
vt 0.605944 0.975862 0
vt 0.571122 0.377967 0
vt 0.918653 0.587990 0
vt 0.491983 0.652546 0
vt 0.067015 0.103065 0
vt 0.673039 0.503244 0
vt 0.094867 0.083719 0
vt 0.105250 0.293936 0
vt 0.542557 0.523291 0
vt 0.581354 0.384514 0
vt 0.129609 0.655006 0
vt 0.818377 0.454341 0
vt 0.689885 0.553231 0
vt 0.271266 0.326870 0
vt 0.643496 0.488232 0
vt 0.598172 0.293202 0
vt 0.549932 0.531886 0
vt 0.586955 0.310587 0
vt 0.199318 0.098382 0
vt 0.849194 0.507435 0
vt 0.167870 0.684524 0
vt 0.202565 0.611337 0
vt 0.110313 0.309591 0
vt 0.664200 0.282854 0
vt 0.846714 0.859968 0
vt 0.526059 0.902388 0
vt 0.161251 0.098802 0
vt 0.864593 0.504921 0
vt 0.177930 0.680353 0
vt 0.020746 0.220049 0
vt 0.052270 0.211173 0
vt 0.590664 0.368100 0
vt 0.003822 0.258592 0
vt 0.933051 0.661332 0
vt 0.080269 0.286291 0
vt 0.863157 0.773390 0
vt 0.928046 0.587782 0
vt 0.740831 0.511089 0
vt 0.012056 0.657317 0
vt 0.659281 0.979996 0
vt 0.115408 0.073845 0
vt 0.129565 0.406169 0
vt 0.658337 0.627556 0
vt 0.662660 0.582888 0
vt 0.958138 0.936890 0
vt 0.579290 0.579710 0
vt 0.729959 0.623786 0
vt 0.288732 0.029455 0
vt 0.634943 0.489006 0
vt 0.512050 0.221315 0
vt 0.269736 0.828697 0
vt 0.944351 0.955707 0
vt 0.200427 0.689842 0
vt 0.789870 0.976778 0
vt 0.506757 0.611707 0
vt 0.317910 0.448848 0
vt 0.205455 0.566832 0
vt 0.526935 0.235917 0
vt 0.756094 0.560400 0
vt 0.192010 0.637566 0
vt 0.242868 0.387679 0
vt 0.124991 0.305996 0
vt 0.912806 0.564069 0
vt 0.534516 0.819638 0
vt 0.486416 0.490915 0
vt 0.218044 0.126771 0
vt 0.649190 0.306891 0
vt 0.735127 0.572938 0
vt 0.659306 0.895516 0
vt 0.700283 0.515662 0
vt 0.481098 0.305744 0
vt 0.313613 0.399127 0
vt 0.516334 0.666451 0
vt 0.585167 0.359012 0
vt 0.944857 0.609440 0
vt 0.571018 0.102447 0
vt 0.684203 0.965897 0
vt 0.269153 0.537943 0
vt 0.864001 0.952839 0
vt 0.737725 0.602472 0
vt 0.908571 0.927447 0
vt 0.161955 0.323164 0
vt 0.905710 0.920125 0
vt 0.753619 0.542515 0
vt 0.804873 0.637596 0
vt 0.157122 0.316417 0
vt 0.562285 0.557404 0
vt 0.680857 0.978587 0
vt 0.562006 0.549313 0
vt 0.954185 0.934682 0
vt 0.504352 0.886558 0
vt 0.032190 0.941975 0
vt 0.550771 0.451976 0
vt 0.295711 0.148080 0
vt 0.692853 0.549641 0
vt 0.958193 0.951374 0
vt 0.001982 0.920820 0
vt 0.745036 0.591843 0
vt 0.747826 0.591398 0
vt 0.650117 0.530495 0
vt 0.522280 0.236202 0
vt 0.535579 0.220158 0
vt 0.241613 0.388172 0
vt 0.525479 0.235713 0
vt 0.740965 0.502269 0
vt 0.687494 0.554309 0
vt 0.254772 0.092664 0
vt 0.236125 0.469483 0
vt 0.301252 0.391752 0
vt 0.704539 0.502887 0
vt 0.496983 0.381278 0
vt 0.804871 0.424322 0
vt 0.610125 0.381512 0
vt 0.618866 0.196584 0
vt 0.222032 0.340006 0
vt 0.502408 0.236625 0
vt 0.546991 0.140583 0
vt 0.664341 0.506838 0
vt 0.529660 0.216947 0
vt 0.937850 0.953642 0
vt 0.808023 0.830106 0
vt 0.510745 0.371004 0
vt 0.956333 0.618506 0
vt 0.704152 0.586365 0
vt 0.512358 0.103764 0
vt 0.106756 0.477711 0
vt 0.959348 0.641571 0
vt 0.686857 0.291248 0
vt 0.603648 0.374164 0
vt 0.961880 0.650965 0
vt 0.617485 0.395135 0
vt 0.496223 0.646255 0
vt 0.086530 0.513619 0
vt 0.056333 0.127583 0
vt 0.250590 0.522596 0
vt 0.108713 0.721389 0
vt 0.924803 0.837855 0
vt 0.752409 0.639849 0
vt 0.228519 0.984355 0
vt 0.748307 0.888170 0
vt 0.224441 0.776548 0
vt 0.587771 0.100776 0
vt 0.701490 0.963004 0
vt 0.534810 0.216482 0
vt 0.941101 0.959566 0
vt 0.305945 0.972294 0
vt 0.499574 0.219819 0
vt 0.738668 0.973096 0
vt 0.605051 0.421160 0
vt 0.295385 0.190929 0
vt 0.967828 0.942436 0
vt 0.253811 0.995000 0
vt 0.282742 0.297145 0
vt 0.280301 0.333170 0
vt 0.246761 0.992826 0
vt 0.839118 0.999385 0
vt 0.663182 0.591343 0
vt 0.203239 0.781470 0
vt 0.817176 0.585689 0
vt 0.262593 0.647307 0
vt 0.580735 0.218428 0
vt 0.800733 0.607264 0
vt 0.147326 0.323858 0
vt 0.505616 0.841242 0
vt 0.661891 0.733463 0
vt 0.481633 0.525816 0
vt 0.548063 0.838447 0
vt 0.501579 0.511606 0
vt 0.970387 0.965902 0
vt 0.183997 0.639658 0
vt 0.596816 0.292317 0
vt 0.240097 0.892241 0
vt 0.658120 0.495972 0
vt 0.275669 0.854988 0
vt 0.788162 0.513058 0
vt 0.236854 0.899396 0
vt 0.004402 0.649640 0
vt 0.815618 0.897988 0
vt 0.824591 0.959641 0
vt 0.578152 0.352509 0
vt 0.543387 0.082382 0
vt 0.249673 0.200394 0
vt 0.894847 0.923545 0
vt 0.536765 0.155045 0
vt 0.184498 0.385460 0
vt 0.914998 0.940472 0
vt 0.940352 0.938102 0
vt 0.799900 0.613653 0
vt 0.960622 0.950282 0
vt 0.143267 0.460241 0
vt 0.922858 0.957624 0
vt 0.743184 0.565488 0
vt 0.945765 0.958003 0
vt 0.656911 0.491804 0
vt 0.288467 0.902931 0
vt 0.539884 0.233188 0
vt 0.088900 0.441084 0
vt 0.313233 0.846132 0
vt 0.607715 0.743943 0
vt 0.663763 0.288417 0
vt 0.588034 0.743642 0
vt 0.645216 0.288012 0
vt 0.205178 0.624698 0
vt 0.492812 0.117046 0
vt 0.179825 0.620688 0
vt 0.271887 0.355761 0
vt 0.278424 0.864283 0
vt 0.792011 0.522760 0
vt 0.148109 0.313133 0
vt 0.039397 0.160774 0
vt 0.608464 0.466267 0
vt 0.004171 0.908907 0
vt 0.750352 0.582194 0
vt 0.104920 0.557749 0
vt 0.260498 0.181870 0
vt 0.609975 0.923915 0
vt 0.917346 0.786396 0
vt 0.114293 0.088181 0
vt 0.933109 0.851118 0
vt 0.673858 0.918291 0
vt 0.232861 0.979965 0
vt 0.487417 0.626007 0
vt 0.545672 0.271064 0
vt 0.770699 0.614441 0
vt 0.799101 0.929970 0
vt 0.169000 0.267457 0
vt 0.146037 0.588833 0
vt 0.181120 0.637553 0
vt 0.501617 0.589780 0
vt 0.680739 0.561462 0
vt 0.588726 0.847080 0
vt 0.988396 0.629175 0
vt 0.686282 0.619186 0
vt 0.130908 0.284421 0
vt 0.906029 0.933349 0
vt 0.707086 0.883459 0
vt 0.756217 0.598545 0
vt 0.911625 0.941335 0
vt 0.817533 0.856395 0
vt 0.255762 0.998102 0
vt 0.970706 0.940600 0
vt 0.735052 0.956805 0
vt 0.669658 0.884260 0
vt 0.958917 0.955427 0
vt 0.717452 0.333754 0
vt 0.779752 0.981081 0
vt 0.516678 0.453753 0
vt 0.534243 0.107140 0
vt 0.226785 0.518628 0
vt 0.487693 0.128680 0
vt 0.271442 0.340609 0
vt 0.194960 0.618996 0
vt 0.238192 0.952598 0
vt 0.762772 0.608461 0
vt 0.806799 0.848216 0
vt 0.909031 0.931054 0
vt 0.733899 0.603042 0
vt 0.940857 0.947971 0
vt 0.184061 0.384184 0
vt 0.786543 0.493776 0
vt 0.535272 0.364614 0
vt 0.352991 0.806315 0
vt 0.823934 0.576053 0
vt 0.802450 0.596934 0
vt 0.741824 0.561256 0
vt 0.832798 0.528365 0
vt 0.679600 0.558331 0
vt 0.497774 0.599384 0
vt 0.507601 0.646316 0
vt 0.513923 0.672260 0
vt 0.631871 0.401228 0
vt 0.827700 0.580589 0
vt 0.915948 0.933993 0
vt 0.814028 0.859710 0
vt 0.825375 0.958677 0
vt 0.251304 0.201387 0
vt 0.881597 0.999364 0
vt 0.546788 0.238512 0
vt 0.334799 0.575335 0
vt 0.802600 0.612227 0
vt 0.483168 0.634039 0
vt 0.757835 0.541487 0
vt 0.688350 0.554935 0
vt 0.141336 0.276281 0
vt 0.012991 0.934339 0
vt 0.891241 0.927403 0
vt 0.811519 0.606141 0
vt 0.675714 0.545951 0
vt 0.152410 0.064824 0
vt 0.510046 0.091627 0
vt 0.622911 0.963980 0
vt 0.895554 0.941332 0
vt 0.841320 0.980945 0
vt 0.560701 0.443844 0
vt 0.507116 0.218946 0
vt 0.936265 0.945425 0
vt 0.586783 0.387962 0
vt 0.284060 0.981281 0
vt 0.945148 0.947480 0
vt 0.514580 0.224176 0
vt 0.141656 0.775679 0
vt 0.200488 0.644576 0
vt 0.743840 0.561071 0
vt 0.803966 0.596861 0
vt 0.245208 0.641757 0
vt 0.186305 0.775028 0
vt 0.933930 0.949577 0
vt 0.963037 0.954222 0
vt 0.962900 0.948613 0
vt 0.972370 0.963876 0
vt 0.543755 0.222573 0
vt 0.158522 0.331630 0
vt 0.805964 0.863795 0
vt 0.555342 0.222395 0
vt 0.581261 0.380979 0
vt 0.090526 0.750074 0
vt 0.633577 0.056144 0
vt 0.021645 0.757356 0
vt 0.658743 0.487559 0
vt 0.594242 0.372575 0
vt 0.557048 0.225071 0
vt 0.688876 0.314170 0
vt 0.966915 0.946506 0
vt 0.715800 0.961139 0
vt 0.951991 0.968020 0
vt 0.813119 0.851571 0
vt 0.175530 0.276208 0
vt 0.975507 0.973668 0
vt 0.629084 0.915779 0
vt 0.793084 0.900033 0
vt 0.505038 0.649335 0
vt 0.479202 0.683005 0
vt 0.667111 0.906144 0
vt 0.140329 0.276826 0
vt 0.688706 0.553804 0
vt 0.742054 0.501733 0
vt 0.012323 0.933390 0
vt 0.296803 0.971737 0
vt 0.310897 0.180791 0
vt 0.494161 0.590095 0
vt 0.827607 0.531275 0
vt 0.271841 0.856729 0
vt 0.843071 0.922657 0
vt 0.896226 0.929295 0
vt 0.921648 0.851731 0
vt 0.675358 0.930263 0
vt 0.481625 0.608891 0
vt 0.840470 0.999293 0
vt 0.663292 0.592698 0
vt 0.280257 0.319307 0
vt 0.714005 0.934285 0
vt 0.238387 0.889470 0
vt 0.593789 0.294047 0
vt 0.032401 0.623984 0
vt 0.617127 0.975165 0
vt 0.747594 0.529667 0
vt 0.845368 0.379588 0
vt 0.744277 0.580135 0
vt 0.846554 0.389760 0
vt 0.270487 0.330568 0
vt 0.741628 0.566767 0
vt 0.925757 0.957470 0
vt 0.937716 0.949188 0
vt 0.812024 0.830156 0
vt 0.608230 0.307108 0
vt 0.940898 0.953174 0
vt 0.950447 0.954980 0
vt 0.247511 0.386037 0
vt 0.664310 0.588478 0
vt 0.962310 0.936220 0
vt 0.663575 0.586943 0
vt 0.741034 0.549812 0
vt 0.544836 0.149846 0
vt 0.818847 0.576081 0
vt 0.536184 0.083205 0
vt 0.656405 0.512954 0
vt 0.599935 0.718910 0
vt 0.495358 0.640906 0
vt 0.815873 0.856025 0
vt 0.748429 0.544344 0
vt 0.845686 0.997898 0
vt 0.954866 0.941202 0
vt 0.809638 0.584883 0
vt 0.909554 0.924322 0
vt 0.749447 0.546749 0
vt 0.164631 0.320025 0
vt 0.322208 0.635012 0
vt 0.217960 0.372469 0
vt 0.281728 0.636736 0
vt 0.385822 0.521708 0
vt 0.544322 0.651951 0
vt 0.583313 0.970348 0
vt 0.709150 0.324718 0
vt 0.274571 0.524779 0
vt 0.290859 0.972038 0
vt 0.489326 0.589935 0
vt 0.733239 0.594140 0
vt 0.207387 0.401524 0
vt 0.000569 0.868514 0
vt 0.230164 0.483768 0
vt 0.656979 0.489195 0
vt 0.537139 0.231950 0
vt 0.974505 0.646537 0
vt 0.694531 0.284490 0
vt 0.598443 0.364600 0
vt 0.095995 0.294302 0
vt 0.010085 0.193728 0
vt 0.558369 0.557886 0
vt 0.601318 0.402482 0
vt 0.489656 0.611117 0
vt 0.495846 0.317799 0
vt 0.643804 0.624468 0
vt 0.552663 0.151523 0
vt 0.290157 0.475542 0
vt 0.170068 0.318194 0
vt 0.688243 0.559080 0
vt 0.799156 0.586451 0
vt 0.080495 0.471471 0
vt 0.307052 0.875948 0
vt 0.302361 0.843937 0
vt 0.597132 0.883855 0
vt 0.779604 0.487510 0
vt 0.588240 0.913535 0
vt 0.886967 0.820754 0
vt 0.161014 0.326439 0
vt 0.746606 0.538660 0
vt 0.680594 0.619180 0
vt 0.548530 0.157258 0
vt 0.114412 0.293900 0
vt 0.290768 0.901280 0
vt 0.577615 0.419009 0
vt 0.573264 0.359708 0
vt 0.015230 0.932034 0
vt 0.547567 0.132996 0
vt 0.685627 0.552421 0
vt 0.496358 0.580511 0
vt 0.812144 0.611350 0
vt 0.676471 0.551278 0
vt 0.516880 0.220297 0
vt 0.930773 0.943981 0
vt 0.955536 0.948867 0
vt 0.523876 0.102460 0
vt 0.635867 0.973504 0
vt 0.594895 0.150061 0
vt 0.344149 0.540904 0
vt 0.388834 0.571881 0
vt 0.311612 0.515674 0
vt 0.579350 0.184592 0
vt 0.378019 0.605969 0
vt 0.740719 0.336240 0
vt 0.272885 0.432526 0
vt 0.491097 0.336218 0
vt 0.671721 0.301943 0
vt 0.166362 0.519042 0
vt 0.263767 0.350134 0
vt 0.182238 0.612523 0
vt 0.234111 0.445037 0
vt 0.323444 0.835224 0
vt 0.103529 0.428260 0
vt 0.302994 0.835106 0
vt 0.881474 0.805668 0
vt 0.642095 0.550889 0
vt 0.104902 0.891561 0
vt 0.302782 0.433347 0
vt 0.820211 0.436161 0
vt 0.009986 0.679041 0
vt 0.581951 0.162711 0
vt 0.448663 0.581755 0
vt 0.245298 0.294726 0
vt 0.903213 0.922279 0
vt 0.608640 0.167878 0
vt 0.272149 0.255339 0
vt 0.483453 0.587494 0
vt 0.944638 0.936485 0
vt 0.173252 0.385179 0
vt 0.292099 0.967577 0
vt 0.546452 0.445937 0
vt 0.555141 0.673198 0
vt 0.865524 0.944103 0
vt 0.424016 0.571798 0
vt 0.899695 0.934260 0
vt 0.639824 0.492861 0
vt 0.922250 0.946656 0
vt 0.515540 0.216408 0
vt 0.947981 0.963570 0
vt 0.240405 0.312681 0
vt 0.432939 0.576158 0
vt 0.782632 0.402341 0
vt 0.362872 0.538287 0
vt 0.015277 0.197094 0
vt 0.284582 0.350171 0
vt 0.128680 0.265655 0
vt 0.500973 0.129400 0
vt 0.682002 0.612842 0
vt 0.153779 0.401460 0
vt 0.840830 0.997482 0
vt 0.280562 0.317451 0
vt 0.665054 0.593089 0
vt 0.804632 0.597703 0
vt 0.683352 0.545028 0
vt 0.751751 0.559033 0
vt 0.157488 0.321300 0
vt 0.810738 0.595242 0
vt 0.683442 0.535668 0
vt 0.819996 0.595514 0
vt 0.620836 0.398082 0
vt 0.643363 0.897483 0
vt 0.531871 0.296732 0
vt 0.281820 0.558373 0
vt 0.907829 0.799103 0
vt 0.660829 0.489676 0
vt 0.597381 0.416559 0
vt 0.534670 0.078134 0
vt 0.264973 0.829778 0
vt 0.945308 0.960436 0
vt 0.954057 0.960159 0
vt 0.595142 0.370382 0
vt 0.557643 0.222768 0
vt 0.525968 0.089274 0
vt 0.892871 0.813732 0
vt 0.921728 0.565887 0
vt 0.245461 0.330378 0
vt 0.854714 0.543289 0
vt 0.798144 0.999234 0
vt 0.456767 0.556983 0
vt 0.496165 0.637003 0
vt 0.601081 0.415191 0
vt 0.249013 0.349160 0
vt 0.440231 0.558170 0
vt 0.069070 0.632959 0
vt 0.177654 0.905593 0
vt 0.766185 0.402144 0
vt 0.058811 0.495634 0
vt 0.290709 0.897660 0
vt 0.179279 0.406698 0
vt 0.275354 0.789267 0
vt 0.197514 0.359793 0
vt 0.243135 0.206634 0
vt 0.554986 0.287726 0
vt 0.630448 0.238254 0
vt 0.212144 0.594213 0
vt 0.323325 0.476237 0
vt 0.114942 0.886729 0
vt 0.088433 0.876523 0
vt 0.073892 0.555344 0
vt 0.175857 0.302593 0
vt 0.724154 0.326191 0
vt 0.210392 0.727099 0
vt 0.191826 0.635094 0
vt 0.797761 0.618298 0
vt 0.508838 0.207906 0
vt 0.251110 0.462818 0
vt 0.590330 0.415099 0
vt 0.519842 0.530185 0
vt 0.864888 0.350000 0
vt 0.299876 0.159111 0
vt 0.859300 0.639727 0
vt 0.757983 0.550823 0
vt 0.486493 0.642739 0
vt 0.179525 0.384331 0
vt 0.489637 0.639022 0
vt 0.217932 0.463020 0
vt 0.635127 0.293662 0
vt 0.695851 0.576450 0
vt 0.502846 0.113082 0
vt 0.306342 0.206485 0
vt 0.822124 0.863382 0
vt 0.517028 0.698100 0
vt 0.573038 0.354912 0
vt 0.494011 0.600743 0
vt 0.678321 0.583848 0
vt 0.899875 0.822683 0
vt 0.596817 0.405421 0
vt 0.555395 0.972195 0
vt 0.687028 0.508259 0
vt 0.504490 0.658328 0
vt 0.543100 0.528805 0
vt 0.508986 0.655842 0
vt 0.086156 0.087318 0
vt 0.781776 0.506223 0
vt 0.242847 0.158700 0
vt 0.481854 0.466210 0
vt 0.129788 0.537701 0
vt 0.261837 0.862781 0
vt 0.848785 0.932832 0
vt 0.530340 0.087942 0
vt 0.539885 0.155103 0
vt 0.808480 0.991776 0
vt 0.751330 0.533952 0
vt 0.838956 0.991169 0
vt 0.604968 0.411569 0
vt 0.014902 0.938124 0
vt 0.656139 0.497194 0
vt 0.500336 0.642004 0
vt 0.500024 0.599918 0
vt 0.814374 0.609900 0
vt 0.826775 0.584518 0
vt 0.919874 0.935611 0
vt 0.960566 0.952879 0
vt 0.825414 0.579037 0
vt 0.802603 0.600238 0
vt 0.686604 0.907854 0
vt 0.576480 0.091646 0
vt 0.748236 0.555172 0
vt 0.434263 0.591025 0
vt 0.255499 0.309942 0
vt 0.771261 0.714722 0
vt 0.952974 0.953389 0
vt 0.179878 0.521915 0
vt 0.510871 0.681917 0
vt 0.031065 0.167304 0
vt 0.690447 0.495316 0
vt 0.812094 0.589105 0
vt 0.478145 0.643862 0
vt 0.750553 0.551254 0
vt 0.859110 0.781537 0
vt 0.478017 0.672787 0
vt 0.081546 0.082091 0
vt 0.827616 0.539392 0
vt 0.606319 0.907816 0
vt 0.653480 0.511651 0
vt 0.847223 0.441324 0
vt 0.492714 0.639486 0
vt 0.661939 0.486893 0
vt 0.594880 0.418172 0
vt 0.675443 0.541848 0
vt 0.810852 0.602135 0
vt 0.895548 0.918900 0
vt 0.955822 0.932205 0
vt 0.564900 0.550770 0
vt 0.124852 0.290132 0
vt 0.886828 0.928311 0
vt 0.892668 0.931976 0
vt 0.578937 0.380636 0
vt 0.806027 0.860311 0
vt 0.808740 0.607348 0
vt 0.123997 0.285160 0
vt 0.492799 0.576794 0
vt 0.950791 0.569347 0
vt 0.621747 0.793081 0
vt 0.763641 0.725430 0
vt 0.154183 0.380830 0
vt 0.800272 0.385594 0
vt 0.596117 0.349113 0
vt 0.543643 0.121385 0
vt 0.688763 0.562023 0
vt 0.872261 0.654413 0
vt 0.185510 0.384095 0
vt 0.231977 0.616909 0
vt 0.233070 0.414493 0
vt 0.034553 0.152650 0
vt 0.262476 0.373398 0
vt 0.143212 0.427016 0
vt 0.616632 0.451082 0
vt 0.159484 0.301387 0
vt 0.051412 0.152470 0
vt 0.327645 0.828380 0
vt 0.109873 0.420609 0
vt 0.748321 0.916565 0
vt 0.968180 0.955179 0
vt 0.308399 0.563131 0
vt 0.534512 0.268931 0
vt 0.705993 0.630173 0
vt 0.219478 0.640123 0
vt 0.122492 0.090875 0
vt 0.513697 0.672291 0
vt 0.021240 0.941773 0
vt 0.507392 0.646340 0
vt 0.577401 0.418141 0
vt 0.548100 0.156538 0
vt 0.632383 0.874292 0
vt 0.776867 0.522490 0
vt 0.973183 0.937097 0
vt 0.745554 0.502234 0
vt 0.494339 0.624737 0
vt 0.821842 0.856579 0
vt 0.950938 0.939765 0
vt 0.800187 0.630907 0
vt 0.944047 0.941815 0
vt 0.833156 0.914645 0
vt 0.964849 0.967759 0
vt 0.480970 0.600546 0
vt 0.972862 0.635848 0
vt 0.269425 0.237587 0
vt 0.894080 0.546731 0
vt 0.889173 0.517281 0
vt 0.251946 0.256439 0
vt 0.940042 0.945303 0
vt 0.744730 0.551149 0
vt 0.805602 0.589375 0
vt 0.650408 0.510271 0
vt 0.913514 0.929042 0
vt 0.717194 0.350711 0
vt 0.545820 0.208478 0
vt 0.109865 0.877182 0
vt 0.851364 0.988745 0
vt 0.237261 0.523612 0
vt 0.626272 0.398235 0
vt 0.682355 0.541233 0
vt 0.745197 0.603032 0
vt 0.710604 0.892718 0
vt 0.681098 0.552110 0
vt 0.492752 0.470018 0
vt 0.253392 0.158830 0
vt 0.491066 0.332145 0
vt 0.674590 0.540389 0
vt 0.279440 0.294223 0
vt 0.872108 0.332707 0
vt 0.044968 0.629400 0
vt 0.575207 0.410344 0
vt 0.552718 0.555745 0
vt 0.035807 0.567756 0
vt 0.646160 0.536531 0
vt 0.494799 0.607483 0
vt 0.564832 0.553962 0
vt 0.487922 0.614810 0
vt 0.555989 0.561564 0
vt 0.830502 0.856273 0
vt 0.580789 0.419138 0
vt 0.862740 0.338508 0
vt 0.543848 0.561365 0
vt 0.036431 0.634815 0
vt 0.828271 0.857262 0
vt 0.498810 0.626448 0
vt 0.486339 0.616523 0
vt 0.667006 0.584574 0
vt 0.127742 0.291969 0
vt 0.742709 0.546445 0
vt 0.958609 0.933467 0
vt 0.491462 0.637081 0
vt 0.845689 0.439060 0
vt 0.177551 0.382459 0
vt 0.488455 0.613657 0
vt 0.603812 0.404039 0
vt 0.556679 0.560419 0
vt 0.975572 0.940256 0
vt 0.819025 0.859688 0
vt 0.904319 0.930550 0
vt 0.618396 0.338723 0
vt 0.926902 0.953335 0
vt 0.591127 0.296273 0
vt 0.558348 0.226773 0
vt 0.236321 0.886866 0
vt 0.815619 0.906244 0
vt 0.622859 0.912014 0
vt 0.912352 0.827522 0
vt 0.896097 0.992722 0
vt 0.520403 0.507256 0
vt 0.663465 0.516303 0
vt 0.497073 0.634485 0
vt 0.710756 0.902061 0
vt 0.606842 0.193440 0
vt 0.268061 0.278722 0
vt 0.049132 0.629470 0
vt 0.530796 0.509821 0
vt 0.157906 0.899590 0
vt 0.727195 0.617482 0
vt 0.328422 0.549551 0
vt 0.888197 0.654021 0
vt 0.755731 0.320059 0
vt 0.221181 0.608695 0
vt 0.631159 0.699077 0
vt 0.185484 0.368187 0
vt 0.207267 0.406179 0
vt 0.515257 0.489307 0
vt 0.804766 0.843165 0
vt 0.543665 0.172237 0
vt 0.820912 0.628987 0
vt 0.810760 0.550984 0
vt 0.193778 0.341010 0
vt 0.177698 0.400786 0
vt 0.705286 0.604917 0
vt 0.480665 0.427962 0
vt 0.496675 0.687343 0
vt 0.166081 0.526345 0
vt 0.904262 0.836549 0
vt 0.546835 0.083689 0
vt 0.137517 0.079736 0
vt 0.825012 0.863253 0
vt 0.798620 0.991905 0
vt 0.019555 0.941439 0
vt 0.505559 0.646067 0
vt 0.286778 0.319373 0
vt 0.891019 0.817253 0
vt 0.634926 0.564618 0
vt 0.588918 0.900910 0
vt 0.798787 0.993705 0
vt 0.503961 0.646173 0
vt 0.437593 0.835672 0
vt 0.803824 0.582642 0
vt 0.911780 0.934089 0
vt 0.804129 0.851158 0
vt 0.490068 0.583143 0
vt 0.806840 0.613686 0
vt 0.140915 0.271982 0
vt 0.841480 0.424256 0
vt 0.488460 0.621615 0
vt 0.604676 0.357202 0
vt 0.528762 0.387384 0
vt 0.516631 0.355316 0
vt 0.872722 0.994087 0
vt 0.486977 0.592524 0
vt 0.564026 0.545355 0
vt 0.308105 0.498400 0
vt 0.293453 0.530821 0
vt 0.822429 0.859215 0
vt 0.754424 0.538566 0
vt 0.901744 0.919001 0
vt 0.289960 0.333311 0
vt 0.919249 0.776816 0
vt 0.600038 0.917374 0
vt 0.835385 0.808172 0
vt 0.958141 0.947252 0
vt 0.257800 0.997706 0
vt 0.742624 0.499197 0
vt 0.969461 0.938529 0
vt 0.008666 0.582101 0
vt 0.981379 0.630327 0
vt 0.869178 0.549333 0
vt 0.262428 0.442008 0
vt 0.917825 0.956142 0
vt 0.746342 0.562736 0
vt 0.610144 0.445176 0
vt 0.609746 0.343291 0
vt 0.716585 0.591958 0
vt 0.151507 0.496466 0
vt 0.600286 0.420166 0
vt 0.552569 0.118591 0
vt 0.604408 0.446072 0
vt 0.597997 0.347001 0
vt 0.504087 0.605210 0
vt 0.617034 0.441646 0
vt 0.687415 0.564513 0
vt 0.596936 0.414607 0
vt 0.593102 0.732044 0
vt 0.142861 0.273629 0
vt 0.016099 0.935692 0
vt 0.214717 0.628662 0
vt 0.567343 0.550183 0
vt 0.490834 0.597042 0
vt 0.672770 0.580706 0
vt 0.812425 0.857712 0
vt 0.484635 0.625036 0
vt 0.231011 0.978707 0
vt 0.408708 0.557729 0
vt 0.774282 0.498034 0
vt 0.607298 0.883819 0
vt 0.939335 0.957470 0
vt 0.643180 0.497886 0
vt 0.531470 0.218847 0
vt 0.839418 0.546545 0
vt 0.611243 0.895456 0
vt 0.847074 0.478349 0
vt 0.845911 0.530756 0
vt 0.236016 0.337616 0
vt 0.266584 0.827571 0
vt 0.943132 0.958808 0
vt 0.926902 0.557281 0
vt 0.852175 0.434931 0
vt 0.661839 0.597365 0
vt 0.897461 0.697367 0
vt 0.834946 0.675808 0
vt 0.682397 0.330639 0
vt 0.064893 0.867628 0
vt 0.631516 0.377762 0
vt 0.267244 0.455977 0
vt 0.619464 0.740056 0
vt 0.104478 0.295545 0
vt 0.675610 0.284793 0
vt 0.608722 0.450270 0
vt 0.610020 0.458948 0
vt 0.982875 0.965367 0
vt 0.605548 0.298456 0
vt 0.155909 0.469012 0
vt 0.138920 0.520059 0
vt 0.224099 0.335419 0
vt 0.795612 0.639639 0
vt 0.305766 0.598028 0
vt 0.290531 0.195197 0
vt 0.644541 0.493391 0
vt 0.934814 0.953509 0
vt 0.215585 0.633421 0
vt 0.542231 0.120416 0
vt 0.170868 0.316777 0
vt 0.689323 0.559972 0
vt 0.594678 0.350133 0
vt 0.596552 0.409006 0
vt 0.012486 0.897176 0
vt 0.656064 0.606791 0
vt 0.923862 0.944300 0
vt 0.231873 0.378381 0
vt 0.270201 0.328897 0
vt 0.519975 0.696868 0
vt 0.688180 0.552038 0
vt 0.801014 0.624097 0
vt 0.815766 0.863085 0
vt 0.977013 0.944966 0
vt 0.492448 0.628709 0
vt 0.846345 0.430913 0
vt 0.595637 0.420107 0
vt 0.244573 0.995959 0
vt 0.610594 0.342159 0
vt 0.734032 0.941087 0
vt 0.023305 0.522141 0
vt 0.263631 0.920145 0
vt 0.536137 0.217072 0
vt 0.264741 0.827187 0
vt 0.942693 0.960644 0
vt 0.004055 0.288801 0
vt 0.912873 0.671567 0
vt 0.278820 0.494326 0
vt 0.267394 0.422354 0
vt 0.062700 0.537534 0
vt 0.483301 0.638386 0
vt 0.756725 0.546019 0
vt 0.493066 0.594713 0
vt 0.675954 0.578258 0
vt 0.215400 0.474345 0
vt 0.658241 0.606854 0
vt 0.595812 0.310791 0
vt 0.590035 0.300371 0
vt 0.588029 0.735134 0
vt 0.499237 0.648013 0
vt 0.619578 0.392831 0
vt 0.685827 0.561628 0
vt 0.795613 0.589254 0
vt 0.502021 0.602489 0
vt 0.564399 0.541118 0
vt 0.239638 0.375668 0
vt 0.487760 0.588342 0
vt 0.525090 0.503113 0
vt 0.007833 0.761742 0
vt 0.603814 0.431942 0
vt 0.631685 0.042641 0
vt 0.489509 0.595067 0
vt 0.566258 0.548093 0
vt 0.978332 0.940349 0
vt 0.819729 0.861723 0
vt 0.652404 0.876429 0
vt 0.494598 0.604658 0
vt 0.645946 0.533633 0
vt 0.902352 0.687931 0
vt 0.738850 0.700947 0
vt 0.670430 0.598052 0
vt 0.766399 0.362724 0
vt 0.904006 0.659352 0
vt 0.842128 0.420878 0
vt 0.110786 0.292176 0
vt 0.749475 0.536186 0
vt 0.139507 0.269491 0
vt 0.810939 0.992783 0
vt 0.498535 0.463215 0
vt 0.305332 0.899479 0
vt 0.079238 0.494688 0
vt 0.619655 0.336886 0
vt 0.584392 0.382360 0
vt 0.543734 0.524772 0
vt 0.512873 0.652827 0
vt 0.492477 0.230844 0
vt 0.106770 0.292844 0
vt 0.664147 0.578252 0
vt 0.667084 0.606425 0
vt 0.597951 0.722122 0
vt 0.654333 0.516168 0
vt 0.493431 0.644082 0
vt 0.614978 0.397166 0
vt 0.844251 0.427025 0
vt 0.143126 0.269279 0
vt 0.532179 0.170708 0
vt 0.490850 0.624604 0
vt 0.754809 0.554619 0
vt 0.814119 0.590920 0
vt 0.484228 0.646584 0
vt 0.942298 0.939445 0
vt 0.019985 0.628483 0
vt 0.271197 0.864816 0
vt 0.786293 0.522585 0
vt 0.615886 0.905593 0
vt 0.630593 0.790019 0
vt 0.888557 0.503818 0
vt 0.176940 0.336764 0
vt 0.875838 0.680478 0
vt 0.794002 0.390939 0
vt 0.326609 0.438178 0
vt 0.132035 0.894223 0
vt 0.232863 0.510436 0
vt 0.946066 0.654253 0
vt 0.026084 0.165964 0
vt 0.256115 0.356342 0
vt 0.115691 0.434314 0
vt 0.020873 0.941100 0
vt 0.685789 0.537756 0
vt 0.631289 0.400415 0
vt 0.506551 0.645817 0
vt 0.822344 0.961174 0
vt 0.502405 0.650098 0
vt 0.591248 0.737161 0
vt 0.636095 0.494493 0
vt 0.519228 0.690403 0
vt 0.687387 0.544936 0
vt 0.565289 0.352517 0
vt 0.187431 0.286531 0
vt 0.743683 0.526478 0
vt 0.014500 0.672812 0
vt 0.012134 0.939276 0
vt 0.498128 0.643246 0
vt 0.603575 0.346668 0
vt 0.538209 0.476912 0
vt 0.538924 0.482672 0
vt 0.962798 0.632253 0
vt 0.114632 0.270175 0
vt 0.366460 0.557761 0
vt 0.727845 0.628852 0
vt 0.330681 0.560929 0
vt 0.765844 0.381805 0
vt 0.059335 0.555311 0
vt 0.289382 0.387046 0
vt 0.705605 0.490963 0
vt 0.129005 0.448186 0
vt 0.089126 0.419658 0
vt 0.308158 0.823960 0
vt 0.173879 0.359502 0
vt 0.485714 0.554863 0
vt 0.278366 0.219155 0
vt 0.685130 0.542723 0
vt 0.185384 0.288862 0
vt 0.582233 0.387481 0
vt 0.247991 0.894705 0
vt 0.806057 0.603335 0
vt 0.120105 0.288283 0
vt 0.486829 0.609378 0
vt 0.669707 0.592699 0
vt 0.566923 0.369107 0
vt 0.513971 0.207763 0
vt 0.186695 0.639418 0
vt 0.276105 0.332663 0
vt 0.248437 0.988590 0
vt 0.792435 0.917918 0
vt 0.010445 0.620900 0
vt 0.800995 0.617513 0
vt 0.506776 0.209567 0
vt 0.903657 0.516482 0
vt 0.128999 0.286217 0
vt 0.903902 0.935181 0
vt 0.564760 0.476757 0
vt 0.798177 0.691231 0
vt 0.784126 0.630342 0
vt 0.816260 0.918127 0
vt 0.797489 0.609146 0
vt 0.935632 0.940090 0
vt 0.645623 0.605533 0
vt 0.607031 0.328264 0
vt 0.786993 0.412671 0
vt 0.492767 0.605351 0
vt 0.747073 0.366691 0
vt 0.663425 0.483522 0
vt 0.003295 0.938170 0
vt 0.592104 0.420833 0
vt 0.142168 0.267989 0
vt 0.845329 0.425979 0
vt 0.899345 0.661536 0
vt 0.892415 0.565696 0
vt 0.294658 0.536532 0
vt 0.186880 0.345441 0
vt 0.911077 0.654904 0
vt 0.653380 0.701345 0
vt 0.196667 0.412034 0
vt 0.780222 0.542988 0
vt 0.261200 0.885918 0
vt 0.653394 0.868238 0
vt 0.269640 0.202442 0
vt 0.634985 0.639652 0
vt 0.504186 0.331030 0
vt 0.106244 0.411085 0
vt 0.619967 0.165750 0
vt 0.078262 0.535642 0
vt 0.290851 0.899897 0
vt 0.293881 0.147159 0
vt 0.113006 0.293871 0
vt 0.815922 0.610656 0
vt 0.795450 0.587423 0
vt 0.501913 0.600559 0
vt 0.277062 0.240132 0
vt 0.554046 0.452015 0
vt 0.552864 0.485566 0
vt 0.812261 0.637248 0
vt 0.648715 0.539769 0
vt 0.233636 0.897878 0
vt 0.059342 0.478533 0
vt 0.291440 0.880179 0
vt 0.626539 0.347608 0
vt 0.281494 0.306687 0
vt 0.654386 0.550676 0
vt 0.867159 0.782610 0
vt 0.484467 0.680460 0
vt 0.669719 0.531061 0
vt 0.136230 0.885155 0
vt 0.550453 0.182875 0
vt 0.737356 0.366271 0
vt 0.058396 0.869907 0
vt 0.633635 0.384014 0
vt 0.487675 0.299819 0
vt 0.534648 0.141356 0
vt 0.488359 0.313169 0
vt 0.919085 0.931987 0
vt 0.831281 0.583480 0
vt 0.744253 0.556675 0
vt 0.651741 0.515458 0
vt 0.760689 0.537890 0
vt 0.486355 0.630324 0
vt 0.292501 0.973541 0
vt 0.490753 0.591647 0
vt 0.128717 0.418080 0
vt 0.536239 0.171438 0
vt 0.490102 0.628656 0
vt 0.843560 0.430984 0
vt 0.577585 0.388393 0
vt 0.699461 0.628408 0
vt 0.542667 0.517055 0
vt 0.855596 0.353073 0
vt 0.028837 0.649366 0
vt 0.648624 0.536418 0
vt 0.498076 0.607206 0
vt 0.233103 0.894771 0
vt 0.247343 0.381485 0
vt 0.744969 0.549503 0
vt 0.668712 0.588447 0
vt 0.155429 0.413885 0
vt 0.197230 0.696151 0
vt 0.133813 0.307558 0
vt 0.884265 0.531184 0
vt 0.572831 0.515040 0
vt 0.065474 0.589113 0
vt 0.866789 0.484059 0
vt 0.918026 0.746687 0
vt 0.838273 0.456870 0
vt 0.096984 0.641972 0
vt 0.791635 0.423545 0
vt 0.234902 0.624016 0
vt 0.761816 0.334511 0
vt 0.288347 0.485591 0
vt 0.250298 0.354363 0
vt 0.601642 0.489162 0
vt 0.025888 0.178556 0
vt 0.032847 0.868227 0
vt 0.199632 0.469530 0
vt 0.526598 0.110863 0
vt 0.693344 0.600342 0
vt 0.207464 0.710882 0
vt 0.108268 0.292766 0
vt 0.137744 0.272599 0
vt 0.635168 0.498896 0
vt 0.501772 0.654512 0
vt 0.688659 0.542514 0
vt 0.291042 0.149514 0
vt 0.184928 0.284433 0
vt 0.626607 0.389873 0
vt 0.283239 0.871693 0
vt 0.404374 0.573476 0
vt 0.222257 0.350540 0
vt 0.154744 0.691422 0
vt 0.254305 0.195425 0
vt 0.968474 0.951188 0
vt 0.259264 0.243798 0
vt 0.579354 0.376230 0
vt 0.795484 0.612806 0
vt 0.939241 0.941842 0
vt 0.908317 0.720008 0
vt 0.860080 0.457489 0
vt 0.947700 0.938331 0
vt 0.420510 0.579217 0
vt 0.179904 0.580408 0
vt 0.294117 0.460833 0
vt 0.683530 0.303962 0
vt 0.677969 0.296806 0
vt 0.490499 0.356088 0
vt 0.729596 0.565987 0
vt 0.654041 0.300804 0
vt 0.722425 0.492669 0
vt 0.135683 0.287793 0
vt 0.292583 0.371906 0
vt 0.094486 0.105745 0
vt 0.171809 0.417481 0
vt 0.553465 0.491393 0
vt 0.292807 0.208514 0
vt 0.059315 0.611400 0
vt 0.303222 0.223312 0
vt 0.886611 0.314290 0
vt 0.487236 0.634917 0
vt 0.907245 0.539116 0
vt 0.587829 0.740240 0
vt 0.682007 0.734301 0
vt 0.469025 0.589345 0
vt 0.251997 0.271178 0
vt 0.147367 0.305868 0
vt 0.882759 0.547361 0
vt 0.458134 0.569635 0
vt 0.811008 0.996826 0
vt 0.142530 0.667328 0
vt 0.781605 0.370262 0
vt 0.785530 0.391155 0
vt 0.924563 0.656980 0
vt 0.013822 0.934171 0
vt 0.141198 0.275513 0
vt 0.546621 0.151005 0
vt 0.537522 0.084875 0
vt 0.817489 0.577714 0
vt 0.665355 0.322486 0
vt 0.628018 0.401269 0
vt 0.040987 0.864791 0
vt 0.257499 0.180928 0
vt 0.245135 0.785739 0
vt 0.142710 0.343933 0
vt 0.564316 0.258396 0
vt 0.195475 0.390348 0
vt 0.611024 0.443798 0
vt 0.506927 0.430013 0
vt 0.559167 0.215634 0
vt 0.007594 0.923759 0
vt 0.566284 0.996187 0
vt 0.300758 0.861587 0
vt 0.071578 0.458678 0
vt 0.952404 0.594486 0
vt 0.220040 0.500158 0
vt 0.944140 0.597287 0
vt 0.703663 0.745336 0
vt 0.808931 0.416833 0
vt 0.830120 0.667641 0
vt 0.799204 0.353444 0
vt 0.539531 0.449237 0
vt 0.308990 0.612799 0
vt 0.249609 0.896884 0
vt 0.584046 0.385893 0
vt 0.565801 0.371934 0
vt 0.666831 0.591656 0
vt 0.954602 0.965909 0
vt 0.160744 0.773148 0
vt 0.249083 0.375104 0
vt 0.568372 0.146693 0
vt 0.416836 0.603596 0
vt 0.697799 0.639866 0
vt 0.507337 0.680596 0
vt 0.598458 0.437865 0
vt 0.001386 0.758431 0
vt 0.870532 0.498653 0
vt 0.382109 0.557339 0
vt 0.524789 0.220514 0
vt 0.899762 0.992415 0
vt 0.257659 0.212834 0
vt 0.245933 0.999165 0
vt 0.819016 0.639848 0
vt 0.613614 0.339903 0
vt 0.252838 0.206656 0
vt 0.288700 0.295461 0
vt 0.611926 0.448691 0
vt 0.592061 0.390419 0
vt 0.909667 0.661688 0
vt 0.758481 0.366595 0
vt 0.519921 0.504956 0
vt 0.146395 0.893351 0
vt 0.649443 0.290606 0
vt 0.592940 0.746320 0
vt 0.302075 0.189419 0
vt 0.645954 0.295143 0
vt 0.307450 0.191106 0
vt 0.186125 0.512742 0
vt 0.884455 0.934495 0
vt 0.554811 0.526475 0
vt 0.171891 0.479859 0
vt 0.647647 0.908054 0
vt 0.679235 0.547860 0
vt 0.537468 0.130266 0
vt 0.669558 0.610372 0
vt 0.571768 0.342108 0
vt 0.497532 0.635249 0
vt 0.520943 0.507901 0
vt 0.609282 0.340303 0
vt 0.307119 0.619585 0
vt 0.664737 0.503014 0
vt 0.602488 0.341593 0
vt 0.811250 0.865704 0
vt 0.553775 0.483988 0
vt 0.235111 0.898839 0
vt 0.487748 0.575202 0
vt 0.804681 0.605434 0
vt 0.501763 0.646004 0
vt 0.015409 0.941498 0
vt 0.265198 0.210767 0
vt 0.499632 0.338364 0
vt 0.583285 0.357706 0
vt 0.503350 0.591258 0
vt 0.228357 0.893280 0
vt 0.182181 0.639153 0
vt 0.502439 0.593896 0
vt 0.229089 0.896494 0
vt 0.638341 0.517235 0
vt 0.798802 0.491662 0
vt 0.295154 0.831944 0
vt 0.181213 0.370317 0
vt 0.697786 0.758240 0
vt 0.938206 0.544358 0
vt 0.637066 0.774819 0
vt 0.187061 0.284279 0
vt 0.688941 0.544686 0
vt 0.522156 0.689743 0
vt 0.292717 0.149753 0
vt 0.889140 0.488728 0
vt 0.680883 0.730023 0
vt 0.878518 0.518414 0
vt 0.190601 0.687722 0
vt 0.116321 0.413696 0
vt 0.427460 0.562135 0
vt 0.198453 0.436167 0
vt 0.148884 0.370219 0
vt 0.788368 0.676595 0
vt 0.520654 0.377279 0
vt 0.799322 0.438575 0
vt 0.109738 0.648402 0
vt 0.892304 0.663913 0
vt 0.767338 0.390919 0
vt 0.105060 0.662988 0
vt 0.215251 0.941859 0
vt 0.192975 0.399179 0
vt 0.296303 0.605175 0
vt 0.705952 0.317023 0
vt 0.263384 0.212934 0
vt 0.971033 0.973271 0
vt 0.502429 0.091363 0
vt 0.615047 0.967437 0
vt 0.221474 0.340900 0
vt 0.506098 0.306322 0
vt 0.164598 0.292567 0
vt 0.529996 0.075859 0
vt 0.746244 0.598872 0
vt 0.837295 0.993597 0
vt 0.906680 0.285864 0
vt 0.079554 0.583611 0
vt 0.281001 0.206270 0
vt 0.857987 0.950166 0
vt 0.272810 0.532127 0
vt 0.478146 0.573606 0
vt 0.847028 0.995176 0
vt 0.493270 0.609972 0
vt 0.942268 0.961062 0
vt 0.535696 0.217729 0
vt 0.664755 0.496388 0
vt 0.306637 0.613093 0
vt 0.247020 0.898884 0
vt 0.843986 0.615331 0
vt 0.313434 0.221719 0
vt 0.539325 0.511743 0
vt 0.664410 0.591296 0
vt 0.311206 0.185973 0
vt 0.967414 0.964237 0
vt 0.126365 0.288172 0
vt 0.565930 0.552665 0
vt 0.670793 0.583254 0
vt 0.212744 0.631240 0
vt 0.005700 0.936682 0
vt 0.290032 0.315563 0
vt 0.589694 0.887160 0
vt 0.500989 0.352697 0
vt 0.780849 0.480131 0
vt 0.842782 0.405641 0
vt 0.740978 0.592218 0
vt 0.329873 0.497650 0
vt 0.348209 0.520080 0
vt 0.753466 0.514825 0
vt 0.024042 0.661355 0
vt 0.851061 0.364972 0
vt 0.899224 0.921286 0
vt 0.060708 0.577138 0
vt 0.690465 0.545731 0
vt 0.293184 0.149006 0
vt 0.753431 0.622403 0
vt 0.126850 0.284407 0
vt 0.610714 0.045081 0
vt 0.629542 0.331178 0
vt 0.633727 0.143514 0
vt 0.800510 0.620391 0
vt 0.251378 0.999253 0
vt 0.973176 0.945048 0
vt 0.270283 0.738088 0
vt 0.887426 0.939186 0
vt 0.596600 0.720379 0
vt 0.564757 0.449021 0
vt 0.552875 0.440100 0
vt 0.799390 0.699094 0
vt 0.012085 0.932970 0
vt 0.688351 0.553251 0
vt 0.548739 0.136995 0
vt 0.492256 0.619410 0
vt 0.967658 0.938553 0
vt 0.604114 0.416832 0
vt 0.742874 0.497525 0
vt 0.295113 0.186687 0
vt 0.478234 0.610056 0
vt 0.893693 0.713507 0
vt 0.846086 0.450278 0
vt 0.207763 0.372605 0
vt 0.132149 0.677295 0
vt 0.795769 0.414902 0
vt 0.216702 0.633601 0
vt 0.594723 0.348997 0
vt 0.314118 0.536901 0
vt 0.912884 0.658309 0
vt 0.720528 0.910134 0
vt 0.905133 0.991267 0
vt 0.141365 0.525282 0
vt 0.803163 0.604200 0
vt 0.485716 0.574107 0
vt 0.497057 0.235938 0
vt 0.507290 0.656862 0
vt 0.542701 0.530367 0
vt 0.584766 0.378887 0
vt 0.743319 0.538659 0
vt 0.013894 0.685017 0
vt 0.841088 0.388458 0
vt 0.906632 0.779292 0
vt 0.603692 0.932627 0
vt 0.905425 0.866770 0
vt 0.607479 0.741035 0
vt 0.574901 0.350936 0
vt 0.273705 0.328313 0
vt 0.688535 0.555619 0
vt 0.541890 0.084295 0
vt 0.518813 0.693388 0
vt 0.568287 0.353047 0
vt 0.800022 0.618389 0
vt 0.800274 0.625838 0
vt 0.193621 0.635324 0
vt 0.651814 0.887731 0
vt 0.930512 0.569980 0
vt 0.709166 0.748005 0
vt 0.272462 0.333202 0
vt 0.254839 0.210468 0
vt 0.660296 0.762049 0
vt 0.736775 0.730465 0
vt 0.588933 0.428929 0
vt 0.558100 0.524876 0
vt 0.005172 0.747208 0
vt 0.900788 0.501115 0
vt 0.669854 0.739160 0
vt 0.965856 0.958480 0
vt 0.745091 0.951630 0
vt 0.781841 0.340843 0
vt 0.850339 0.661120 0
vt 0.599621 0.421108 0
vt 0.848763 0.990787 0
vt 0.603779 0.447030 0
vt 0.547217 0.483283 0
vt 0.542588 0.489299 0
vt 0.478557 0.605784 0
vt 0.660120 0.588016 0
vt 0.963223 0.938746 0
vt 0.660119 0.589989 0
vt 0.921519 0.938812 0
vt 0.248924 0.387591 0
vt 0.744061 0.559394 0
vt 0.949657 0.965726 0
vt 0.805739 0.599100 0
vt 0.093349 0.647596 0
vt 0.202932 0.924010 0
vt 0.820715 0.958934 0
vt 0.478152 0.682147 0
vt 0.504018 0.648402 0
vt 0.729361 0.352882 0
vt 0.237981 0.580312 0
vt 0.209114 0.618586 0
vt 0.596775 0.742379 0
vt 0.653599 0.286841 0
vt 0.529922 0.079245 0
vt 0.800684 0.992037 0
vt 0.824043 0.864934 0
vt 0.505608 0.648145 0
vt 0.659379 0.493384 0
vt 0.538269 0.080113 0
vt 0.600570 0.414185 0
vt 0.504073 0.652405 0
vt 0.637714 0.496724 0
vt 0.807732 0.992188 0
vt 0.838147 0.991540 0
vt 0.135591 0.270029 0
vt 0.000672 0.890711 0
vt 0.753911 0.562636 0
vt 0.856043 0.364849 0
vt 0.313811 0.153951 0
vt 0.752586 0.496926 0
vt 0.023652 0.643388 0
vt 0.239879 0.888332 0
vt 0.560604 0.223926 0
vt 0.820367 0.964692 0
vt 0.600522 0.852022 0
vt 0.775875 0.892757 0
vt 0.251347 0.531144 0
vt 0.858136 0.972617 0
vt 0.602815 0.817649 0
vt 0.968985 0.600252 0
vt 0.975685 0.622743 0
vt 0.958702 0.606348 0
vt 0.700322 0.325267 0
vt 0.678646 0.743813 0
vt 0.841734 0.803903 0
vt 0.839590 0.690252 0
vt 0.003667 0.346335 0
vt 0.550691 0.226124 0
vt 0.654793 0.605544 0
vt 0.723125 0.707699 0
vt 0.871433 0.455496 0
vt 0.709918 0.712680 0
vt 0.641090 0.611115 0
vt 0.558919 0.489383 0
vt 0.787686 0.685127 0
vt 0.970299 0.960042 0
vt 0.313802 0.181627 0
vt 0.854592 0.476698 0
vt 0.161906 0.356882 0
vt 0.947594 0.957161 0
vt 0.803041 0.433313 0
vt 0.912898 0.647136 0
vt 0.659030 0.694120 0
vt 0.726829 0.309414 0
vt 0.979168 0.954409 0
vt 0.965942 0.950684 0
vt 0.650270 0.598398 0
vt 0.175137 0.395184 0
vt 0.250052 0.219880 0
vt 0.516199 0.225326 0
vt 0.850208 0.974020 0
vt 0.213472 0.512683 0
vt 0.590356 0.303810 0
vt 0.660505 0.505804 0
vt 0.125342 0.532510 0
vt 0.667444 0.593614 0
vt 0.210588 0.426798 0
vt 0.686985 0.550183 0
vt 0.570628 0.356056 0
vt 0.506955 0.215024 0
vt 0.249736 0.215038 0
vt 0.563088 0.523518 0
vt 0.910808 0.944708 0
vt 0.961340 0.945125 0
vt 0.726906 0.632036 0
vt 0.837348 0.811298 0
vt 0.244647 0.970608 0
vt 0.002522 0.573435 0
vt 0.251453 0.600577 0
vt 0.662729 0.773790 0
vt 0.727169 0.716849 0
vt 0.771853 0.699002 0
vt 0.653819 0.611000 0
vt 0.928011 0.946581 0
vt 0.002134 0.280667 0
vt 0.914872 0.666902 0
vt 0.597258 0.383359 0
vt 0.548638 0.461192 0
vt 0.816361 0.676066 0
vt 0.893822 0.772350 0
vt 0.891768 0.854125 0
vt 0.150333 0.034433 0
vt 0.190752 0.382291 0
vt 0.874965 0.659710 0
vt 0.487585 0.578671 0
vt 0.804629 0.608973 0
vt 0.794587 0.366399 0
vt 0.813576 0.666731 0
vt 0.136143 0.399319 0
vt 0.835154 0.443608 0
vt 0.771560 0.357486 0
vt 0.828900 0.658369 0
vt 0.780770 0.378526 0
vt 0.119181 0.654868 0
vt 0.699728 0.919342 0
vt 0.808574 0.599820 0
vt 0.751018 0.555101 0
vt 0.164179 0.315465 0
vt 0.714479 0.314738 0
vt 0.615055 0.357847 0
vt 0.545461 0.692289 0
vt 0.187264 0.397112 0
vt 0.840100 0.602765 0
vt 0.310145 0.211670 0
vt 0.319384 0.620382 0
vt 0.687771 0.538059 0
vt 0.653526 0.499501 0
vt 0.688503 0.537310 0
vt 0.018515 0.940194 0
vt 0.302711 0.152055 0
vt 0.144187 0.268050 0
vt 0.594000 0.421336 0
vt 0.845450 0.428349 0
vt 0.016790 0.934417 0
vt 0.595643 0.413890 0
vt 0.502654 0.604285 0
vt 0.686346 0.563494 0
vt 0.231362 0.971532 0
vt 0.042832 0.599403 0
vt 0.478074 0.562410 0
vt 0.306064 0.829212 0
vt 0.807538 0.618140 0
vt 0.809134 0.862347 0
vt 0.962845 0.972421 0
vt 0.740979 0.637003 0
vt 0.744453 0.898070 0
vt 0.920567 0.943085 0
vt 0.256197 0.919706 0
vt 0.777677 0.576742 0
vt 0.148418 0.335456 0
vt 0.927643 0.940719 0
vt 0.776970 0.738242 0
vt 0.018783 0.386972 0
vt 0.249853 0.181966 0
vt 0.556913 0.261555 0
vt 0.014469 0.599324 0
vt 0.672144 0.778281 0
vt 0.635527 0.519775 0
vt 0.499484 0.596376 0
vt 0.313694 0.159151 0
vt 0.181582 0.272498 0
vt 0.796509 0.583233 0
vt 0.817120 0.606336 0
vt 0.639669 0.519458 0
vt 0.230986 0.898876 0
vt 0.295114 0.160663 0
vt 0.003443 0.305339 0
vt 0.893636 0.676334 0
vt 0.187210 0.462965 0
vt 0.491521 0.600078 0
vt 0.682935 0.624788 0
vt 0.983040 0.634900 0
vt 0.600955 0.827908 0
vt 0.274687 0.479370 0
vt 0.685243 0.637149 0
vt 0.842823 0.985700 0
vt 0.713738 0.716876 0
vt 0.930491 0.735407 0
vt 0.693401 0.721752 0
vt 0.880818 0.473882 0
vt 0.544820 0.117407 0
vt 0.006211 0.361293 0
vt 0.822960 0.811189 0
vt 0.821191 0.698061 0
vt 0.735761 0.751268 0
vt 0.749827 0.729646 0
vt 0.716070 0.738146 0
vt 0.768745 0.346721 0
vt 0.843872 0.656830 0
vt 0.221539 0.625693 0
vt 0.747641 0.334533 0
vt 0.267756 0.016639 0
vt 0.524481 0.648142 0
vt 0.685316 0.989719 0
vt 0.646739 0.776206 0
vt 0.903295 0.525570 0
vt 0.593433 0.300401 0
vt 0.182750 0.363861 0
vt 0.609673 0.325858 0
vt 0.641901 0.984964 0
vt 0.746105 0.545029 0
vt 0.824616 0.957968 0
vt 0.814582 0.858633 0
vt 0.191582 0.366852 0
vt 0.890587 0.660197 0
vt 0.562950 0.201971 0
vt 0.857868 0.670168 0
vt 0.247705 0.997738 0
vt 0.972131 0.948666 0
vt 0.640521 0.840922 0
vt 0.614420 0.839570 0
vt 0.664134 0.753720 0
vt 0.753192 0.559969 0
vt 0.606303 0.444796 0
vt 0.604562 0.341289 0
vt 0.552180 0.652067 0
vt 0.280979 0.332087 0
vt 0.283373 0.295972 0
vt 0.816535 0.636277 0
vt 0.589659 0.319185 0
vt 0.635137 0.500443 0
vt 0.502786 0.217770 0
vt 0.207018 0.627293 0
vt 0.506615 0.234277 0
vt 0.959759 0.942141 0
vt 0.730797 0.630135 0
vt 0.019522 0.377044 0
vt 0.825659 0.717617 0
vt 0.799876 0.732598 0
vt 0.025897 0.399347 0
vt 0.716450 0.759268 0
vt 0.747421 0.546362 0
vt 0.214234 0.632801 0
vt 0.118515 0.287664 0
vt 0.672011 0.584882 0
vt 0.676955 0.760036 0
vt 0.562189 0.414185 0
vt 0.612436 0.862815 0
vt 0.543980 0.429708 0
vt 0.646838 0.793915 0
vt 0.187350 0.318971 0
vt 0.897577 0.846576 0
vt 0.595681 0.925728 0
vt 0.159239 0.282490 0
vt 0.121024 0.118917 0
vt 0.235023 0.952662 0
vt 0.839160 0.403270 0
vt 0.011034 0.700184 0
vt 0.822825 0.800454 0
vt 0.597776 0.344278 0
vt 0.007586 0.941775 0
vt 0.144752 0.342084 0
vt 0.171151 0.312881 0
vt 0.493274 0.616532 0
vt 0.663295 0.488713 0
vt 0.008251 0.893438 0
vt 0.310356 0.148635 0
vt 0.532981 0.952057 0
vt 0.285172 0.159255 0
vt 0.857022 0.624586 0
vt 0.006327 0.326264 0
vt 0.697564 0.787010 0
vt 0.718391 0.745800 0
vt 0.051400 0.624088 0
vt 0.532824 0.504477 0
vt 0.159085 0.894055 0
vt 0.754413 0.382781 0
vt 0.990589 0.617057 0
vt 0.593160 0.841420 0
vt 0.641141 0.490957 0
vt 0.600785 0.295655 0
vt 0.954457 0.585489 0
vt 0.095316 0.144780 0
vt 0.132568 0.305911 0
vt 0.307136 0.968078 0
vt 0.843252 0.983997 0
vt 0.191385 0.396778 0
vt 0.551336 0.951800 0
vt 0.971035 0.956772 0
vt 0.541637 0.511537 0
vt 0.497146 0.610870 0
vt 0.568011 0.212531 0
vt 0.695793 0.625418 0
vt 0.008130 0.934928 0
vt 0.574195 0.357413 0
vt 0.819538 0.864585 0
vt 0.017361 0.932839 0
vt 0.594035 0.413327 0
vt 0.248403 0.390228 0
vt 0.920919 0.941393 0
vt 0.854170 0.907496 0
vt 0.004691 0.686504 0
vt 0.232453 0.937811 0
vt 0.546943 0.155549 0
vt 0.283184 0.315751 0
vt 0.666880 0.595876 0
vt 0.826808 0.854724 0
vt 0.497495 0.622265 0
vt 0.484781 0.612513 0
vt 0.027592 0.208728 0
vt 0.493116 0.581572 0
vt 0.496109 0.597660 0
vt 0.680536 0.580738 0
vt 0.811874 0.638154 0
vt 0.969837 0.968947 0
vt 0.863062 0.764090 0
vt 0.600517 0.463859 0
vt 0.218722 0.702366 0
vt 0.813335 0.797198 0
vt 0.068321 0.970548 0
vt 0.725422 0.779620 0
vt 0.552491 0.105128 0
vt 0.664951 0.971024 0
vt 0.961536 0.965569 0
vt 0.980335 0.615859 0
vt 0.592941 0.831511 0
vt 0.562751 0.560879 0
vt 0.552825 0.222550 0
vt 0.260336 0.831996 0
vt 0.947410 0.965166 0
vt 0.540640 0.218841 0
vt 0.815412 0.847061 0
vt 0.610784 0.451246 0
vt 0.602961 0.446532 0
vt 0.189028 0.636941 0
vt 0.551122 0.119051 0
vt 0.757311 0.556116 0
vt 0.511329 0.207642 0
vt 0.603267 0.311644 0
vt 0.513271 0.389993 0
vt 0.286364 0.322640 0
vt 0.582838 0.343180 0
vt 0.501674 0.308138 0
vt 0.244071 0.894231 0
vt 0.664874 0.490350 0
vt 0.144447 0.339947 0
vt 0.605791 0.738639 0
vt 0.691514 0.552709 0
vt 0.144883 0.335311 0
vt 0.924126 0.940832 0
vt 0.192269 0.957083 0
vt 0.334360 0.732224 0
vt 0.025078 0.372533 0
vt 0.840654 0.721594 0
vt 0.891438 0.833367 0
vt 0.173803 0.323813 0
vt 0.684513 0.548721 0
vt 0.705693 0.832095 0
vt 0.107117 0.702674 0
vt 0.702515 0.840162 0
vt 0.175686 0.316415 0
vt 0.593252 0.911040 0
vt 0.269290 0.322747 0
vt 0.187519 0.259791 0
vt 0.152300 0.607711 0
vt 0.148203 0.094196 0
vt 0.098604 0.772405 0
vt 0.611899 0.122231 0
vt 0.678452 0.769048 0
vt 0.606437 0.448899 0
vt 0.603467 0.296867 0
vt 0.597216 0.859129 0
vt 0.813516 0.987029 0
vt 0.588398 0.397537 0
vt 0.930463 0.953265 0
vt 0.306373 0.609852 0
vt 0.664737 0.493078 0
vt 0.245195 0.896443 0
vt 0.661811 0.502123 0
vt 0.310276 0.157082 0
vt 0.848225 0.996739 0
vt 0.177118 0.270747 0
vt 0.113189 0.208042 0
vt 0.021896 0.234458 0
vt 0.011344 0.343621 0
vt 0.161741 0.750303 0
vt 0.971705 0.952378 0
vt 0.257508 0.196748 0
vt 0.907665 0.936035 0
vt 0.132719 0.286550 0
vt 0.640901 0.817952 0
vt 0.486190 0.687020 0
vt 0.903812 0.789046 0
vt 0.625073 0.829912 0
vt 0.610722 0.847606 0
vt 0.583146 0.351191 0
vt 0.548380 0.223045 0
vt 0.174444 0.395462 0
vt 0.515777 0.225486 0
vt 0.768899 0.586142 0
vt 0.695758 0.873515 0
vt 0.179577 0.396986 0
vt 0.679674 0.539601 0
vt 0.815946 0.599630 0
vt 0.231604 0.888261 0
vt 0.250405 0.201697 0
vt 0.578959 0.353813 0
vt 0.614283 0.388005 0
vt 0.588814 0.105802 0
vt 0.650806 0.803770 0
vt 0.903437 0.545269 0
vt 0.658045 0.749027 0
vt 0.910830 0.516007 0
vt 0.235737 0.379145 0
vt 0.575469 0.352409 0
vt 0.274095 0.329704 0
vt 0.754470 0.909530 0
vt 0.605952 0.861950 0
vt 0.830317 0.957617 0
vt 0.544651 0.437770 0
vt 0.604562 0.845533 0
vt 0.510973 0.207463 0
vt 0.795615 0.627733 0
vt 0.189571 0.636649 0
vt 0.605157 0.349312 0
vt 0.598344 0.716030 0
vt 0.882020 0.938979 0
vt 0.795346 0.894007 0
vt 0.001446 0.630748 0
vt 0.956044 0.935735 0
vt 0.832285 0.524907 0
vt 0.679368 0.554796 0
vt 0.293391 0.969268 0
vt 0.238367 0.371680 0
vt 0.491205 0.587224 0
vt 0.810708 0.852026 0
vt 0.545806 0.220186 0
vt 0.681732 0.576431 0
vt 0.313712 0.176702 0
vt 0.676903 0.564619 0
vt 0.497777 0.593253 0
vt 0.150256 0.195616 0
vt 0.568253 0.140336 0
vt 0.459398 0.768331 0
vt 0.820171 0.999225 0
vt 0.167063 0.317571 0
vt 0.478166 0.557796 0
vt 0.265984 0.831164 0
vt 0.688757 0.918861 0
vt 0.933530 0.866003 0
vt 0.675655 0.548256 0
vt 0.811449 0.608416 0
vt 0.668420 0.830081 0
vt 0.608298 0.842907 0
vt 0.806605 0.912312 0
vt 0.805754 0.606385 0
vt 0.489137 0.576054 0
vt 0.210485 0.633727 0
vt 0.744094 0.547281 0
vt 0.668449 0.585703 0
vt 0.602223 0.327782 0
vt 0.620851 0.898911 0
vt 0.531766 0.511655 0
vt 0.878918 0.327133 0
vt 0.313687 0.229297 0
vt 0.100183 0.198682 0
vt 0.469245 0.870266 0
vt 0.815762 0.532906 0
vt 0.617273 0.486205 0
vt 0.034401 0.202597 0
vt 0.641802 0.597927 0
vt 0.639800 0.503090 0
vt 0.505117 0.212992 0
vt 0.065828 0.197020 0
vt 0.805354 0.616857 0
vt 0.906658 0.941914 0
vt 0.257351 0.198060 0
vt 0.504275 0.211880 0
vt 0.535532 0.226557 0
vt 0.813321 0.832327 0
vt 0.481967 0.570270 0
vt 0.510195 0.208251 0
vt 0.797017 0.627410 0
vt 0.541106 0.488879 0
vt 0.604835 0.347910 0
vt 0.847369 0.991428 0
vt 0.249413 0.225803 0
vt 0.107222 0.112838 0
vt 0.194298 0.631548 0
vt 0.140648 0.565206 0
vt 0.273497 0.189547 0
vt 0.105421 0.221236 0
vt 0.057380 0.228449 0
vt 0.282223 0.721741 0
vt 0.559391 0.140459 0
vt 0.141187 0.196101 0
vt 0.759902 0.794905 0
vt 0.309228 0.190390 0
vt 0.600413 0.305606 0
vt 0.618352 0.984246 0
vt 0.519607 0.580667 0
vt 0.185629 0.039513 0
vt 0.252583 0.205262 0
vt 0.611310 0.447101 0
vt 0.243649 0.571967 0
vt 0.161039 0.909968 0
vt 0.352505 0.456043 0
vt 0.381348 0.575487 0
vt 0.608433 0.314159 0
vt 0.521398 0.232105 0
vt 0.751858 0.590741 0
vt 0.900545 0.989709 0
vt 0.494376 0.611321 0
vt 0.848342 0.994071 0
vt 0.505583 0.314211 0
vt 0.175119 0.763508 0
vt 0.381442 0.765809 0
vt 0.811413 0.772050 0
vt 0.614801 0.216619 0
vt 0.604435 0.401273 0
vt 0.438795 0.610173 0
vt 0.574778 0.121005 0
vt 0.554485 0.482319 0
vt 0.130007 0.276368 0
vt 0.615710 0.034181 0
vt 0.555008 0.488336 0
vt 0.843105 0.991631 0
vt 0.512331 0.688659 0
vt 0.665431 0.857663 0
vt 0.068026 0.714443 0
vt 0.806053 0.625384 0
vt 0.561590 0.220862 0
vt 0.971746 0.975876 0
vt 0.219396 0.096594 0
vt 0.626614 0.151212 0
vt 0.597701 0.298192 0
vt 0.611229 0.317102 0
vt 0.146877 0.084838 0
vt 0.161815 0.607144 0
vt 0.969411 0.974276 0
vt 0.261852 0.213934 0
vt 0.524485 0.227032 0
vt 0.261212 0.221016 0
vt 0.975432 0.970052 0
vt 0.663439 0.606960 0
vt 0.585070 0.323498 0
vt 0.951171 0.963849 0
vt 0.187983 0.388717 0
vt 0.224156 0.338895 0
vt 0.504658 0.236085 0
vt 0.237857 0.894376 0
vt 0.604326 0.450642 0
vt 0.502226 0.607033 0
vt 0.618940 0.443886 0
vt 0.522249 0.920501 0
vt 0.297131 0.076279 0
vt 0.543585 0.566192 0
vt 0.567817 0.475228 0
vt 0.847878 0.735375 0
vt 0.975460 0.955729 0
vt 0.804044 0.524541 0
vt 0.522965 0.471067 0
vt 0.954661 0.937633 0
vt 0.821427 0.581729 0
vt 0.799183 0.602645 0
vt 0.142796 0.325700 0
vt 0.929120 0.938361 0
vt 0.886190 0.924190 0
vt 0.019304 0.733328 0
vt 0.587176 0.444503 0
vt 0.614192 0.464992 0
vt 0.692804 0.627289 0
vt 0.570224 0.371987 0
vt 0.767811 0.952898 0
vt 0.820613 0.866682 0
vt 0.018548 0.934846 0
vt 0.576315 0.356410 0
vt 0.808606 0.854884 0
vt 0.548687 0.220607 0
vt 0.551501 0.430309 0
vt 0.841132 0.993509 0
vt 0.516111 0.208952 0
vt 0.753057 0.561093 0
vt 0.605686 0.341424 0
vt 0.246223 0.991013 0
vt 0.744315 0.545330 0
vt 0.513667 0.237106 0
vt 0.502873 0.633854 0
vt 0.836584 0.572139 0
vt 0.499342 0.904220 0
vt 0.567910 0.925530 0
vt 0.192808 0.663746 0
vt 0.199437 0.048696 0
vt 0.505700 0.594051 0
vt 0.812035 0.865140 0
vt 0.601706 0.340956 0
vt 0.507901 0.581675 0
vt 0.181114 0.053952 0
vt 0.067200 0.141806 0
vt 0.263624 0.980604 0
vt 0.627144 0.433657 0
vt 0.658125 0.988093 0
vt 0.562291 0.561334 0
vt 0.804269 0.860295 0
vt 0.553300 0.223014 0
vt 0.029442 0.221835 0
vt 0.029695 0.286643 0
vt 0.847740 0.764123 0
vt 0.140213 0.715367 0
vt 0.958242 0.972248 0
vt 0.809001 0.857703 0
vt 0.717061 0.837838 0
vt 0.121782 0.703894 0
vt 0.694310 0.825350 0
vt 0.677904 0.832017 0
vt 0.515184 0.226399 0
vt 0.173854 0.396679 0
vt 0.848706 0.975059 0
vt 0.628825 0.076125 0
vt 0.045107 0.761865 0
vt 0.737956 0.639714 0
vt 0.102080 0.289043 0
vt 0.651979 0.487664 0
vt 0.577953 0.593462 0
vt 0.767007 0.977068 0
vt 0.671071 0.984676 0
vt 0.954279 0.970486 0
vt 0.547687 0.219222 0
vt 0.810711 0.853777 0
vt 0.596547 0.302584 0
vt 0.515003 0.218889 0
vt 0.637239 0.492143 0
vt 0.533130 0.222509 0
vt 0.477984 0.569502 0
vt 0.534261 0.230292 0
vt 0.745080 0.540288 0
vt 0.509567 0.235701 0
vt 0.205970 0.631355 0
vt 0.840868 0.976377 0
vt 0.653706 0.501877 0
vt 0.183948 0.293911 0
vt 0.689390 0.540819 0
vt 0.533427 0.154458 0
vt 0.621545 0.458564 0
vt 0.251917 0.554287 0
vt 0.529764 0.327632 0
vt 0.881221 0.967279 0
vt 0.961427 0.969420 0
vt 0.742584 0.827341 0
vt 0.000688 0.999364 0
vt 0.147838 0.702012 0
vt 0.054710 0.724863 0
vt 0.806329 0.866592 0
vt 0.805882 0.621676 0
vt 0.557955 0.221127 0
vt 0.895273 0.936495 0
vt 0.561000 0.436778 0
vt 0.800868 0.583031 0
vt 0.911983 0.937434 0
vt 0.592887 0.297125 0
vt 0.639593 0.542244 0
vt 0.546622 0.212925 0
vt 0.566707 0.982399 0
vt 0.547727 0.154466 0
vt 0.199142 0.112813 0
vt 0.492445 0.535082 0
vt 0.517817 0.849157 0
vt 0.551673 0.208503 0
vt 0.608777 0.457742 0
vt 0.981823 0.965933 0
vt 0.240833 0.858363 0
vt 0.423571 0.768737 0
vt 0.039520 0.976433 0
vt 0.784100 0.804596 0
vt 0.508843 0.226941 0
vt 0.498942 0.235508 0
vt 0.499442 0.615163 0
vt 0.507538 0.658832 0
vt 0.180029 0.394684 0
vt 0.546944 0.683139 0
vt 0.280323 0.913371 0
vt 0.561624 0.629456 0
vt 0.900192 0.929771 0
vt 0.552309 0.228430 0
vt 0.653952 0.483683 0
vt 0.760830 0.887250 0
vt 0.232639 0.996072 0
vt 0.828695 0.863904 0
vt 0.507716 0.222074 0
vt 0.901981 0.925932 0
vt 0.677375 0.586579 0
vt 0.493033 0.603532 0
vt 0.549092 0.135872 0
vt 0.013378 0.933319 0
vt 0.817547 0.593571 0
vt 0.619112 0.401252 0
vt 0.489474 0.648382 0
vt 0.595189 0.734365 0
vt 0.185532 0.635329 0
vt 0.579457 0.356766 0
vt 0.018589 0.937896 0
vt 0.599933 0.323212 0
vt 0.743709 0.577502 0
vt 0.529970 0.231658 0
vt 0.029422 0.590483 0
vt 0.010647 0.906074 0
vt 0.605025 0.405400 0
vt 0.557000 0.980707 0
vt 0.101349 0.291883 0
vt 0.668510 0.600989 0
vt 0.544444 0.519344 0
vt 0.487752 0.226397 0
vt 0.549972 0.138289 0
vt 0.683585 0.620316 0
vt 0.191605 0.390734 0
vt 0.666263 0.509992 0
vt 0.658307 0.495082 0
vt 0.550728 0.967103 0
vt 0.304674 0.145210 0
vt 0.013751 0.891476 0
vt 0.590898 0.409841 0
vt 0.862109 0.866588 0
vt 0.541101 0.909377 0
vt 0.520251 0.092700 0
vt 0.610491 0.484709 0
vt 0.031259 0.190454 0
vt 0.073417 0.248157 0
vt 0.559794 0.451035 0
vt 0.550227 0.685936 0
vt 0.182626 0.391214 0
vt 0.295661 0.735748 0
vt 0.016287 0.340670 0
vt 0.797936 0.952252 0
vt 0.651888 0.994462 0
vt 0.515151 0.613884 0
vt 0.621968 0.341204 0
vt 0.256628 0.210231 0
vt 0.524749 0.218158 0
vt 0.930390 0.956151 0
vt 0.274531 0.332778 0
vt 0.539116 0.221961 0
vt 0.153907 0.330583 0
vt 0.543885 0.226784 0
vt 0.536181 0.159922 0
vt 0.527787 0.234643 0
vt 0.756410 0.560164 0
vt 0.526888 0.235660 0
vt 0.813436 0.638670 0
vt 0.546137 0.537459 0
vt 0.556032 0.451325 0
vt 0.323849 0.773273 0
vt 0.918947 0.943139 0
vt 0.123136 0.288102 0
vt 0.586098 0.377974 0
vt 0.497967 0.615315 0
vt 0.771364 0.974235 0
vt 0.479995 0.573871 0
vt 0.494941 0.609862 0
vt 0.503972 0.313608 0
vt 0.250996 0.839480 0
vt 0.825006 0.943279 0
vt 0.056161 0.183741 0
vt 0.630831 0.457928 0
vt 0.221330 0.581113 0
vt 0.140891 0.274233 0
vt 0.015301 0.933815 0
vt 0.595013 0.415360 0
vt 0.025598 0.277809 0
vt 0.891821 0.916087 0
vt 0.229357 0.974998 0
vt 0.259212 0.750768 0
vt 0.241336 0.714494 0
vt 0.796617 0.751399 0
vt 0.726524 0.939059 0
vt 0.630085 0.900296 0
vt 0.704996 0.988774 0
vt 0.284467 0.017675 0
vt 0.262805 0.037067 0
vt 0.263606 0.219949 0
vt 0.905535 0.999398 0
vt 0.527410 0.227267 0
vt 0.268922 0.973600 0
vt 0.084250 0.325497 0
vt 0.133566 0.706878 0
vt 0.744710 0.572253 0
vt 0.524799 0.229610 0
vt 0.291039 0.907138 0
vt 0.583722 0.310204 0
vt 0.544924 0.232667 0
vt 0.601860 0.332269 0
vt 0.609993 0.347299 0
vt 0.593610 0.331235 0
vt 0.253738 0.881153 0
vt 0.210377 0.624503 0
vt 0.504994 0.231010 0
vt 0.844361 0.973748 0
vt 0.512985 0.234130 0
vt 0.548233 0.582476 0
vt 0.310714 0.071136 0
vt 0.591175 0.176217 0
vt 0.126723 0.129955 0
vt 0.012468 0.285608 0
vt 0.012048 0.302729 0
vt 0.175653 0.113374 0
vt 0.068477 0.753685 0
vt 0.604979 0.422853 0
vt 0.566570 0.867066 0
vt 0.522003 0.543060 0
vt 0.176060 0.442583 0
vt 0.478800 0.564906 0
vt 0.529749 0.228405 0
vt 0.726855 0.926552 0
vt 0.280688 0.080721 0
vt 0.538657 0.547639 0
vt 0.608994 0.739091 0
vt 0.978119 0.961689 0
vt 0.255739 0.876345 0
vt 0.228652 0.868538 0
vt 0.501223 0.226437 0
vt 0.178512 0.622516 0
vt 0.160529 0.066733 0
vt 0.163988 0.078865 0
vt 0.165550 0.624928 0
vt 0.507229 0.209391 0
vt 0.846946 0.940754 0
vt 0.254124 0.861225 0
vt 0.545268 0.529610 0
vt 0.585007 0.315375 0
vt 0.487846 0.551014 0
vt 0.832539 0.822848 0
vt 0.161364 0.319699 0
vt 0.906318 0.923849 0
vt 0.457694 0.846912 0
vt 0.245379 0.887863 0
vt 0.082764 0.166470 0
vt 0.120780 0.173925 0
vt 0.673420 0.873795 0
vt 0.770098 0.563831 0
vt 0.090376 0.261661 0
vt 0.589132 0.446605 0
vt 0.880575 0.748427 0
vt 0.756143 0.762355 0
vt 0.628986 0.838200 0
vt 0.695697 0.897972 0
vt 0.139204 0.067870 0
vt 0.534113 0.101735 0
vt 0.646491 0.969734 0
vt 0.715901 0.990915 0
vt 0.291947 0.022690 0
vt 0.509485 0.208859 0
vt 0.540711 0.488018 0
vt 0.947511 0.960271 0
vt 0.804148 0.623091 0
vt 0.597005 0.370517 0
vt 0.559464 0.222757 0
vt 0.505955 0.220491 0
vt 0.505419 0.225456 0
vt 0.825463 0.861384 0
vt 0.230953 0.871389 0
vt 0.253982 0.226735 0
vt 0.845866 0.968322 0
vt 0.222846 0.388876 0
vt 0.552199 0.613256 0
vt 0.501266 0.229470 0
vt 0.555065 0.483645 0
vt 0.811041 0.866634 0
vt 0.556733 0.450319 0
vt 0.518534 0.594660 0
vt 0.632455 0.988514 0
vt 0.254351 0.206581 0
vt 0.178172 0.397109 0
vt 0.647700 0.530835 0
vt 0.577530 0.334557 0
vt 0.521550 0.238132 0
vt 0.542811 0.527220 0
vt 0.582995 0.381112 0
vt 0.540681 0.165311 0
vt 0.841601 0.992820 0
vt 0.498392 0.313734 0
vt 0.746559 0.536431 0
vt 0.747665 0.535352 0
vt 0.579154 0.347824 0
vt 0.497131 0.312673 0
vt 0.658231 0.515735 0
vt 0.541242 0.585885 0
vt 0.583823 0.906520 0
vt 0.577167 0.879487 0
vt 0.533457 0.556030 0
vt 0.185053 0.640015 0
vt 0.241181 0.892597 0
vt 0.597297 0.291212 0
vt 0.509254 0.529992 0
vt 0.554787 0.854537 0
vt 0.605659 0.301060 0
vt 0.518538 0.222505 0
vt 0.252028 0.216686 0
vt 0.478085 0.497303 0
vt 0.526134 0.823983 0
vt 0.101050 0.281717 0
vt 0.762380 0.973007 0
vt 0.805806 0.855430 0
vt 0.503544 0.221399 0
vt 0.954628 0.951577 0
vt 0.949613 0.949812 0
vt 0.484648 0.342404 0
vt 0.281379 0.985809 0
vt 0.766097 0.916593 0
vt 0.804563 0.619977 0
vt 0.909762 0.943738 0
vt 0.805714 0.626886 0
vt 0.375458 0.776084 0
vt 0.887579 0.932122 0
vt 0.556882 0.529722 0
vt 0.504845 0.215614 0
vt 0.637231 0.502664 0
vt 0.693721 0.974333 0
vt 0.489783 0.606105 0
vt 0.673329 0.589323 0
vt 0.675718 0.556131 0
vt 0.298106 0.967066 0
vt 0.495281 0.585300 0
vt 0.828460 0.526438 0
vt 0.011510 0.636890 0
vt 0.184112 0.389928 0
vt 0.560893 0.525005 0
vt 0.508527 0.217360 0
vt 0.914805 0.944244 0
vt 0.330340 0.787561 0
vt 0.862464 0.710336 0
vt 0.020612 0.353899 0
vt 0.596952 0.177351 0
vt 0.159104 0.777290 0
vt 0.218022 0.645326 0
vt 0.186852 0.391411 0
vt 0.554785 0.442662 0
vt 0.567855 0.607532 0
vt 0.641912 0.502878 0
vt 0.275737 0.025620 0
vt 0.537175 0.229560 0
vt 0.106663 0.546014 0
vt 0.668078 0.509732 0
vt 0.190580 0.389042 0
vt 0.506683 0.236651 0
vt 0.299651 0.147126 0
vt 0.547969 0.962481 0
vt 0.870517 0.638038 0
vt 0.918454 0.938933 0
vt 0.799862 0.589463 0
vt 0.245878 0.387837 0
vt 0.559014 0.930086 0
vt 0.571278 0.916087 0
vt 0.173369 0.651968 0
vt 0.189680 0.068922 0
vt 0.269290 0.226838 0
vt 0.564852 0.440524 0
vt 0.899461 0.939362 0
vt 0.845361 0.978216 0
vt 0.728257 0.966301 0
vt 0.775444 0.592508 0
vt 0.530734 0.868717 0
vt 0.502879 0.555537 0
vt 0.529222 0.844407 0
vt 0.804284 0.807791 0
vt 0.643532 0.740875 0
vt 0.012196 0.907315 0
vt 0.251464 0.859438 0
vt 0.638313 0.494247 0
vt 0.478406 0.683608 0
vt 0.504427 0.649924 0
vt 0.406806 0.825266 0
vt 0.075487 0.206451 0
vt 0.336727 0.798859 0
vt 0.674542 0.808907 0
vt 0.855413 0.915167 0
vt 0.354591 0.563941 0
vt 0.721740 0.980813 0
vt 0.889330 0.936619 0
vt 0.552587 0.531262 0
vt 0.555061 0.437012 0
vt 0.802153 0.588530 0
vt 0.917651 0.936398 0
vt 0.741593 0.501611 0
vt 0.688264 0.553669 0
vt 0.962070 0.951850 0
vt 0.850189 0.982157 0
vt 0.254379 0.200912 0
vt 0.501528 0.214759 0
vt 0.607658 0.448554 0
vt 0.604681 0.296647 0
vt 0.982547 0.967514 0
vt 0.522849 0.222676 0
vt 0.898952 0.995509 0
vt 0.256862 0.215975 0
vt 0.567546 0.355402 0
vt 0.686313 0.546882 0
vt 0.175646 0.392160 0
vt 0.516881 0.222910 0
vt 0.076711 0.744074 0
vt 0.669073 0.996969 0
vt 0.514848 0.631115 0
vt 0.899506 0.999167 0
vt 0.257461 0.219685 0
vt 0.665462 0.579929 0
vt 0.494059 0.229413 0
vt 0.748901 0.588545 0
vt 0.519392 0.235332 0
vt 0.598381 0.338280 0
vt 0.588117 0.343358 0
vt 0.228452 0.964682 0
vt 0.881106 0.915684 0
vt 0.568463 0.935275 0
vt 0.167926 0.053784 0
vt 0.281567 0.071741 0
vt 0.183508 0.399188 0
vt 0.813723 0.603587 0
vt 0.677532 0.543484 0
vt 0.783228 0.992744 0
vt 0.218215 0.055710 0
vt 0.579799 0.894306 0
vt 0.536331 0.573360 0
vt 0.174116 0.627252 0
vt 0.165533 0.070305 0
vt 0.794535 0.614176 0
vt 0.551736 0.889052 0
vt 0.237578 0.094990 0
vt 0.770728 0.906838 0
vt 0.113508 0.133585 0
vt 0.157773 0.326432 0
vt 0.747025 0.559026 0
vt 0.806893 0.594958 0
vt 0.817022 0.596522 0
vt 0.093078 0.239954 0
vt 0.367821 0.758411 0
vt 0.300440 0.304760 0
vt 0.193738 0.947787 0
vt 0.809360 0.638972 0
vt 0.600675 0.337075 0
vt 0.074745 0.312784 0
vt 0.888123 0.770412 0
vt 0.247636 0.977934 0
vt 0.301300 0.353639 0
vt 0.674949 0.895790 0
vt 0.674591 0.585720 0
vt 0.807143 0.639268 0
vt 0.601861 0.335111 0
vt 0.075680 0.720466 0
vt 0.691425 0.878933 0
vt 0.762111 0.582451 0
vt 0.287393 0.775079 0
vt 0.556040 0.247243 0
vt 0.315644 0.790507 0
vt 0.383291 0.809385 0
vt 0.801510 0.586259 0
vt 0.915304 0.936864 0
vt 0.556948 0.438979 0
vt 0.742176 0.977158 0
vt 0.551456 0.687745 0
vt 0.561649 0.449536 0
vt 0.633680 0.221374 0
vt 0.547810 0.303129 0
vt 0.560928 0.523791 0
vt 0.507343 0.217256 0
vt 0.500184 0.217590 0
vt 0.849331 0.984506 0
vt 0.405851 0.795700 0
vt 0.257210 0.847201 0
vt 0.953082 0.945798 0
vt 0.144513 0.043538 0
vt 0.758226 0.926092 0
vt 0.796100 0.621728 0
vt 0.974200 0.949475 0
vt 0.212439 0.124647 0
vt 0.072910 0.222677 0
vt 0.135939 0.114071 0
vt 0.833004 0.963368 0
vt 0.601208 0.864334 0
vt 0.547900 0.444569 0
vt 0.589586 0.391592 0
vt 0.567699 0.428934 0
vt 0.236199 0.980534 0
vt 0.759876 0.636631 0
vt 0.521967 0.533982 0
vt 0.596048 0.422662 0
vt 0.264910 0.095933 0
vt 0.662006 0.607693 0
vt 0.596977 0.306997 0
vt 0.525371 0.077790 0
vt 0.905870 0.815444 0
vt 0.172731 0.031434 0
vt 0.608236 0.964818 0
vt 0.495228 0.085736 0
vt 0.898190 0.804379 0
vt 0.515498 0.081137 0
vt 0.144232 0.275081 0
vt 0.683946 0.557845 0
vt 0.591815 0.733423 0
vt 0.183559 0.633840 0
vt 0.145268 0.332590 0
vt 0.799328 0.597962 0
vt 0.924375 0.937626 0
vt 0.820484 0.577410 0
vt 0.255542 0.191899 0
vt 0.969556 0.947279 0
vt 0.249009 0.995597 0
vt 0.155652 0.668655 0
vt 0.841372 0.482339 0
vt 0.898659 0.941051 0
vt 0.249269 0.892445 0
vt 0.579650 0.386558 0
vt 0.542470 0.520201 0
vt 0.518648 0.225115 0
vt 0.650637 0.601402 0
vt 0.895444 0.999061 0
vt 0.253319 0.219627 0
vt 0.639161 0.525763 0
vt 0.561985 0.560151 0
vt 0.552147 0.223428 0
vt 0.511294 0.659406 0
vt 0.499054 0.231729 0
vt 0.960124 0.962069 0
vt 0.684013 0.616884 0
vt 0.187186 0.389995 0
vt 0.507639 0.307134 0
vt 0.589820 0.379004 0
vt 0.223845 0.340560 0
vt 0.750548 0.939875 0
# 4756 tex coordinates
vn 0.827308 0.217536 0.517919
vn -0.464723 -0.773229 -0.431451
vn 0.954556 0.298029 0.000714
vn 0.543223 0.833809 0.098342
vn 0.969331 -0.241783 0.044032
vn 0.880835 0.469777 -0.058647
vn 0.914943 -0.221736 -0.337213
vn -0.077720 0.995109 0.060973
vn 0.777388 0.588770 0.221399
vn 0.683423 0.729937 -0.011170
vn 0.530443 0.842798 0.091223
vn 0.775023 0.618473 0.129737
vn 0.710545 0.642423 0.287087
vn -0.154477 0.978183 0.138908
vn 0.304177 -0.839763 0.449749
vn 0.867815 -0.213077 0.448883
vn -0.167652 0.790790 0.588680
vn -0.200857 -0.887386 0.414974
vn 0.784029 -0.614687 0.086362
vn 0.575925 0.738565 -0.350475
vn 0.907167 -0.385769 -0.168022
vn 0.212348 -0.748019 -0.628789
vn -0.521322 -0.695244 0.494832
vn 0.529930 0.844760 0.074531
vn 0.844739 0.435453 0.311122
vn -0.051517 0.922086 0.383540
vn 0.242000 -0.778132 0.579609
vn 0.001435 -0.961448 0.274983
vn 0.269354 -0.403929 0.874237
vn 0.803428 0.594246 -0.037096
vn 0.611410 -0.652809 -0.447234
vn -0.021249 0.634958 0.772254
vn -0.258367 -0.835130 0.485597
vn 0.806303 -0.571340 0.153122
vn 0.138853 -0.873113 0.467326
vn 0.826051 -0.563503 -0.010163
vn 0.613912 0.776816 0.140246
vn 0.564132 0.816486 0.122906
vn 0.644947 0.633443 0.427543
vn 0.117677 0.829041 0.546665
vn -0.692677 -0.606711 0.390000
vn 0.784329 -0.612508 0.098297
vn 0.026423 0.858964 0.511353
vn 0.487152 0.872856 -0.028364
vn 0.599841 0.794734 0.092675
vn 0.304054 -0.913326 -0.270902
vn -0.949352 -0.308954 -0.057251
vn -0.622890 -0.761828 0.177836
vn 0.860944 -0.503787 0.070529
vn 0.746576 0.525799 0.407626
vn 0.599491 0.680303 0.421661
vn -0.184767 0.911875 0.366530
vn -0.442742 0.791340 0.421616
vn 0.990344 -0.110663 -0.083502
vn 0.210467 -0.666050 -0.715599
vn 0.469097 0.763135 -0.444491
vn 0.786730 0.557484 -0.265081
vn 0.803120 0.583051 0.122678
vn -0.578123 -0.782494 0.231251
vn -0.540549 -0.525667 -0.656872
vn 0.964852 0.180038 -0.191436
vn -0.029897 0.127406 0.991400
vn 0.914549 0.185370 0.359498
vn 0.863052 0.204118 0.462036
vn -0.169577 -0.742070 0.648519
vn 0.632375 0.742537 -0.220774
vn 0.967452 0.032297 0.250983
vn 0.372477 0.061834 0.925979
vn 0.607458 0.771779 0.188023
vn 0.246619 -0.951443 -0.184216
vn 0.498159 -0.827183 -0.260012
vn 0.699020 0.639671 0.319675
vn 0.638336 0.768538 0.043324
vn 0.875593 0.365499 0.315828
vn -0.139660 -0.104015 -0.984721
vn 0.125800 0.763258 0.633729
vn 0.635689 0.751127 0.178069
vn 0.569260 0.817513 0.087265
vn -0.740217 0.240177 -0.628008
vn -0.834027 -0.479693 0.272567
vn 0.563552 0.825491 -0.031199
vn -0.654009 -0.754368 0.056575
vn -0.526121 -0.763304 -0.374919
vn 0.777513 0.626673 0.052480
vn 0.895400 -0.166302 0.413040
vn -0.252302 0.148303 0.956216
vn 0.322286 0.708397 0.627938
vn -0.176446 -0.708019 0.683795
vn -0.692967 -0.351262 0.629612
vn -0.298365 -0.843432 0.446766
vn 0.689829 0.693119 0.209099
vn 0.587719 0.808741 0.022877
vn 0.549505 -0.327192 -0.768759
vn -0.660577 -0.638533 0.394859
vn 0.972839 -0.229049 -0.033468
vn -0.058527 -0.998143 0.016884
vn -0.259002 -0.722364 0.641178
vn 0.253188 0.966549 -0.040977
vn 0.596170 0.802852 -0.003086
vn 0.853627 -0.484604 -0.190997
vn 0.783047 0.612952 0.105485
vn 0.603932 0.797030 0.003017
vn 0.203069 0.867884 0.453366
vn -0.274896 0.919890 -0.279705
vn 0.724648 0.682865 0.092631
vn -0.410838 -0.761421 0.501448
vn 0.616104 0.612515 0.495218
vn 0.543897 0.834790 0.085448
vn 0.052473 -0.972663 -0.226216
vn -0.270036 -0.753543 0.599378
vn 0.618844 0.781043 0.083689
vn 0.029304 0.309142 0.950564
vn -0.001595 0.882132 0.471000
vn 0.254279 0.961070 -0.108105
vn -0.543718 -0.830031 0.124178
vn 0.409865 0.766745 0.494078
vn 0.363210 -0.375575 -0.852656
vn -0.525941 0.831428 0.179203
vn 0.514107 -0.856199 0.051168
vn -0.108952 -0.988179 -0.107850
vn 0.017306 -0.684319 0.728978
vn -0.171255 -0.822892 0.541776
vn 0.788356 -0.589997 0.174348
vn -0.671847 -0.585818 0.453254
vn 0.498369 0.604970 -0.620998
vn 0.220853 0.970323 -0.098475
vn -0.200960 -0.826340 -0.526097
vn -0.220157 -0.308500 0.925397
vn 0.268922 0.141515 0.952709
vn -0.518814 -0.625457 0.582782
vn -0.010870 0.998717 0.049461
vn -0.520495 -0.852698 -0.044623
vn -0.740589 -0.479010 0.471251
vn 0.107503 -0.465188 0.878660
vn 0.548346 -0.828224 0.115594
vn 0.241554 -0.960369 -0.139077
vn 0.360927 0.729723 -0.580720
vn 0.808636 -0.521094 0.273075
vn 0.036538 0.996880 -0.069969
vn -0.430580 -0.661579 0.613933
vn -0.638872 0.482247 0.599400
vn 0.004125 -0.922409 -0.386194
vn 0.073178 -0.857407 0.509410
vn 0.967477 0.210932 0.139629
vn 0.847596 -0.091760 -0.522648
vn 0.869882 -0.405266 -0.281184
vn -0.096063 0.633498 0.767758
vn -0.449750 -0.863142 -0.229589
vn -0.322167 -0.866369 -0.381593
vn -0.469702 0.802814 0.367248
vn 0.709312 0.473413 0.522261
vn -0.595695 0.503036 0.626181
vn -0.003166 0.805931 0.592001
vn 0.871510 0.482484 0.087636
vn 0.841192 0.537730 0.056933
vn 0.770724 -0.619841 0.147587
vn 0.504945 0.229021 -0.832214
vn -0.339019 0.888770 0.308469
vn 0.704729 0.706802 0.061543
vn 0.011039 0.956089 0.292869
vn 0.719671 0.684735 0.114942
vn -0.340486 0.835546 0.431198
vn 0.631253 0.774846 0.033670
vn 0.759082 0.647381 0.068500
vn 0.154858 -0.955046 -0.252795
vn 0.267563 -0.692208 0.670267
vn -0.531248 -0.630404 0.566009
vn -0.342007 -0.712604 0.612558
vn 0.033571 0.995781 -0.085405
vn 0.734767 0.675827 0.058094
vn -0.683928 0.068597 0.726317
vn -0.426852 0.890567 0.157126
vn -0.072149 0.971542 0.225612
vn 0.374892 0.836146 0.400396
vn 0.586817 0.807380 0.061512
vn -0.526786 -0.031842 -0.849401
vn -0.278342 0.742475 0.609308
vn -0.657885 -0.520169 0.544621
vn 0.914609 -0.060060 -0.399855
vn -0.487307 -0.706711 0.512924
vn 0.267681 -0.373000 0.888379
vn -0.006555 -0.977398 -0.211305
vn 0.525417 -0.730893 -0.435583
vn 0.598622 0.777206 -0.193912
vn 0.612191 0.790273 0.026283
vn 0.222064 -0.092677 0.970618
vn 0.782853 0.533686 0.319877
vn 0.273902 0.957933 0.085680
vn -0.713673 -0.248283 -0.655001
vn 0.195850 0.302024 0.932965
vn -0.522010 -0.662437 -0.537292
vn 0.545285 0.832343 0.099346
vn 0.226633 -0.542366 0.808998
vn -0.172620 -0.920546 0.350424
vn 0.675313 0.737199 -0.022137
vn 0.779162 0.625759 0.036512
vn 0.532795 0.841365 0.090742
vn 0.254916 -0.924733 0.282644
vn -0.191560 -0.737575 0.647524
vn 0.201247 -0.939054 -0.278706
vn 0.537254 0.691829 0.482422
vn 0.142767 -0.863867 -0.483065
vn 0.207400 0.329984 0.920921
vn -0.394948 -0.890854 0.224490
vn 0.282353 0.915068 0.287970
vn 0.277919 0.957694 0.074725
vn -0.790596 -0.466468 0.396694
vn 0.741278 0.657328 0.135747
vn 0.316713 -0.937503 -0.144156
vn 0.218016 0.283070 0.933992
vn 0.461032 -0.875390 -0.145404
vn -0.015443 -0.843974 -0.536161
vn 0.775216 0.515516 -0.365080
vn -0.664294 -0.312579 -0.678975
vn -0.284007 0.871581 0.399609
vn 0.360047 -0.715093 0.599173
vn -0.412193 0.895300 0.168921
vn 0.780673 -0.187968 -0.596002
vn -0.284890 -0.810302 0.512102
vn 0.838892 0.528598 0.129784
vn 0.790779 0.610910 0.038181
vn 0.157640 -0.965285 -0.208264
vn -0.148243 0.723715 0.673989
vn 0.364507 -0.680658 0.635484
vn -0.662077 -0.511009 0.548201
vn 0.600356 0.779569 -0.178450
vn 0.751146 0.658069 0.052198
vn 0.924477 -0.029110 0.380125
vn 0.807238 0.534732 -0.249859
vn 0.514052 0.822735 0.242607
vn 0.774671 0.631905 -0.024109
vn 0.725553 0.687443 0.031532
vn -0.313349 0.472227 0.823902
vn 0.675606 -0.710086 0.198330
vn 0.154503 -0.968080 -0.197356
vn 0.570835 0.725013 0.385361
vn 0.199600 -0.975868 -0.088548
vn 0.731575 0.593949 0.334698
vn 0.617170 0.539949 -0.572326
vn -0.070969 0.871260 0.485663
vn 0.790315 0.610137 0.055986
vn -0.503264 -0.862045 0.060036
vn -0.124026 -0.887339 0.444125
vn 0.109218 -0.993001 -0.044945
vn 0.998421 -0.031185 0.046731
vn 0.530609 0.734561 0.422937
vn 0.857208 -0.514807 0.012986
vn 0.517485 0.850543 0.093732
vn 0.340331 -0.894220 0.290765
vn 0.168000 -0.956731 -0.237576
vn -0.760104 -0.648098 -0.047020
vn -0.011589 0.682520 0.730775
vn -0.134419 0.990748 0.018694
vn 0.617885 0.768903 0.164336
vn 0.310647 -0.470339 0.826002
vn 0.667883 0.736605 0.106513
vn -0.221061 0.961508 0.163200
vn -0.021837 -0.987073 -0.158775
vn 0.776344 0.627782 0.056390
vn 0.638124 0.661344 0.394236
vn 0.170140 0.025636 0.985086
vn -0.256651 0.945048 -0.202519
vn 0.592287 0.805619 0.013189
vn -0.026022 0.994659 -0.099883
vn 0.329493 -0.643159 0.691216
vn 0.199794 -0.262300 0.944077
vn -0.638868 -0.483908 0.598064
vn 0.078400 -0.907615 -0.412417
vn -0.639776 0.025714 -0.768131
vn 0.011459 0.998795 0.047722
vn 0.210791 -0.933259 -0.290853
vn -0.441492 0.392396 -0.806914
vn 0.144605 -0.982713 0.115608
vn 0.211315 -0.934301 -0.287100
vn 0.196527 -0.637343 -0.745099
vn 0.221997 -0.974883 -0.017895
vn 0.869407 0.493905 0.013735
vn 0.370648 -0.581184 -0.724462
vn -0.013556 -0.777067 -0.629272
vn 0.407689 0.912272 -0.039366
vn 0.586958 0.808992 0.031811
vn 0.927578 0.135160 0.348326
vn -0.076011 -0.821541 0.565060
vn -0.814927 -0.425534 -0.393465
vn 0.850953 -0.465111 -0.244029
vn -0.511311 -0.626674 0.588082
vn 0.197974 -0.979118 -0.046189
vn -0.299171 0.953339 0.040519
vn 0.097186 0.930105 0.354203
vn 0.703925 0.709990 0.020116
vn -0.227393 0.950608 0.211272
vn -0.377804 -0.889284 0.257755
vn -0.380619 0.855431 0.351238
vn 0.007797 -0.795407 0.606026
vn -0.478673 0.372027 -0.795279
vn -0.275724 0.070343 0.958660
vn 0.295165 -0.897646 -0.327274
vn -0.515855 -0.685794 0.513401
vn 0.846182 -0.512624 -0.145577
vn 0.710365 0.630693 0.312424
vn 0.187765 0.322537 0.927747
vn -0.080448 -0.792023 0.605167
vn 0.315559 -0.924822 -0.212431
vn 0.200113 -0.605494 -0.770280
vn 0.464036 0.853727 -0.236266
vn -0.190655 -0.547354 0.814895
vn -0.718628 -0.692414 -0.064321
vn 0.435508 0.899902 0.022563
vn -0.478982 -0.131724 0.867885
vn -0.146876 0.624497 0.767093
vn 0.324262 0.835249 -0.444086
vn -0.043787 -0.998367 0.036677
vn -0.709847 -0.211579 -0.671827
vn 0.288558 -0.926837 -0.240224
vn -0.449035 -0.689544 0.568240
vn 0.920659 0.356428 -0.159203
vn -0.531248 -0.352005 0.770629
vn 0.233829 -0.626320 0.743671
vn -0.484092 0.794662 0.366288
vn 0.495633 -0.860542 -0.117537
vn 0.593665 0.804647 -0.010233
vn -0.033686 0.995656 0.086803
vn 0.773674 0.335796 0.537279
vn 0.819760 -0.275936 -0.501850
vn -0.376653 -0.691040 -0.616925
vn 0.604828 0.793110 0.071832
vn 0.081509 -0.992872 -0.086953
vn 0.189578 -0.970228 -0.150723
vn 0.768175 0.640143 0.011129
vn 0.581127 -0.684367 -0.440378
vn 0.237460 -0.404614 0.883120
vn 0.855929 -0.378180 -0.352654
vn 0.239347 -0.734757 -0.634701
vn 0.243392 0.560626 -0.791492
vn 0.699729 0.487951 -0.521807
vn 0.690014 0.686893 0.228164
vn -0.351728 -0.761667 0.544198
vn -0.273146 0.767354 0.580138
vn 0.538837 0.552697 -0.635752
vn -0.370647 -0.743754 -0.556283
vn -0.322904 0.897115 0.301525
vn 0.318916 -0.655658 0.684402
vn -0.710079 -0.240566 -0.661752
vn -0.665365 -0.277681 -0.692952
vn 0.008601 -0.998474 -0.054547
vn -0.147929 -0.888561 0.434253
vn 0.024765 0.915656 0.401198
vn -0.641166 0.714973 0.278783
vn -0.586136 -0.768606 0.256302
vn -0.846811 -0.516730 0.126101
vn 0.197869 -0.722957 -0.661952
vn -0.087852 0.984446 0.152147
vn -0.492660 0.653885 0.574213
vn 0.627648 0.695323 0.350120
vn -0.440067 -0.780282 0.444411
vn -0.756195 -0.529418 0.384560
vn 0.660377 -0.609370 -0.438828
vn -0.193417 0.953812 0.229852
vn 0.002048 0.993475 -0.114034
vn -0.635709 -0.503224 0.585355
vn -0.234212 0.927359 0.291804
vn -0.182217 0.917378 0.353856
vn -0.428047 0.889649 0.159058
vn 0.239084 -0.927316 -0.287966
vn -0.998457 0.031516 0.045721
vn -0.114288 -0.906484 0.406479
vn -0.121352 0.686472 0.716958
vn 0.087689 0.290995 0.952698
vn 0.036160 -0.987233 -0.155124
vn -0.157580 -0.790387 0.591994
vn -0.264044 0.947005 0.182929
vn 0.362724 -0.839594 0.404368
vn -0.643802 0.314800 0.697438
vn -0.177765 -0.954451 -0.239629
vn 0.389104 0.920251 0.041673
vn 0.810797 0.584591 0.029352
vn 0.093486 -0.903324 0.418649
vn -0.492771 -0.670957 0.554071
vn -0.132711 -0.931361 0.339050
vn -0.600886 -0.575168 0.555084
vn -0.317468 -0.698899 0.640901
vn -0.680004 -0.208094 0.703059
vn 0.564045 0.819808 0.098836
vn -0.420347 -0.833533 0.358512
vn 0.329807 -0.939129 -0.096247
vn 0.496845 -0.756068 0.426036
vn -0.337752 -0.554765 0.760368
vn 0.835268 0.543629 -0.082431
vn 0.077635 0.752674 0.653800
vn 0.181363 -0.752124 -0.633575
vn 0.775347 -0.619938 -0.120473
vn -0.097667 -0.991204 0.089310
vn -0.306859 -0.834879 0.456962
vn 0.457187 -0.863981 -0.210992
vn -0.183909 -0.858430 0.478827
vn 0.788677 0.590753 0.170292
vn 0.334493 -0.822521 0.459971
vn 0.124200 0.175411 0.976630
vn 0.348066 -0.772116 0.531683
vn -0.473990 0.880102 0.027454
vn -0.771479 -0.474775 0.423566
vn 0.938590 0.231000 -0.256296
vn -0.046235 0.977622 0.205226
vn 0.871109 -0.486484 -0.067104
vn 0.182724 -0.960297 -0.210814
vn 0.470277 -0.607162 -0.640463
vn 0.258928 -0.871915 0.415597
vn 0.149982 -0.931900 0.330253
vn 0.126912 -0.977194 -0.170249
vn -0.454083 -0.876262 -0.161163
vn 0.690298 0.671922 0.268345
vn 0.076202 -0.985713 -0.150208
vn -0.602629 -0.405177 -0.687510
vn -0.082981 0.931151 0.355066
vn -0.286548 0.929813 0.230949
vn -0.001303 0.678530 0.734572
vn -0.535898 0.769126 0.348222
vn 0.005044 -0.887486 0.460808
vn 0.092377 -0.983746 -0.153982
vn -0.005735 0.958309 -0.285676
vn -0.283660 -0.944079 -0.168086
vn 0.634795 -0.707971 -0.309535
vn -0.204939 0.945230 0.254049
vn -0.361171 0.741672 0.565224
vn 0.721087 0.651728 0.235124
vn -0.413016 0.832867 -0.368443
vn 0.589300 0.806142 0.053479
vn -0.023159 -0.834975 0.549801
vn -0.626709 -0.016749 0.779073
vn 0.758259 0.572851 0.311263
vn 0.325852 -0.930618 -0.166646
vn 0.710771 0.554675 0.432598
vn -0.292108 0.375913 -0.879410
vn -0.205945 -0.938482 -0.277199
vn -0.199687 -0.936800 0.287280
vn -0.270534 0.814135 0.513805
vn 0.332794 -0.922317 -0.196416
vn 0.735797 0.676187 -0.037072
vn -0.253651 0.776057 -0.577404
vn -0.924303 -0.378027 0.052523
vn -0.235948 -0.860309 0.451881
vn -0.190936 -0.898358 0.395596
vn 0.506580 0.861823 -0.025260
vn 0.711140 -0.668151 -0.218755
vn -0.665608 0.289189 -0.687994
vn 0.218624 -0.967287 0.128685
vn 0.139177 0.271081 0.952442
vn 0.012798 -0.822625 -0.568440
vn 0.244244 -0.831051 0.499699
vn -0.136901 0.913844 0.382292
vn 0.237757 -0.664783 0.708191
vn 0.799518 0.600211 0.022741
vn 0.845632 0.387787 0.366780
vn 0.201171 -0.925979 -0.319521
vn 0.988866 -0.012919 0.148250
vn -0.181196 0.796389 0.577002
vn 0.201433 -0.766870 0.609372
vn -0.212056 -0.968165 -0.133003
vn 0.208828 -0.893885 0.396687
vn -0.763717 -0.065001 -0.642271
vn 0.025481 -0.840467 -0.541264
vn 0.791062 -0.387043 -0.473729
vn 0.526909 -0.806106 0.269369
vn -0.592115 0.736840 0.326291
vn -0.535978 0.821776 0.193420
vn 0.186965 -0.808756 -0.557636
vn -0.022496 -0.768424 0.639545
vn 0.971429 -0.197719 -0.131276
vn -0.180606 -0.003194 0.983550
vn 0.791009 0.611795 0.003412
vn -0.200718 0.962890 0.180433
vn -0.244888 0.875560 -0.416442
vn -0.096392 0.644735 0.758305
vn -0.636383 0.744881 -0.200422
vn -0.721471 -0.470010 -0.508498
vn -0.288561 0.214499 0.933125
vn 0.421540 0.891493 0.165963
vn -0.070262 -0.948352 0.309340
vn -0.670342 -0.444694 0.594044
vn 0.451921 0.844367 0.287769
vn 0.545107 0.737123 0.399385
vn -0.338314 0.938219 0.072729
vn 0.287933 -0.258568 0.922083
vn -0.258970 0.793563 0.550628
vn 0.264270 -0.624341 0.735092
vn -0.329696 0.933176 0.143120
vn -0.108616 0.824256 0.555701
vn 0.303929 0.931360 -0.200490
vn -0.076393 0.666971 0.741157
vn 0.848534 0.199570 0.490063
vn -0.713515 -0.666377 0.216421
vn 0.101342 -0.934994 0.339877
vn -0.251870 -0.941895 -0.222252
vn -0.231091 0.960372 -0.155828
vn -0.759844 -0.508043 -0.405622
vn -0.935343 -0.252766 -0.247472
vn -0.388383 -0.874219 0.291376
vn -0.142553 0.917233 0.371971
vn 0.281231 -0.939643 -0.194886
vn -0.173302 -0.740490 0.649339
vn -0.387724 0.920676 0.045019
vn 0.479040 -0.877777 -0.005281
vn 0.208470 0.918572 -0.335806
vn -0.394609 0.848214 0.353294
vn -0.561137 -0.791598 0.241865
vn -0.085556 0.856263 -0.509405
vn 0.315060 -0.948800 0.022729
vn -0.540903 -0.810534 0.224632
vn -0.235416 -0.919164 -0.315779
vn -0.665041 -0.746201 0.030068
vn -0.575622 -0.686884 0.443677
vn -0.859907 -0.487219 0.152242
vn 0.916026 0.388526 -0.099720
vn 0.183437 -0.907380 0.378171
vn 0.387366 -0.921923 -0.002138
vn 0.595738 -0.418587 -0.685479
vn -0.630842 -0.764277 0.133866
vn -0.849153 -0.441802 -0.289396
vn 0.315019 -0.719503 0.618933
vn -0.734216 -0.537379 0.414911
vn -0.422223 -0.766292 0.484278
vn -0.958735 -0.037173 -0.281861
vn -0.013569 0.168834 0.985551
vn 0.184685 -0.601633 0.777129
vn 0.035082 -0.978980 -0.200916
vn 0.042593 -0.980404 -0.192336
vn -0.580636 -0.616114 0.532227
vn 0.024488 0.999013 -0.037049
vn 0.778539 0.346530 0.523253
vn -0.244125 0.919277 0.308761
vn -0.383588 -0.172276 0.907293
vn -0.087666 0.656466 0.749244
vn 0.516683 -0.751209 0.410761
vn -0.352893 -0.259742 0.898888
vn 0.258268 -0.841305 0.474872
vn -0.682298 -0.468159 0.561513
vn -0.787112 -0.480662 0.386548
vn -0.811840 -0.288571 -0.507586
vn 0.199071 -0.979260 -0.037696
vn -0.095913 -0.842117 0.530698
vn 0.517295 -0.842986 0.147582
vn -0.499262 -0.863481 0.071684
vn 0.579954 -0.740695 0.339152
vn -0.229286 0.939118 0.255900
vn -0.104670 0.809837 0.577242
vn -0.234228 0.735857 0.635336
vn -0.102987 0.652993 -0.750329
vn 0.199814 -0.521958 0.829237
vn -0.176297 -0.682401 0.709399
vn 0.570295 -0.790452 0.223493
vn 0.468819 0.819435 -0.329750
vn 0.969062 0.156533 0.190831
vn -0.546363 0.769101 0.331620
vn -0.314182 0.902559 0.294410
vn 0.792295 0.270729 -0.546785
vn -0.320769 0.871296 0.371417
vn -0.470299 -0.738452 0.483226
vn -0.200199 -0.821372 0.534106
vn -0.598968 -0.116432 -0.792263
vn -0.136023 -0.928683 0.345029
vn 0.168686 -0.961555 -0.216697
vn -0.228370 0.739173 0.633617
vn 0.275370 -0.706251 0.652213
vn 0.899625 0.433174 -0.055090
vn 0.686398 0.648431 0.329234
vn 0.036760 -0.425630 0.904150
vn 0.096710 0.775271 0.624182
vn 0.043701 -0.988598 -0.144098
vn 0.335457 -0.826892 0.451351
vn 0.643799 0.673703 -0.362831
vn -0.383086 -0.756246 0.530413
vn 0.868742 0.167669 0.466019
vn 0.552914 -0.272568 -0.787396
vn 0.899618 0.390098 -0.196242
vn -0.577509 -0.580684 0.573837
vn 0.500466 0.865599 0.016512
vn -0.085015 0.865890 0.492958
vn 0.695323 0.621843 -0.360329
vn -0.583605 -0.811993 0.008542
vn -0.676168 -0.423098 0.603145
vn 0.220056 -0.933167 -0.284208
vn 0.553604 0.597421 0.580182
vn 0.229202 -0.818752 -0.526415
vn 0.356849 0.880369 0.312424
vn -0.312039 0.784950 0.535243
vn -0.468322 0.873004 -0.136154
vn -0.050491 0.615966 -0.786153
vn -0.298099 0.451069 0.841233
vn 0.146958 0.701497 -0.697356
vn -0.597323 -0.799979 0.056908
vn 0.260818 -0.937080 -0.232067
vn 0.224010 -0.687242 -0.691027
vn -0.199686 0.848530 0.490022
vn 0.652324 0.731591 -0.198111
vn -0.567967 -0.046968 -0.821710
vn 0.197935 -0.825292 0.528881
vn -0.407531 -0.908272 -0.094657
vn -0.318144 -0.364500 0.875171
vn 0.210258 -0.947084 0.242534
vn 0.104399 -0.751233 0.651728
vn -0.852673 -0.181438 -0.489927
vn -0.454890 0.760149 -0.463949
vn -0.608512 -0.743242 0.278037
vn -0.149624 -0.777195 0.611212
vn 0.194702 0.962677 0.188001
vn -0.410960 -0.907833 0.083376
vn -0.021897 -0.884511 -0.466006
vn -0.298856 0.577537 -0.759695
vn -0.657050 -0.306622 0.688671
vn 0.102991 -0.980153 -0.169390
vn 0.644312 0.057213 -0.762619
vn 0.116595 0.990721 0.069833
vn -0.440199 -0.068029 0.895319
vn -0.669911 -0.742409 0.007012
vn -0.574399 -0.143360 -0.805924
vn 0.290517 -0.837129 -0.463482
vn -0.741643 -0.516280 0.428277
vn -0.117592 0.892278 0.435903
vn -0.387126 -0.739675 0.550468
vn 0.511649 0.689865 0.512155
vn -0.128480 -0.896170 0.424702
vn 0.071167 -0.743825 0.664575
vn -0.263585 -0.853328 0.449838
vn 0.653614 -0.347327 -0.672423
vn -0.054642 -0.891522 0.449670
vn -0.388140 -0.497941 -0.775501
vn 0.077880 -0.545870 0.834242
vn 0.599336 0.739324 0.306915
vn 0.649645 0.673633 0.352391
vn -0.088498 -0.379531 0.920936
vn 0.945963 -0.279293 -0.164768
vn 0.162994 -0.878490 -0.449098
vn -0.260534 -0.619340 0.740635
vn -0.578260 0.794900 0.183707
vn 0.764400 -0.644676 -0.009278
vn -0.620801 -0.721113 0.307576
vn -0.555169 -0.824240 0.111423
vn 0.717704 0.655526 0.234919
vn -0.225384 0.926810 0.300376
vn 0.173717 -0.877062 0.447867
vn -0.183075 -0.953025 -0.241301
vn -0.701726 -0.282891 -0.653876
vn -0.102989 -0.718892 0.687450
vn -0.007095 -0.999972 0.002380
vn -0.461962 -0.886243 -0.034122
vn 0.313563 -0.914736 -0.254825
vn -0.116017 -0.935096 0.334867
vn -0.022053 -0.999652 -0.014467
vn -0.933017 0.017991 0.359382
vn 0.045933 -0.962468 -0.267481
vn -0.139068 -0.744271 -0.653239
vn -0.288269 0.138965 0.947412
vn 0.507541 0.842886 0.178733
vn -0.529373 -0.846214 0.060704
vn -0.302003 -0.837303 0.455762
vn -0.668397 -0.667233 0.328702
vn 0.204846 -0.759677 0.617195
vn -0.526178 0.841071 0.125446
vn -0.423375 -0.868533 0.257689
vn -0.282152 0.777974 0.561380
vn 0.937817 -0.344732 -0.040738
vn 0.039643 -0.927215 -0.372425
vn 0.014947 0.456336 -0.889682
vn 0.305410 -0.882409 0.357882
vn 0.137218 0.178986 0.974236
vn -0.071161 -0.898526 0.433114
vn 0.164096 -0.773320 -0.612412
vn -0.630914 0.100338 0.769337
vn 0.379906 -0.923033 0.060678
vn -0.218965 -0.862125 0.456941
vn -0.515456 -0.853960 0.071115
vn 0.373044 -0.921396 0.108938
vn -0.659267 -0.465488 0.590499
vn 0.740503 0.049708 -0.670212
vn 0.229402 -0.674255 -0.701965
vn 0.724189 -0.682809 0.096549
vn 0.162339 -0.954849 -0.248816
vn -0.997704 -0.017200 -0.065503
vn -0.128344 0.798801 0.587745
vn -0.064867 0.153528 -0.986013
vn -0.480383 -0.786579 0.387977
vn 0.152308 0.651781 0.742956
vn -0.195293 0.968146 0.156696
vn 0.241781 -0.078634 -0.967139
vn 0.276474 -0.736594 0.617245
vn 0.911965 0.408232 -0.040823
vn 0.163704 -0.957783 -0.236331
vn 0.547857 -0.519974 -0.655348
vn 0.363263 0.926221 0.100767
vn -0.241521 0.936831 0.253011
vn 0.565930 0.809960 -0.153911
vn -0.233830 0.963910 0.127280
vn 0.748905 0.454425 0.482327
vn 0.414840 -0.894612 -0.166064
vn 0.167694 -0.745040 0.645596
vn -0.766770 0.326880 -0.552461
vn -0.997091 0.039877 -0.064963
vn -0.479925 -0.672908 -0.562910
vn -0.299762 -0.621010 -0.724216
vn 0.029746 -0.907164 -0.419726
vn -0.275906 0.812149 0.514092
vn -0.072940 -0.996779 -0.033338
vn -0.128795 0.887564 0.442315
vn 0.094034 0.266011 0.959373
vn -0.530368 0.122978 0.838800
vn -0.384703 0.838937 0.384953
vn -0.097351 -0.704321 -0.703175
vn 0.217489 -0.962657 -0.161217
vn -0.409878 -0.314250 -0.856299
vn 0.130130 -0.975436 -0.177738
vn 0.431565 0.193211 -0.881147
vn -0.582581 -0.546829 -0.601313
vn -0.763340 -0.106050 0.637232
vn -0.041335 0.998935 -0.020487
vn 0.802561 0.477251 -0.357948
vn -0.034335 0.882640 -0.468793
vn 0.370197 0.239475 -0.897556
vn -0.757618 -0.650871 0.048799
vn 0.089539 0.316641 0.944310
vn -0.791004 -0.509094 0.339317
vn 0.135190 -0.779914 0.611112
vn 0.596506 0.777799 0.198014
vn 0.313667 -0.944690 0.095780
vn -0.446234 0.778705 0.441014
vn 0.201748 -0.975686 -0.085645
vn -0.495165 -0.657727 0.567632
vn -0.593521 -0.544454 0.592709
vn 0.119675 -0.978611 -0.167326
vn -0.357500 0.232394 0.904537
vn 0.181972 -0.934030 -0.307366
vn -0.362035 -0.801714 0.475589
vn -0.401266 0.783191 -0.474971
vn -0.561941 -0.644032 -0.519081
vn 0.233846 -0.481759 -0.844526
vn 0.281727 -0.895223 0.345262
vn 0.574586 0.815403 0.070494
vn 0.175726 -0.977680 -0.115165
vn -0.461443 0.016777 -0.887011
vn -0.354551 0.921306 0.159653
vn -0.344236 -0.717906 -0.605072
vn 0.383345 -0.917620 -0.104977
vn -0.483388 -0.859106 0.168145
vn 0.757213 0.642442 0.117884
vn 0.352770 -0.717357 0.600793
vn 0.450921 -0.886250 -0.105975
vn -0.837312 -0.488558 0.245399
vn 0.002464 0.238247 0.971202
vn -0.561692 -0.827142 0.018380
vn -0.262051 -0.908950 0.324251
vn -0.066316 -0.005860 0.997781
vn -0.544086 -0.750560 -0.375007
vn -0.261213 0.945902 0.192450
vn 0.125694 0.988418 -0.085038
vn 0.256725 -0.795344 0.549109
vn -0.536133 -0.608887 0.584652
vn -0.546235 0.057621 -0.835648
vn 0.612730 -0.558484 -0.559158
vn -0.302931 -0.387955 -0.870473
vn -0.382286 -0.734610 0.560540
vn -0.499730 -0.471114 -0.726857
vn 0.298818 -0.081661 0.950810
vn -0.138627 -0.917926 0.371745
vn -0.342249 -0.480732 -0.807318
vn 0.133648 0.970208 0.202077
vn -0.049520 0.989373 0.136707
vn -0.130779 0.284468 0.949724
vn 0.540853 -0.717377 -0.439146
vn 0.684996 0.696848 0.212564
vn -0.080719 0.110193 -0.990627
vn -0.366345 0.781459 0.505087
vn -0.519817 -0.837346 0.169240
vn -0.098631 0.845667 0.524518
vn -0.117371 0.626725 0.770351
vn -0.141954 0.737815 0.659907
vn 0.565915 -0.671332 -0.478596
vn 0.125433 -0.803472 -0.581979
vn -0.231507 0.803678 0.548185
vn -0.043981 -0.869233 0.492442
vn -0.069700 -0.940618 -0.332235
vn -0.386460 -0.917541 0.093629
vn 0.917765 -0.260920 0.299381
vn -0.438826 -0.657555 0.612416
vn -0.328530 -0.776330 -0.537940
vn -0.125445 -0.799861 0.586930
vn 0.134045 -0.972843 -0.188705
vn -0.329368 -0.938275 0.105624
vn -0.619199 -0.265079 0.739139
vn 0.938969 -0.204247 -0.276805
vn 0.069647 0.571521 0.817626
vn -0.096228 -0.419788 -0.902506
vn 0.074640 -0.982894 0.168368
vn 0.138997 0.271264 0.952415
vn -0.216410 -0.379636 0.899468
vn 0.216717 -0.967836 -0.127777
vn 0.328219 -0.790776 0.516668
vn -0.614271 0.447535 0.649911
vn 0.302579 -0.741120 0.599322
vn -0.401316 -0.801832 -0.442731
vn 0.611641 -0.790931 0.017969
vn -0.581525 0.646632 0.493655
vn -0.084061 -0.553934 0.828306
vn 0.683805 0.642511 0.345819
vn -0.210309 -0.605619 -0.767461
vn 0.001391 0.691263 0.722602
vn -0.270434 -0.148784 -0.951172
vn 0.039823 -0.821929 0.568196
vn 0.328790 -0.248686 0.911072
vn 0.077102 -0.374299 -0.924097
vn -0.936576 -0.341124 -0.080373
vn -0.003269 -0.716980 0.697086
vn -0.580907 -0.736957 -0.345604
vn -0.258780 0.046659 -0.964809
vn -0.230859 -0.870724 0.434216
vn 0.158905 0.400480 0.902422
vn 0.044610 0.705020 -0.707783
vn -0.053763 -0.247520 0.967390
vn 0.419793 -0.772641 -0.476234
vn -0.683872 -0.305033 -0.662778
vn 0.191805 -0.941883 -0.275801
vn 0.684640 0.258858 -0.681367
vn -0.572730 -0.583820 0.575443
vn -0.157906 0.934701 0.318434
vn -0.432559 0.624146 0.650641
vn -0.379154 -0.468595 -0.797911
vn -0.261116 -0.393021 -0.881676
vn -0.822014 -0.506549 -0.260194
vn -0.080414 -0.962359 -0.259612
vn -0.727424 -0.054590 0.684014
vn -0.468682 0.719830 0.512038
vn -0.351994 0.255222 0.900534
vn -0.718845 -0.268743 0.641123
vn -0.287555 -0.956729 0.044526
vn -0.725804 0.097236 -0.680994
vn -0.408433 0.776935 0.479118
vn -0.084807 -0.910933 0.403743
vn -0.334304 -0.837023 0.433166
vn -0.899712 -0.373506 0.225857
vn -0.741639 -0.670619 0.015530
vn 0.341144 -0.916083 -0.210744
vn -0.538561 0.096336 0.837061
vn -0.359158 0.873411 0.328877
vn -0.228846 -0.835648 0.499321
vn -0.192660 0.971726 -0.136497
vn -0.841048 -0.462303 0.280916
vn -0.831467 -0.553323 -0.049966
vn -0.418653 0.002687 -0.908142
vn -0.337977 0.803616 0.489871
vn 0.194097 -0.979041 0.061681
vn -0.200065 0.952139 0.231098
vn -0.195692 -0.186004 -0.962864
vn -0.254211 0.224655 0.940695
vn 0.111322 -0.923464 -0.367181
vn -0.411490 -0.904843 0.109245
vn -0.052848 0.123611 -0.990923
vn -0.476035 -0.106849 -0.872911
vn -0.885920 -0.105435 -0.451695
vn -0.665498 0.122037 0.736356
vn 0.669131 -0.740715 0.060045
vn -0.389742 0.863958 0.318870
vn 0.305762 0.239560 -0.921477
vn -0.452582 -0.585874 0.672251
vn 0.507123 0.853065 0.122908
vn -0.260118 -0.742639 0.617111
vn 0.121509 0.261144 0.957622
vn -0.953138 -0.297841 0.053085
vn -0.219258 -0.098026 0.970730
vn 0.297084 -0.913019 -0.279529
vn -0.040828 -0.902184 0.429414
vn -0.861986 -0.460898 -0.211078
vn 0.449254 0.697828 0.557859
vn -0.141032 0.137031 -0.980476
vn -0.319543 0.840448 0.437652
vn -0.134416 -0.979852 -0.147723
vn -0.458368 0.089448 0.884250
vn 0.731751 -0.194781 -0.653147
vn -0.142470 -0.852806 0.502419
vn 0.372553 0.434221 -0.820157
vn 0.751530 -0.335673 -0.567914
vn -0.071297 0.846199 0.528076
vn 0.018086 -0.495430 0.868460
vn -0.421735 -0.703797 -0.571672
vn 0.105163 -0.677160 0.728282
vn 0.110683 -0.360676 -0.926100
vn -0.046667 -0.979070 -0.198100
vn 0.527172 0.803698 0.275969
vn -0.426176 0.103495 -0.898700
vn -0.139204 0.650381 0.746744
vn 0.003879 0.790195 -0.612844
vn 0.457598 0.184976 -0.869706
vn 0.015228 0.329127 -0.944163
vn 0.485531 0.155996 -0.860189
vn 0.237491 0.172748 0.955906
vn 0.101018 -0.272736 -0.956771
vn -0.217279 -0.366994 -0.904492
vn -0.426372 -0.679247 -0.597353
vn 0.240820 -0.968915 0.056650
vn -0.290607 -0.330223 -0.898054
vn -0.680648 -0.065688 -0.729660
vn -0.380004 0.709364 0.593632
vn 0.077586 -0.065881 -0.994807
vn -0.567288 -0.809680 0.150340
vn 0.076840 0.171965 0.982102
vn -0.060604 0.262770 -0.962953
vn -0.343980 -0.803595 0.485709
vn 0.921452 -0.280206 0.269092
vn -0.220587 0.965844 0.135967
vn 0.057622 0.242834 0.968355
vn 0.168357 -0.985593 -0.016179
vn -0.950223 -0.188267 -0.248259
vn 0.483289 -0.872232 -0.075123
vn 0.915711 0.382432 -0.123367
vn -0.623616 -0.780209 0.048748
vn -0.653834 -0.487988 -0.578246
vn -0.203883 -0.960843 -0.187648
vn -0.546273 -0.147357 0.824543
vn -0.810061 0.586333 -0.003869
vn 0.051125 -0.490021 -0.870210
vn 0.090015 -0.657157 -0.748360
vn 0.364767 -0.930904 0.019043
vn -0.060637 -0.986806 -0.150121
vn 0.493333 -0.494478 -0.715621
vn 0.049607 -0.966185 0.253034
vn 0.011709 -0.854269 -0.519699
vn 0.013366 -0.006082 0.999892
vn -0.950414 -0.259707 0.171074
vn -0.032785 -0.813657 0.580419
vn 0.222564 -0.956008 -0.191088
vn 0.172212 -0.914856 -0.365215
vn 0.138047 0.808437 0.572164
vn -0.258656 0.404219 -0.877328
vn -0.105542 0.655793 0.747527
vn -0.389195 0.108938 -0.914691
vn -0.320585 -0.430046 -0.843970
vn -0.352736 -0.368831 -0.859966
vn -0.416791 -0.106565 -0.902734
vn -0.114549 -0.991872 -0.055389
vn -0.465504 0.205439 0.860872
vn 0.556616 0.278966 -0.782532
vn -0.361784 0.680076 0.637659
vn -0.924088 -0.243953 -0.294190
vn -0.574669 -0.627288 -0.525609
vn -0.597604 -0.505556 0.622320
vn -0.537832 -0.560305 0.629917
vn 0.119805 -0.502600 -0.856178
vn 0.155927 -0.944511 -0.289111
vn 0.174406 -0.965613 -0.192806
vn -0.323262 -0.038823 -0.945513
vn -0.637568 0.377217 0.671724
vn -0.248582 -0.910893 0.329365
vn 0.569714 -0.779555 -0.260229
vn 0.529437 -0.315705 0.787418
vn -0.255228 -0.691735 -0.675545
vn -0.544276 -0.106755 -0.832086
vn 0.516491 -0.854964 -0.047685
vn -0.762191 -0.511192 0.397176
vn -0.625003 -0.435928 -0.647563
vn 0.358094 -0.902163 -0.240563
vn 0.064483 -0.848174 -0.525777
vn 0.466827 -0.201856 -0.861003
vn -0.110871 -0.861890 0.494827
vn -0.364883 -0.748891 -0.553193
vn -0.807687 -0.588172 -0.041178
vn -0.805565 -0.552493 0.214047
vn -0.881247 0.466058 0.078693
vn -0.464893 -0.040851 0.884424
vn 0.323731 -0.528981 0.784460
vn 0.026326 -0.989335 -0.143261
vn 0.207083 -0.197140 0.958255
vn 0.507370 -0.853873 -0.116091
vn 0.031494 -0.034024 -0.998925
vn 0.332808 -0.831936 0.443983
vn 0.039879 -0.718445 -0.694439
vn 0.243399 -0.483723 0.840696
vn -0.721062 -0.689688 -0.066335
vn -0.223744 0.073239 -0.971892
vn -0.215887 0.098472 -0.971440
vn 0.136278 -0.164978 0.976837
vn 0.746391 -0.530803 0.401433
vn -0.196133 -0.302549 -0.932736
vn 0.936929 0.296901 -0.184430
vn -0.159027 -0.480839 -0.862267
vn 0.107993 -0.963873 -0.243489
vn -0.592917 0.334996 -0.732275
vn 0.264838 -0.680655 0.683059
vn -0.787816 0.186103 -0.587122
vn 0.770151 0.498016 -0.398556
vn 0.948478 0.134598 -0.286834
vn -0.063912 -0.947187 0.314249
vn 0.067675 -0.973788 -0.217156
vn -0.467264 -0.667002 0.580322
vn -0.781453 0.010637 0.623874
vn -0.308563 -0.889974 -0.335759
vn -0.973343 -0.168269 0.155849
vn 0.142375 -0.401392 -0.904773
vn -0.566766 0.066766 0.821169
vn -0.674213 -0.407235 0.616114
vn -0.984236 -0.173131 -0.036139
vn -0.100371 0.971346 0.215434
vn -0.920779 -0.387322 0.046344
vn -0.013792 -0.525749 -0.850528
vn 0.141030 -0.901009 -0.410236
vn -0.544426 0.452554 -0.706254
vn 0.058576 -0.989696 -0.130652
vn -0.329806 -0.883694 0.332134
vn 0.221448 0.008663 0.975134
vn 0.097534 0.240904 0.965636
vn 0.439513 -0.712943 0.546389
vn 0.885126 -0.421066 0.198131
vn 0.188083 -0.972126 -0.139982
vn 0.396203 -0.711430 -0.580423
vn -0.144569 -0.922820 -0.357076
vn 0.352178 -0.923097 -0.154474
vn 0.467479 0.097497 -0.878611
vn -0.405335 0.877530 -0.256211
vn -0.681035 -0.457664 0.571607
vn 0.286413 -0.619722 0.730693
vn 0.375019 -0.193455 -0.906607
vn 0.332679 -0.595817 -0.730977
vn 0.333178 -0.761695 0.555710
vn 0.244249 -0.951040 -0.189381
vn 0.278127 -0.482419 -0.830612
vn 0.189739 -0.946705 -0.260287
vn -0.396656 -0.844143 -0.360676
vn 0.137423 -0.967123 0.213982
vn 0.219937 -0.487529 -0.844952
vn 0.019640 -0.282760 -0.958990
vn -0.011501 -0.817322 -0.576066
vn -0.057316 -0.302749 -0.951346
vn 0.081507 0.777699 0.623331
vn 0.274780 -0.855000 0.439854
vn -0.101623 -0.319754 -0.942035
vn 0.364591 -0.618876 0.695748
vn -0.169366 0.028311 -0.985146
vn 0.294259 -0.679752 0.671825
vn -0.908005 0.416295 -0.047175
vn 0.298799 -0.908268 0.292863
vn -0.958110 -0.208660 -0.196181
vn -0.704243 0.172046 0.688798
vn -0.821958 0.373401 -0.430066
vn -0.137536 -0.726432 0.673336
vn 0.564765 -0.768291 -0.301281
vn -0.290644 -0.875494 -0.386052
vn 0.527169 -0.155223 -0.835463
vn -0.267987 -0.768812 -0.580612
vn -0.655266 -0.736064 0.169813
vn -0.815890 -0.367349 0.446518
vn 0.282512 0.340737 -0.896708
vn 0.286015 -0.166878 -0.943582
vn -0.725445 -0.482306 0.491029
vn 0.238604 -0.416246 -0.877387
vn 0.239432 -0.746852 -0.620390
vn 0.526482 0.605955 0.596352
vn 0.173646 -0.567553 -0.804817
vn -0.039115 -0.188948 -0.981208
vn -0.661557 -0.447546 0.601702
vn 0.132009 -0.820979 -0.555488
vn -0.333397 0.822713 0.460424
vn 0.027359 -0.588748 -0.807854
vn -0.150622 -0.090342 -0.984455
vn 0.100280 -0.867316 -0.487552
vn -0.814973 0.578731 -0.029825
vn -0.553950 0.699255 0.451865
vn -0.331041 0.096893 -0.938628
vn -0.275920 -0.319924 -0.906376
vn -0.362688 -0.135598 -0.921993
vn -0.276089 -0.583276 -0.763914
vn -0.406038 -0.498035 -0.766221
vn -0.485391 -0.376291 -0.789177
vn -0.557053 -0.364838 -0.746047
vn -0.027113 -0.995937 -0.085871
vn -0.064358 -0.996883 -0.045631
vn 0.111698 0.203544 0.972673
vn 0.525579 -0.850531 0.019071
vn -0.667355 -0.740813 0.076371
vn -0.600565 -0.788085 0.135066
vn -0.090497 0.771845 0.629337
vn 0.399914 -0.916169 0.026506
vn 0.586428 0.047414 -0.808613
vn 0.688691 0.283915 -0.667155
vn 0.088261 -0.812222 0.576632
vn -0.035661 0.996743 -0.072333
vn -0.630668 0.593566 0.499937
vn 0.285009 0.051850 0.957121
vn -0.209563 -0.967256 -0.143177
vn 0.036764 -0.658230 -0.751919
vn -0.420963 -0.898330 -0.125671
vn 0.262289 -0.758754 -0.596235
vn -0.651358 -0.757155 -0.049490
vn -0.351876 -0.758879 0.547983
vn 0.516790 0.073942 -0.852913
vn -0.789498 -0.585167 -0.185129
vn 0.323193 -0.885406 -0.334070
vn 0.000718 0.969013 0.247010
vn -0.257161 0.300728 0.918385
vn 0.212038 -0.923596 -0.319391
vn -0.241399 0.380435 0.892746
vn 0.169230 -0.951652 -0.256360
vn 0.687539 -0.719512 -0.097942
vn -0.941331 -0.288133 -0.175715
vn 0.521619 -0.831295 -0.191996
vn 0.615011 -0.773431 0.153511
vn -0.962552 -0.171763 -0.209743
vn 0.944711 -0.067150 -0.320954
vn -0.504476 0.744706 0.436939
vn 0.634285 -0.372489 -0.677447
vn -0.203209 -0.785803 -0.584141
vn -0.076806 -0.945014 0.317882
vn 0.121314 0.014746 -0.992505
vn 0.161064 -0.957881 -0.237744
vn 0.314562 -0.867972 0.384286
vn -0.690703 -0.327608 0.644672
vn -0.322368 -0.679281 -0.659285
vn 0.639722 0.565937 0.520069
vn -0.758033 0.025877 0.651702
vn -0.530118 -0.204666 0.822853
vn -0.215488 -0.966604 -0.138716
vn -0.927060 0.360679 0.102331
vn -0.514560 -0.615782 0.596691
vn 0.716894 0.282496 -0.637384
vn -0.981279 -0.139394 -0.132893
vn 0.468085 -0.858276 -0.210377
vn 0.053813 -0.874200 -0.482574
vn 0.756999 0.172276 -0.630296
vn 0.338482 0.940494 -0.030024
vn 0.582555 0.152061 -0.798440
vn -0.050117 -0.932852 -0.356757
vn 0.061847 0.339951 0.938407
vn -0.025139 -0.958784 -0.283021
vn 0.477288 0.264013 -0.838149
vn 0.075925 -0.563874 -0.822364
vn -0.065212 -0.997851 -0.006348
vn -0.074071 -0.875687 -0.477165
vn 0.476612 0.874538 0.089580
vn -0.903974 -0.284112 -0.319549
vn -0.616165 -0.678936 0.399233
vn 0.446044 0.104125 -0.888933
vn 0.130965 0.064343 0.989297
vn 0.266482 -0.962952 -0.041357
vn 0.123342 0.113973 -0.985798
vn 0.062124 -0.148864 -0.986904
vn -0.450375 0.488984 0.747032
vn -0.088734 0.993058 0.077220
vn -0.710863 -0.486331 -0.508091
vn 0.684912 0.148711 -0.713288
vn -0.047157 -0.985922 0.160421
vn 0.532051 0.210349 -0.820168
vn -0.537985 0.096638 0.837396
vn 0.945917 -0.175769 0.272664
vn 0.870524 0.487208 -0.069401
vn 0.511170 -0.220311 0.830764
vn 0.564863 -0.397571 -0.723095
vn 0.156470 -0.898225 0.410741
vn -0.532849 0.836665 0.126743
vn 0.352128 0.147170 -0.924309
vn -0.835998 0.104670 0.538657
vn 0.408204 0.011105 -0.912823
vn 0.460203 -0.384164 -0.800395
vn 0.520721 0.667554 0.532185
vn -0.404210 -0.404317 0.820452
vn -0.651981 -0.328837 0.683218
vn 0.284244 -0.366030 -0.886131
vn -0.324081 0.792500 0.516638
vn 0.123332 -0.075298 -0.989505
vn 0.084404 -0.156679 -0.984037
vn -0.216030 -0.117020 -0.969349
vn -0.988991 -0.048543 0.139788
vn -0.240893 -0.368736 -0.897777
vn 0.991051 -0.132731 -0.014137
vn -0.975362 -0.190069 -0.111995
vn -0.760091 -0.487731 -0.429395
vn 0.123813 0.931877 -0.340993
vn 0.582742 0.786871 0.203089
vn 0.770740 -0.569322 -0.286065
vn -0.230518 -0.743325 0.627957
vn 0.246747 -0.967146 -0.061192
vn 0.756481 -0.119444 -0.643016
vn -0.514531 0.840530 0.169610
vn 0.489123 0.308566 -0.815810
vn -0.618935 0.741365 0.259417
vn 0.570666 -0.810043 -0.134801
vn -0.292934 0.904561 0.309772
vn -0.391808 0.797574 0.458652
vn 0.222317 -0.955961 -0.191607
vn 0.049440 0.499732 0.864768
vn 0.206121 -0.621673 -0.755670
vn -0.993070 -0.048437 0.107076
vn 0.436866 -0.898544 -0.042031
vn -0.959440 -0.209732 -0.188383
vn 0.544122 -0.760679 -0.353976
vn 0.959761 0.168344 0.224763
vn 0.450677 -0.024259 -0.892358
vn -0.989639 -0.116249 -0.084262
vn 0.341995 0.025374 -0.939359
vn 0.421186 -0.275022 -0.864272
vn 0.414640 -0.408069 -0.813359
vn 0.386804 -0.525079 -0.758072
vn 0.897570 -0.380730 0.222288
vn -0.100656 0.771278 -0.628489
vn -0.658743 -0.575700 0.484383
vn 0.026552 0.031923 -0.999138
vn -0.274305 -0.881025 -0.385424
vn 0.068096 -0.913549 0.400987
vn 0.011369 -0.133574 -0.990974
vn 0.072507 -0.259443 -0.963033
vn -0.174710 0.771414 -0.611880
vn 0.174726 -0.960032 -0.218655
vn -0.142778 -0.199000 0.969543
vn -0.232546 0.802794 0.549040
vn 0.635902 0.726951 0.259176
vn 0.017939 -0.828568 0.559601
vn 0.235559 -0.968508 0.080649
vn -0.851052 0.324144 -0.413089
vn -0.312913 -0.091080 0.945405
vn -0.235779 0.074715 0.968930
vn 0.688540 -0.708686 0.153874
vn 0.698058 -0.028847 -0.715459
vn -0.440870 0.839878 0.316605
vn 0.429318 0.251825 -0.867335
vn 0.486139 0.208671 -0.848602
vn -0.875189 -0.255415 -0.410862
vn -0.416994 0.859184 -0.296511
vn 0.514559 0.854566 0.070326
vn -0.185834 -0.764033 0.617835
vn -0.668059 -0.507866 0.543846
vn 0.414684 -0.898070 -0.146652
vn -0.411200 0.911474 0.011350
vn 0.132207 0.260134 -0.956479
vn -0.396804 -0.757761 0.518019
vn 0.429931 -0.863500 -0.263681
vn -0.501234 0.852125 -0.150489
vn 0.099452 -0.151675 -0.983414
vn 0.283169 -0.694378 -0.661554
vn -0.045218 0.017294 -0.998827
vn 0.211463 -0.942314 -0.259475
vn 0.185600 -0.968291 -0.167231
vn -0.550350 0.822447 0.143859
vn -0.436710 0.836091 0.332018
vn 0.950696 -0.008730 -0.310002
vn 0.537518 0.129664 -0.833224
vn 0.133926 0.840311 -0.525301
vn 0.516030 0.856486 0.011999
vn 0.667330 -0.684501 0.293476
vn 0.682562 -0.725538 0.087775
vn 0.680038 -0.421977 -0.599570
vn 0.748406 0.663240 -0.000793
vn 0.693063 -0.655717 -0.299497
vn -0.220181 0.962074 0.161041
vn -0.191631 -0.917098 -0.349583
vn 0.439530 -0.502506 -0.744514
vn -0.577340 0.813399 0.071135
vn 0.152594 -0.978715 0.137232
vn -0.034059 0.728201 -0.684517
vn 0.621428 0.754858 -0.209802
vn 0.325420 0.512837 -0.794418
vn -0.451196 0.837908 0.307136
vn 0.975877 0.161874 -0.146493
vn 0.027317 0.277874 0.960229
vn 0.463033 0.783518 0.414367
vn 0.136255 0.826654 0.545965
vn -0.487216 0.612449 0.622517
vn 0.989748 -0.005880 -0.142705
vn 0.448350 0.889311 -0.090045
vn -0.461839 -0.688896 0.558684
vn 0.601406 0.794985 -0.079441
vn 0.646475 0.752297 -0.126959
vn -0.935851 0.203713 0.287548
vn 0.071059 -0.772987 -0.630430
vn 0.222966 -0.590980 -0.775261
vn 0.070241 -0.658453 -0.749337
vn 0.823989 -0.277100 0.494224
vn 0.356398 -0.933369 0.042459
vn -0.224871 0.858187 0.461464
vn 0.332465 0.405006 -0.851726
vn -0.202186 0.216467 0.955125
vn -0.391811 0.743138 -0.542430
vn 0.015252 0.400358 0.916232
vn 0.064620 -0.997502 0.028523
vn -0.823572 -0.386101 -0.415518
vn 0.804655 0.438451 -0.400364
vn -0.142453 0.189404 0.971511
vn -0.637820 0.756445 0.144832
vn 0.082656 0.749447 -0.656884
vn -0.307791 0.918227 0.249245
vn -0.024248 0.203504 -0.978774
vn -0.024878 0.070765 -0.997183
vn -0.224092 0.966853 0.122383
vn -0.405647 0.834468 0.372979
vn 0.407698 0.137011 -0.902779
vn -0.108154 0.541459 0.833741
vn 0.297663 -0.730560 0.614556
vn 0.858273 0.457536 -0.232441
vn 0.488306 0.776504 0.398245
vn 0.348998 -0.517150 0.781509
vn 0.987874 0.149717 -0.041094
vn 0.883986 0.168501 -0.436091
vn 0.271297 -0.916095 -0.295243
vn 0.940449 -0.175215 0.291299
vn 0.634797 0.738779 0.226359
vn 0.290965 0.677138 0.675887
vn -0.213120 0.975931 0.046256
vn 0.335020 -0.191579 0.922529
vn 0.131018 0.974349 0.182973
vn -0.218503 -0.884200 0.412852
vn 0.075114 -0.969841 0.231878
vn 0.742844 0.662430 0.096800
vn -0.085237 -0.943983 0.318796
vn -0.291049 -0.793631 -0.534267
vn 0.299221 0.884128 -0.358866
vn 0.021009 0.916529 0.399416
vn -0.736679 0.365025 0.569263
vn 0.591614 0.806003 0.018754
vn -0.688781 -0.619082 0.377252
vn 0.981782 -0.175238 -0.073455
vn 0.349829 0.936455 0.025915
vn 0.664876 0.666659 -0.336907
vn -0.249656 0.926658 0.281027
vn 0.510295 -0.844823 -0.160850
vn 0.836733 0.524937 -0.155947
vn -0.228179 -0.909023 -0.348729
vn -0.136523 0.990632 0.003200
vn 0.062986 0.365575 -0.928648
vn 0.152485 0.469616 -0.869603
vn 0.256725 0.274209 -0.926770
vn 0.119560 0.980071 -0.158636
vn 0.295623 -0.038409 -0.954532
vn -0.934300 0.135713 0.329643
vn -0.663463 0.411598 0.624823
vn 0.630349 0.479680 -0.610383
vn 0.561298 -0.015843 -0.827462
vn 0.848312 0.502329 -0.167428
vn -0.488976 0.839959 0.235313
vn 0.155794 0.157113 0.975215
vn 0.831141 0.311015 0.460949
vn 0.542378 -0.537984 -0.645291
vn 0.348452 0.636659 0.687929
vn -0.967592 -0.242027 0.072025
vn 0.815126 0.528677 0.236792
vn 0.443548 0.887112 0.127663
vn 0.964175 -0.044357 0.261531
vn 0.543860 0.705912 0.453767
vn 0.951317 0.087345 0.295579
vn 0.461535 0.880623 -0.107180
vn 0.707862 0.705334 -0.037876
vn -0.267352 0.574195 -0.773836
vn -0.506100 0.056346 0.860632
vn -0.175941 0.540006 0.823067
vn 0.195866 0.330996 -0.923081
vn 0.277326 0.941889 0.189568
vn 0.649659 0.688787 0.321737
vn 0.541277 0.835947 0.090616
vn 0.383209 0.764358 -0.518564
vn -0.006319 -0.164390 0.986375
vn -0.068893 0.783149 0.618006
vn 0.721840 0.521454 0.455008
vn -0.221082 0.933336 0.282853
vn -0.962463 -0.257277 0.086451
vn 0.638419 0.542098 0.546398
vn -0.815561 0.182930 0.548996
vn 0.179045 0.252622 0.950855
vn 0.181035 0.983424 -0.010195
vn -0.263654 0.807398 0.527821
vn 0.212384 0.312589 0.925841
vn 0.621011 0.776495 0.106776
vn 0.387802 0.910618 0.142775
vn 0.674278 -0.160240 -0.720883
vn 0.838837 0.093259 -0.536335
vn 0.845940 -0.525910 -0.088342
vn 0.622477 -0.781935 -0.033174
vn 0.573434 0.812052 0.108374
vn 0.541456 0.836520 0.084020
vn 0.615137 -0.348053 -0.707436
vn 0.249878 -0.103924 0.962684
vn -0.120861 0.799138 0.588872
vn 0.365279 -0.460956 0.808759
vn 0.816829 0.558909 -0.142870
vn 0.808651 0.582907 -0.079389
vn 0.744136 0.644045 -0.177391
vn 0.713144 0.684233 0.152481
vn 0.279696 -0.646983 -0.709354
vn 0.796932 -0.531675 -0.286742
vn 0.239009 -0.699640 0.673334
vn 0.165197 -0.257772 0.951979
vn 0.460888 -0.860257 -0.218038
vn -0.092314 0.507635 -0.856613
vn 0.711331 0.635940 0.299314
vn 0.988863 0.126328 0.078689
vn 0.904036 0.201469 -0.377001
vn 0.875100 0.349731 0.334498
vn 0.698900 0.558748 -0.446475
vn 0.492775 0.712960 0.498860
vn -0.520546 0.816715 -0.249012
vn 0.747651 0.635746 -0.191953
vn 0.094374 0.921411 0.376956
vn -0.074501 0.994879 0.068301
vn 0.787394 0.525023 0.323050
vn 0.618459 0.785689 -0.014190
vn 0.896038 0.415216 -0.157199
vn -0.245400 0.946880 -0.207838
vn 0.921352 0.386526 0.041336
vn -0.027967 -0.951890 0.305161
vn -0.504424 0.738299 0.447740
vn 0.817242 -0.048530 -0.574247
vn -0.624418 0.707728 0.330489
vn -0.774212 0.528009 0.349003
vn 0.813931 -0.326268 0.480692
vn 0.649778 0.759939 -0.016790
vn -0.768480 -0.502006 0.396773
vn 0.672939 0.738977 -0.032643
vn 0.663320 0.745852 0.060911
vn -0.053729 0.907771 0.416011
vn -0.843942 -0.380686 0.377942
vn -0.438364 0.893782 0.094822
vn -0.995922 0.033322 0.083837
vn 0.633494 0.769966 -0.076407
vn 0.116528 0.724397 0.679463
vn -0.206172 0.940119 0.271422
vn -0.120674 0.905472 0.406889
vn 0.010837 -0.997409 0.071113
vn -0.172065 0.468286 -0.866662
vn -0.062312 0.614938 0.786109
vn -0.062298 0.997411 -0.035926
vn -0.103834 0.938437 -0.329475
vn -0.221455 0.818587 0.529975
vn -0.040925 -0.767932 -0.639222
vn 0.020687 0.107570 -0.993982
vn -0.274949 0.954054 0.119093
vn 0.236257 0.716634 -0.656216
vn -0.190013 0.896273 0.400736
vn -0.133595 0.986248 0.097297
vn -0.248226 0.951984 0.179193
vn 0.070569 0.973686 -0.216693
vn 0.438886 0.676138 -0.591791
vn 0.518344 0.371675 -0.770180
vn -0.998837 -0.037018 -0.030876
vn 0.449316 0.674299 -0.586035
vn 0.599762 0.798109 -0.057516
vn 0.627494 -0.342892 -0.699054
vn 0.654307 0.725338 0.213932
vn 0.590300 0.806797 -0.024983
vn 0.884817 -0.010408 -0.465823
vn 0.164338 0.180427 0.969762
vn -0.078908 0.819342 0.567849
vn 0.007156 0.719813 0.694131
vn -0.121968 0.838853 0.530519
vn 0.229130 0.222433 0.947641
vn -0.270100 0.279388 -0.921406
vn -0.208282 0.965988 0.153248
vn -0.033451 0.495341 -0.868054
vn -0.367343 0.606951 0.704747
vn 0.211347 0.203908 -0.955905
vn -0.214139 0.941065 0.261805
vn -0.069813 0.994678 -0.075775
vn 0.204084 0.910209 -0.360375
vn 0.480224 0.383249 -0.788990
vn -0.243818 0.969462 -0.026386
vn -0.440335 0.648241 -0.621199
vn -0.389142 0.841113 0.375629
vn 0.191304 0.235409 0.952883
vn -0.243817 0.798084 0.551013
vn 0.515558 0.847144 0.128634
vn -0.290527 0.792269 0.536567
vn 0.365866 0.927461 -0.077187
vn 0.867698 -0.461267 0.185293
vn -0.093992 0.829496 0.550547
vn 0.908991 0.414775 -0.041194
vn 0.855239 -0.052987 -0.515518
vn 0.875129 0.364054 -0.318769
vn -0.178100 0.811101 0.557131
vn -0.445985 0.754923 -0.480820
vn -0.081211 0.846053 0.526877
vn 0.076224 0.010593 -0.997034
vn 0.226597 0.468131 -0.854112
vn 0.079473 0.850739 -0.519546
vn -0.237020 0.959470 -0.152443
vn -0.050676 0.835931 0.546491
vn 0.528588 0.791909 -0.305736
vn 0.038242 0.781770 0.622394
vn 0.091990 0.897086 0.432174
vn 0.594968 0.740855 -0.311684
vn 0.097184 0.212615 0.972291
vn 0.768329 0.420249 -0.482763
vn -0.901278 0.027190 -0.432387
vn 0.880872 0.466599 -0.079692
vn 0.776983 0.627551 0.049766
vn 0.652889 -0.642264 -0.401538
vn 0.898310 0.252881 -0.359291
vn -0.681913 0.723956 -0.104318
vn -0.282487 0.861913 0.421078
vn -0.679041 0.734099 0.001615
vn -0.207910 0.864171 0.458239
vn -0.360241 0.897404 -0.254742
vn -0.265814 0.946078 0.185147
vn -0.102764 0.986312 -0.128950
vn 0.217226 -0.139210 0.966144
vn -0.180455 0.923649 0.338094
vn -0.268745 0.930420 -0.249189
vn -0.258002 0.925863 -0.276065
vn -0.455034 0.794125 0.402877
vn -0.171178 0.249256 -0.953189
vn 0.351966 -0.784337 0.510819
vn 0.542027 0.278804 -0.792764
vn -0.213802 0.899340 0.381414
vn -0.825180 0.209221 0.524694
vn -0.035887 0.727481 0.685189
vn -0.412618 0.810459 0.415816
vn -0.235099 0.880861 0.410868
vn 0.140248 0.618363 -0.773277
vn -0.298041 0.936004 0.187266
vn -0.267237 0.881499 0.389287
vn 0.904018 0.327539 -0.274716
vn -0.748914 -0.631493 0.200859
vn 0.393801 0.334763 -0.856069
vn 0.460312 -0.671546 -0.580637
vn 0.461739 0.227189 -0.857427
vn 0.406234 0.793172 -0.453709
vn -0.558704 0.453559 0.694359
vn 0.901987 0.334495 0.273007
vn -0.963227 -0.191098 0.188878
vn -0.677930 0.009365 -0.735066
vn 0.017815 0.992171 0.123608
vn 0.448844 0.629557 0.634190
vn 0.717385 0.646544 -0.259499
vn -0.062077 0.890706 0.450322
vn 0.782825 0.616313 -0.085694
vn 0.947440 0.300876 -0.108771
vn -0.131095 0.671982 0.728872
vn -0.157305 0.753787 0.638013
vn -0.351666 -0.215925 -0.910883
vn 0.606944 0.783496 0.133243
vn -0.319206 0.518470 0.793282
vn 0.241803 0.014615 -0.970215
vn 0.379845 0.290899 -0.878121
vn -0.118715 0.640742 0.758522
vn 0.442660 0.310751 -0.841122
vn 0.558307 0.578780 -0.594397
vn -0.546082 0.813699 0.199220
vn -0.876654 0.019643 -0.480719
vn 0.173572 0.900997 0.397588
vn 0.485350 0.870259 0.084173
vn 0.118305 0.991812 0.048100
vn 0.671637 0.714887 0.194529
vn 0.711273 0.702906 -0.003568
vn 0.968529 -0.203310 0.143583
vn 0.177118 0.975185 0.132826
vn -0.755194 -0.061722 -0.652589
vn -0.334258 -0.315378 -0.888149
vn -0.378988 0.253328 -0.890052
vn -0.419061 0.804189 0.421508
vn -0.172205 0.114602 -0.978372
vn -0.202684 0.978434 0.039823
vn 0.279814 0.124379 -0.951963
vn -0.164351 0.982165 0.091322
vn 0.362122 -0.090694 -0.927708
vn -0.000811 0.976067 -0.217467
vn 0.760155 0.479313 0.438660
vn 0.785510 0.543409 0.296108
vn 0.129615 0.248874 0.959824
vn 0.573887 -0.187804 -0.797109
vn -0.323600 0.861615 -0.391027
vn -0.703692 -0.572092 0.421341
vn 0.416089 0.841139 -0.345477
vn 0.206407 0.955587 0.210357
vn 0.610083 0.792330 0.003425
vn 0.529380 0.846937 0.049547
vn 0.700681 0.623946 0.346032
vn 0.779808 0.624619 0.041842
vn -0.837023 0.439764 0.325577
vn -0.171039 0.759735 0.627334
vn -0.552889 0.830548 0.067106
vn -0.664246 0.571075 -0.482338
vn -0.290555 0.787055 0.544171
vn 0.541918 0.834846 0.096725
vn 0.122242 0.744971 0.655801
vn -0.270375 0.898276 -0.346407
vn -0.099045 0.432904 0.895982
vn 0.416434 0.899312 0.133493
vn 0.521238 0.841630 0.141317
vn 0.853362 0.469291 -0.227020
vn -0.613860 0.185307 0.767357
vn 0.371897 0.546876 -0.750080
vn -0.685306 0.477637 0.549744
vn -0.454972 0.816638 0.355110
vn -0.130829 0.949538 0.285063
vn -0.358756 0.902480 0.238379
vn -0.627919 0.608225 0.485572
vn -0.338016 0.847523 0.409207
vn 0.165826 0.930822 0.325686
vn -0.571521 0.767636 0.289998
vn -0.362670 0.919960 0.148807
vn 0.537384 0.754904 0.375949
vn 0.653882 0.747799 0.115040
vn 0.705560 0.614061 0.353715
vn -0.024336 -0.987129 0.158064
vn 0.578787 0.704475 0.410757
vn 0.618720 0.594291 -0.513813
vn 0.869078 0.419239 -0.262569
vn -0.862796 -0.502668 0.053936
vn 0.665984 0.734442 0.130615
vn -0.254376 0.780566 0.570972
vn -0.305905 0.932678 -0.191139
vn 0.083181 0.447845 0.890234
vn -0.113102 0.099273 -0.988612
vn -0.161169 0.984140 -0.074110
vn -0.705463 0.056413 0.706498
vn -0.003133 0.907130 -0.420840
vn -0.358275 0.477284 0.802396
vn 0.917878 0.337613 -0.208606
vn 0.609371 -0.205947 -0.765672
vn -0.510395 0.755990 -0.409849
vn 0.498678 0.501245 -0.707159
vn -0.477983 0.845989 -0.236295
vn -0.270921 -0.507455 0.817980
vn 0.853743 0.391105 0.343745
vn -0.038555 0.996122 -0.079088
vn -0.589328 0.804019 0.079037
vn -0.115961 -0.075330 0.990393
vn -0.059197 0.175668 0.982668
vn 0.168129 0.984654 -0.046783
vn -0.147852 0.867465 0.475020
vn -0.038134 0.630873 0.774948
vn 0.189552 0.760576 0.620962
vn 0.389191 0.903391 0.180041
vn 0.591265 0.476569 -0.650605
vn 0.611685 0.748246 -0.256846
vn 0.264974 0.921548 0.283793
vn -0.241738 0.905126 0.349729
vn -0.970994 0.233197 0.052823
vn -0.385953 0.869452 0.308372
vn -0.207757 0.948721 0.238253
vn 0.966728 -0.205522 0.152308
vn 0.007102 0.837110 -0.546989
vn -0.367336 0.808520 0.459739
vn -0.251542 -0.763218 -0.595168
vn -0.535817 0.689697 0.487049
vn -0.306291 0.602757 0.736797
vn -0.262135 0.951549 0.160751
vn -0.224681 0.954529 0.195939
vn -0.063505 0.846601 0.528426
vn 0.459377 0.710466 -0.533114
vn 0.530004 -0.431462 -0.730024
vn 0.509787 0.660397 -0.551355
vn -0.487579 0.817078 -0.307654
vn -0.285826 0.904183 0.317422
vn 0.831927 0.530183 0.163719
vn -0.803020 0.394384 -0.446789
vn -0.480198 0.198713 -0.854355
vn -0.266105 -0.042259 -0.963017
vn -0.224158 0.890424 -0.396105
vn -0.208093 0.925216 0.317289
vn 0.061526 0.223310 -0.972804
vn -0.352062 -0.406802 0.842950
vn -0.277845 0.884260 0.375348
vn -0.456743 0.691250 0.559963
vn -0.770429 0.101984 0.629316
vn 0.921541 0.288961 -0.259352
vn -0.790324 0.599112 0.128268
vn -0.944761 -0.197538 0.261545
vn 0.889156 0.455477 0.044067
vn 0.062969 0.984809 0.161819
vn 0.632569 0.644406 0.429648
vn -0.751280 0.642408 0.151296
vn 0.404820 0.630251 0.662498
vn 0.904529 0.277369 0.323874
vn -0.212315 0.957612 0.194682
vn 0.961454 0.271525 -0.043362
vn -0.098506 -0.184490 -0.977886
vn -0.166075 0.840694 0.515415
vn -0.214437 0.976738 -0.000829
vn -0.452385 0.799130 0.395904
vn -0.184505 0.666542 0.722274
vn -0.239782 0.965524 0.101332
vn -0.240069 0.836347 0.492839
vn -0.666026 -0.486978 0.565032
vn -0.479653 -0.732564 0.482994
vn -0.266766 0.961495 -0.066047
vn -0.049572 0.992068 0.115514
vn 0.081580 0.991649 -0.099882
vn -0.098314 -0.025683 0.994824
vn -0.066847 0.994498 -0.080654
vn 0.284857 0.555873 0.780936
vn 0.393131 0.896310 -0.205125
vn -0.075366 0.996557 0.034550
vn -0.443204 0.081729 -0.892687
vn -0.322593 0.361180 -0.874919
vn -0.101532 0.089787 -0.990772
vn -0.721428 0.692092 0.023462
vn -0.883368 0.274906 -0.379589
vn -0.574516 0.135071 0.807272
vn -0.299968 0.922456 0.243092
vn -0.996945 0.039839 -0.067177
vn 0.150786 -0.679760 -0.717768
vn -0.319222 0.908643 0.269192
vn -0.694442 0.718616 0.036614
vn 0.026602 0.724690 0.688561
vn 0.455308 0.889724 0.032943
vn -0.435045 0.777752 0.453692
vn 0.273449 0.927767 -0.253916
vn 0.565900 0.609136 -0.555618
vn -0.724232 -0.183838 -0.664599
vn -0.654116 0.383360 -0.652048
vn -0.448796 0.239107 -0.861052
vn -0.406642 0.395968 -0.823318
vn -0.276754 0.945037 -0.174105
vn -0.189568 0.726760 0.660215
vn -0.046287 0.072661 -0.996282
vn 0.198483 0.099058 -0.975086
vn -0.173537 0.982712 0.064512
vn -0.222937 -0.250234 -0.942169
vn -0.331518 0.907280 -0.258725
vn 0.256882 0.939824 -0.225260
vn -0.537164 0.782454 0.314993
vn -0.450208 0.892776 -0.016217
vn -0.485708 0.759780 0.432229
vn -0.034081 0.761065 0.647779
vn 0.136612 0.313699 0.939644
vn -0.395804 0.688508 -0.607697
vn -0.464971 0.797432 0.384583
vn 0.333593 0.319706 -0.886850
vn -0.229402 0.953852 0.193756
vn 0.267703 0.800902 -0.535623
vn 0.382613 0.906462 -0.178703
vn -0.979480 -0.172343 -0.104483
vn 0.001090 0.941994 0.335628
vn -0.051544 0.996597 -0.064320
vn 0.716780 0.636459 0.284861
vn 0.692891 0.508212 0.511490
vn -0.285333 0.836794 0.467291
vn 0.286239 0.779318 -0.557432
vn -0.699427 0.314875 -0.641604
vn 0.982623 0.173940 0.064783
vn -0.339264 -0.077737 -0.937474
vn 0.749551 0.539958 0.382908
vn 0.377994 0.905831 0.191286
vn -0.327872 -0.526521 0.784395
vn -0.440042 0.778613 -0.447353
vn -0.131960 0.991250 -0.003174
vn -0.332950 0.742813 -0.580838
vn -0.891478 0.414221 -0.183544
vn -0.101979 0.101171 -0.989629
vn -0.435117 0.854385 0.284076
vn 0.025503 0.431761 0.901627
vn -0.096790 0.092497 -0.990997
vn -0.176747 0.982284 0.062272
vn 0.223828 0.968861 -0.105873
vn 0.227019 0.789737 -0.569893
vn -0.292670 0.810143 0.507950
vn -0.440495 0.802039 0.403359
vn -0.036596 0.849277 -0.526678
vn -0.019480 0.985827 0.166629
vn -0.250216 0.801584 0.543005
vn 0.147184 0.763406 0.628926
vn -0.240909 0.956970 0.161774
vn -0.013831 0.459690 0.887972
vn 0.436408 0.494569 -0.751631
vn 0.417439 0.410709 -0.810595
vn -0.293310 0.891851 -0.344343
vn -0.227937 0.930519 -0.286668
vn 0.223157 0.666693 -0.711141
vn 0.300717 0.597445 -0.743390
vn -0.064841 0.703582 0.707650
vn -0.420960 0.827176 0.372252
vn -0.132331 0.990926 -0.023529
vn -0.087601 0.991076 -0.100474
vn -0.607405 0.746082 0.272802
vn -0.732025 -0.480849 -0.482623
vn -0.628441 0.659400 0.412618
vn -0.132475 0.971215 0.197967
vn -0.217270 0.866304 0.449790
vn -0.106178 0.993055 -0.050685
vn -0.533213 0.845663 0.023205
vn -0.551558 0.709571 0.438513
vn -0.612662 0.462924 -0.640583
vn -0.493256 0.646621 -0.581876
vn -0.385523 0.823965 -0.415275
vn -0.219085 0.136506 -0.966110
vn -0.181027 0.865435 0.467174
vn 0.176619 -0.010362 -0.984225
vn -0.179584 0.934494 -0.307361
vn -0.258383 0.843922 0.470142
vn 0.086505 0.786116 -0.611995
vn 0.324330 -0.852086 0.410804
vn 0.156460 0.965083 -0.210086
vn -0.124293 0.989651 0.071712
vn -0.024967 0.783489 0.620903
vn -0.281430 0.939630 0.194663
vn 0.753928 0.516217 0.406341
vn -0.279632 0.795072 0.538207
vn 0.475303 0.873577 0.104643
vn -0.535608 0.289572 -0.793267
vn 0.536729 0.843369 -0.025501
vn -0.069735 0.779673 0.622292
vn -0.202502 0.928316 0.311805
vn -0.059803 0.389145 -0.919233
vn -0.021871 0.349550 -0.936662
vn -0.012865 0.607671 -0.794084
vn 0.292804 0.433999 -0.852004
vn 0.492231 -0.003993 -0.870456
vn -0.166836 0.983326 0.072355
vn -0.754755 0.291580 0.587644
vn -0.705130 0.448066 0.549571
vn -0.422285 0.780694 0.460643
vn -0.743502 0.555553 -0.372243
vn -0.592636 0.045955 -0.804158
vn -0.277126 0.785821 0.552889
vn -0.484860 0.861046 0.153334
vn -0.260235 0.813607 0.519924
vn -0.391385 0.917204 -0.074533
vn -0.347669 0.264212 -0.899621
vn -0.425078 0.552861 -0.716696
vn -0.094443 0.099523 -0.990543
vn -0.523428 0.766847 0.371441
vn -0.783350 -0.488761 0.384025
vn -0.166434 0.873992 -0.456550
vn 0.264002 -0.103935 0.958906
vn -0.340587 0.108979 0.933876
vn -0.931014 -0.304257 0.201594
vn -0.208543 0.970721 0.119209
vn -0.822512 0.474385 -0.313739
vn -0.235225 0.764063 0.600730
vn -0.696599 0.716030 -0.045278
vn -0.549584 -0.161638 -0.819653
vn -0.444570 0.615736 -0.650559
vn -0.272113 0.110121 -0.955943
vn -0.982398 -0.101683 -0.156699
vn -0.094324 0.992788 0.073990
vn 0.843075 0.534209 -0.062019
vn 0.351910 -0.446937 0.822439
vn 0.131536 0.310656 0.941377
vn -0.594407 -0.140054 0.791874
vn -0.597893 0.686189 -0.414330
vn -0.055771 0.820518 0.568893
vn 0.098140 -0.972874 -0.209489
vn -0.446889 0.818165 -0.361797
vn -0.105871 0.062616 -0.992406
vn -0.343972 0.493012 -0.799138
vn -0.290488 0.918996 -0.266578
vn 0.081191 0.481668 -0.872585
vn 0.054258 0.583420 -0.810356
vn -0.303582 0.691948 0.655017
vn 0.850189 0.470649 0.235941
vn -0.295622 0.825918 0.480069
vn 0.727822 0.626591 -0.278673
vn 0.669066 0.717580 -0.193470
vn 0.153166 0.758297 -0.633661
vn -0.415169 -0.812904 0.408439
vn -0.858925 -0.357337 -0.366823
vn -0.986563 0.114529 0.116515
vn -0.064939 0.981647 0.179308
vn -0.460609 0.864717 -0.200258
vn 0.327530 0.675891 -0.660224
vn -0.140161 0.553065 0.821264
vn -0.162056 0.662805 0.731045
vn 0.311705 0.815575 -0.487521
vn -0.532238 -0.269270 -0.802631
vn -0.742391 -0.052859 -0.667878
vn 0.358105 0.927636 -0.106074
vn -0.619368 0.233987 -0.749422
vn -0.547563 0.817756 -0.177343
vn 0.098123 0.909905 -0.403045
vn -0.139225 0.863931 0.483983
vn -0.213098 0.953544 0.212939
vn -0.363633 0.150877 -0.919243
vn -0.133606 0.099173 0.986060
vn -0.364157 0.869699 -0.333186
vn -0.112132 0.034280 -0.993102
vn -0.396358 0.821428 -0.410069
vn -0.242660 0.962909 0.117996
vn -0.100476 0.323808 -0.940772
vn 0.880032 0.463024 0.105603
vn 0.782031 0.082480 -0.617757
vn -0.795714 -0.578360 0.179831
vn -0.905899 -0.404891 -0.124141
vn -0.666302 0.514012 0.540216
vn 0.003039 0.389509 0.921018
vn -0.998397 -0.000870 -0.056598
vn 0.524814 -0.406324 -0.747978
vn -0.836521 -0.329763 -0.437594
vn -0.788010 0.143671 0.598664
vn -0.269855 0.945690 0.181243
vn 0.752414 0.652027 0.093449
vn -0.269068 0.844537 0.462990
vn -0.970179 -0.051291 -0.236901
vn 0.429354 0.604963 -0.670579
vn -0.760831 0.545812 0.351033
vn -0.147314 0.893182 0.424881
vn -0.102091 0.863119 0.494574
vn -0.655159 0.666696 0.355363
vn 0.576178 0.817285 0.007979
vn -0.486325 0.783691 0.386415
vn 0.445913 0.881228 -0.156841
vn 0.447656 0.856388 0.257301
vn -0.189250 0.638603 0.745902
vn 0.672884 0.637279 0.375635
vn 0.305075 -0.782618 0.542622
vn 0.890043 -0.431791 0.146219
vn -0.305920 -0.207524 -0.929164
vn 0.377984 0.507047 -0.774617
vn 0.220227 0.975092 -0.026393
vn -0.516039 0.408700 -0.752774
vn -0.260072 0.952240 0.160007
vn -0.427227 0.760291 -0.489321
vn -0.541474 -0.835676 0.091937
vn -0.041669 0.687013 0.725449
vn -0.113714 0.108223 -0.987602
vn 0.775797 0.600454 0.193891
vn -0.495476 0.598252 0.629760
vn -0.052280 0.967005 0.249337
vn -0.502815 -0.587304 -0.634233
vn -0.585311 0.730329 0.352180
vn 0.642266 0.378214 -0.666669
vn -0.726750 0.308369 0.613794
vn 0.009452 0.999872 -0.012939
vn -0.044190 0.650850 0.757919
vn 0.496110 0.837203 -0.230143
vn -0.776669 0.568922 -0.270396
vn -0.496616 -0.255140 -0.829624
vn 0.011810 -0.976025 -0.217339
vn -0.644804 -0.146249 -0.750226
vn -0.426062 -0.194500 -0.883539
vn -0.390990 -0.517214 0.761326
vn -0.640279 0.186375 -0.745190
vn 0.810810 0.575912 0.104466
vn 0.897147 0.119519 0.425256
vn -0.245647 0.118669 -0.962068
vn -0.900045 -0.252807 0.354976
vn 0.257913 0.963344 -0.073820
vn 0.705404 0.606501 0.366826
vn -0.159156 0.716866 0.678803
vn 0.873244 0.316462 -0.370536
vn -0.023812 0.859835 0.510017
vn -0.310643 0.942679 -0.121893
vn -0.453947 0.845172 -0.282162
vn -0.292102 0.805085 -0.516250
vn -0.220308 0.958982 0.178375
vn 0.112070 0.371777 -0.921533
vn -0.864239 -0.493817 0.096105
vn -0.563712 0.797814 -0.213826
vn -0.679360 -0.326061 -0.657385
vn -0.569129 0.789351 -0.230256
vn -0.826692 0.391857 0.403767
vn -0.514870 0.754649 0.406711
vn 0.465740 -0.879237 -0.100146
vn -0.743873 -0.499041 -0.444535
vn 0.392533 0.744875 0.539517
vn -0.048301 0.318941 0.946543
vn -0.783476 -0.019779 -0.621108
vn -0.884234 0.389882 -0.257142
vn -0.813832 0.539379 -0.216212
vn -0.182367 0.663561 -0.725555
vn -0.593408 -0.073873 -0.801505
vn -0.236742 -0.244383 -0.940335
vn 0.167337 -0.829651 -0.532613
vn -0.487803 0.093611 -0.867920
vn -0.524063 0.154091 -0.837624
vn -0.373874 0.027061 -0.927085
vn 0.738784 0.646614 0.189970
vn -0.549882 0.651776 -0.522320
vn -0.407049 0.213368 -0.888136
vn 0.791339 0.605245 -0.086374
vn -0.382756 0.815836 -0.433485
vn -0.090395 0.106050 -0.990243
vn 0.649869 0.667297 0.363848
vn 0.798531 0.581325 0.156235
vn 0.191493 -0.973728 0.123225
vn -0.255121 0.641174 0.723747
vn -0.631920 -0.499958 0.592216
vn -0.645118 -0.593922 -0.480707
vn -0.508642 0.633824 0.582710
vn -0.070083 0.987195 -0.143302
vn -0.202381 0.966737 0.156404
vn 0.054113 0.991130 -0.121382
vn 0.548039 -0.745631 0.379063
vn 0.581305 0.696329 -0.420963
vn -0.048131 0.952515 0.300664
vn -0.179594 0.942474 0.281936
vn -0.661862 -0.212638 -0.718835
vn -0.467137 -0.038800 -0.883334
vn -0.390682 -0.036146 -0.919816
vn 0.819276 0.559877 0.123795
vn -0.093404 -0.059119 -0.993872
vn -0.309106 0.035938 -0.950348
vn 0.637840 0.288040 -0.714278
vn -0.164811 0.079585 -0.983109
vn -0.030592 0.999474 0.010809
vn -0.315426 0.169550 -0.933680
vn -0.480372 0.529344 -0.699313
vn -0.283878 0.225766 -0.931903
vn -0.375724 0.399856 -0.836030
vn -0.359373 0.920962 -0.150602
vn 0.878800 0.476736 -0.020822
vn 0.051742 0.859386 0.508703
vn -0.066760 0.703722 0.707332
vn -0.100773 0.180162 -0.978461
vn 0.430975 -0.892448 -0.133406
vn -0.788346 0.059474 0.612350
vn 0.215663 -0.970901 -0.104117
vn -0.127676 -0.448241 -0.884748
vn -0.888802 -0.085117 0.450317
vn -0.780082 0.622311 0.064822
vn -0.546009 0.799583 0.250083
vn -0.081674 0.991086 0.105251
vn -0.286126 0.942198 0.174344
vn -0.496292 0.772239 0.396662
vn 0.258599 0.844683 -0.468654
vn 0.959794 -0.080241 -0.268993
vn 0.558257 0.722115 0.408533
vn 0.889074 0.395686 -0.230176
vn -0.087413 0.984656 0.151038
vn 0.505339 0.778963 0.371280
vn -0.271327 -0.435777 -0.858184
vn -0.240344 -0.403081 -0.883040
vn 0.207824 0.078410 0.975018
vn -0.346100 0.844840 0.407996
vn -0.622085 -0.299105 -0.723565
vn -0.184545 0.791839 0.582181
vn -0.224603 0.875601 0.427640
vn -0.139617 -0.195733 -0.970668
vn -0.250438 0.891409 0.377718
vn -0.937732 -0.026660 0.346336
vn -0.699030 -0.207829 -0.684225
vn -0.192229 0.864937 0.463607
vn -0.719005 0.149587 0.678716
vn -0.506761 0.022141 -0.861802
vn -0.575886 0.196827 -0.793483
vn -0.263094 -0.279097 -0.923518
vn -0.375506 -0.398662 -0.836698
vn -0.391046 -0.258383 -0.883358
vn -0.480110 -0.164515 -0.861643
vn -0.272652 0.185325 -0.944095
vn -0.217727 0.179788 -0.959308
vn 0.952523 -0.287153 -0.101209
vn -0.697820 -0.186811 -0.691483
vn -0.715967 0.375736 -0.588399
vn -0.618522 -0.583024 0.526796
vn -0.307855 -0.643732 0.700596
vn 0.881302 -0.156087 -0.446030
vn -0.972315 -0.103688 0.209411
vn -0.107969 0.079453 -0.990974
vn -0.214662 -0.022095 -0.976438
vn 0.707206 0.595867 0.380530
vn -0.261724 -0.924611 -0.276756
vn -0.646306 -0.308605 -0.697891
vn -0.620750 -0.079376 -0.779980
vn 0.613448 -0.524725 -0.590208
vn 0.463217 -0.880398 0.101633
vn -0.521740 0.768759 0.369860
vn -0.560938 -0.577472 0.593190
vn 0.573066 -0.775592 -0.264674
vn 0.350154 -0.909226 -0.225166
vn 0.542036 0.774168 -0.326895
vn -0.194486 -0.467323 -0.862429
vn -0.186985 -0.534016 -0.824539
vn -0.436036 -0.367667 -0.821397
vn -0.398105 0.696260 0.597273
vn -0.597752 -0.168123 -0.783854
vn -0.335236 -0.941514 -0.034171
vn -0.702846 -0.264320 -0.660411
vn 0.600881 0.378392 -0.704103
vn 0.479440 -0.659172 -0.579335
vn -0.498389 0.772306 0.393893
vn -0.572955 -0.718752 0.393850
vn -0.792598 -0.429697 -0.432607
vn -0.945068 0.019775 0.326275
vn -0.799701 -0.024332 0.599906
vn -0.154666 -0.295422 -0.942764
vn -0.436400 -0.595605 -0.674396
vn -0.447676 -0.296414 -0.843638
vn -0.327851 0.878177 -0.348308
vn -0.808199 -0.298725 -0.507521
vn -0.317759 -0.762250 0.563919
vn -0.820604 0.179247 -0.542661
vn 0.434536 -0.610875 -0.661823
vn 0.678881 -0.709742 -0.188116
vn -0.521357 -0.658083 0.543244
vn 0.746767 0.607463 0.270790
vn -0.921089 -0.322957 -0.217471
vn -0.352105 0.932925 -0.075320
vn 0.871506 0.489428 0.030612
vn 0.053887 0.888395 0.455907
vn -0.642095 -0.619500 0.451590
vn -0.104270 0.993679 -0.041599
vn 0.150463 -0.195482 -0.969096
vn 0.169518 0.985527 0.000449
vn -0.339244 0.823208 0.455238
vn 0.397711 0.078721 0.914128
vn 0.772803 0.630795 0.069805
vn 0.161825 -0.957998 -0.236755
vn 0.266238 -0.942283 0.203028
vn -0.150047 -0.858251 -0.490807
vn 0.961952 0.138734 -0.235373
vn 0.784912 0.619016 0.027065
vn -0.824400 0.028293 -0.565299
vn 0.443975 -0.697746 -0.562171
vn 0.778197 -0.192861 -0.597673
vn 0.454327 -0.369263 -0.810698
vn -0.663074 -0.549487 0.508328
vn -0.194073 0.131413 0.972145
vn -0.644829 -0.764288 -0.007744
vn -0.926312 -0.344541 -0.152437
vn 0.615381 0.787892 0.023095
vn 0.702812 0.651239 0.286256
vn 0.241068 -0.868347 0.433428
vn -0.039503 -0.737494 -0.674197
vn 0.558516 0.372304 -0.741248
vn 0.572760 0.714444 -0.401890
vn 0.022002 -0.992111 -0.123414
vn 0.045772 -0.998616 -0.025898
vn 0.536976 0.482510 -0.691983
vn 0.525747 -0.698890 -0.484916
vn 0.162833 0.071018 0.984094
vn -0.587674 -0.238153 -0.773255
vn -0.314382 -0.761442 0.566896
vn -0.786726 -0.608048 -0.106488
vn 0.860524 0.488902 0.143083
vn -0.884045 -0.368882 -0.287037
vn -0.629620 -0.572111 -0.525612
vn -0.885680 0.414350 0.209485
vn 0.258275 -0.933565 -0.248495
vn 0.112769 -0.271415 -0.955833
vn -0.159052 -0.396363 -0.904212
vn 0.348093 -0.695435 0.628651
vn 0.723926 0.601546 0.337748
vn 0.976752 0.042766 0.210065
vn -0.676754 -0.365910 -0.638838
vn 0.688017 0.391719 -0.610891
vn -0.675868 -0.319893 -0.663981
vn -0.664462 -0.414883 -0.621580
vn 0.280486 -0.690569 -0.666665
vn 0.705510 -0.617330 -0.348079
vn 0.231634 0.968792 0.088250
vn 0.250111 0.840228 0.481104
vn -0.170722 0.702110 0.691300
vn 0.081723 0.275451 0.957835
vn -0.680767 -0.338322 -0.649688
vn -0.649121 0.756044 -0.083901
vn -0.693586 0.189746 -0.694935
vn 0.040163 0.927525 0.371598
vn 0.638704 0.607153 0.472676
vn -0.641165 -0.759773 -0.107950
vn -0.702270 -0.329152 -0.631249
vn 0.373859 0.838336 0.396765
vn 0.962489 -0.196595 0.186989
vn 0.135593 0.853697 0.502808
vn 0.562468 0.821427 -0.094274
vn 0.875673 0.452467 0.168733
vn -0.072300 0.996054 -0.051465
vn 0.582557 -0.428873 -0.690431
vn 0.009644 0.884522 0.466398
vn 0.103169 -0.965187 0.240353
vn -0.874479 0.371117 -0.312344
vn 0.867803 0.489566 -0.085111
vn 0.457119 0.889396 -0.004184
vn -0.102409 -0.986387 -0.128663
vn -0.632858 -0.299916 -0.713821
vn 0.666709 0.593564 0.450755
vn -0.012824 0.983950 0.177985
vn -0.238438 0.759344 0.605429
vn -0.132925 -0.774341 0.618649
vn 0.539969 0.677781 -0.499046
vn -0.746335 0.341500 0.571280
vn 0.271407 -0.919390 -0.284709
vn -0.633956 -0.167007 0.755122
vn 0.229332 -0.284947 -0.930705
vn 0.426981 -0.520978 -0.739100
vn 0.293900 -0.840388 -0.455380
vn 0.981995 0.178924 -0.060591
vn 0.154772 -0.596739 -0.787368
vn -0.420086 0.392272 0.818322
vn -0.091524 -0.995632 -0.018464
vn 0.518067 -0.346982 -0.781799
vn -0.739029 0.268792 0.617728
vn 0.235137 -0.937939 -0.254914
vn 0.238318 -0.912314 -0.332999
vn 0.290157 -0.855227 0.429414
vn 0.229211 -0.970340 -0.076825
vn 0.110141 -0.980355 -0.163622
vn -0.774625 -0.455011 0.439229
vn 0.786748 -0.215887 -0.578290
vn -0.422058 -0.581329 -0.695647
vn -0.273726 0.961687 -0.015212
vn 0.137995 0.474342 0.869458
vn -0.625764 -0.636906 0.450299
vn 0.179358 -0.868556 -0.461996
vn -0.926024 -0.376242 -0.030355
vn 0.363952 -0.618864 0.696094
vn 0.131103 -0.830869 0.540804
vn 0.143204 -0.963365 -0.226762
vn 0.056639 0.351917 0.934316
vn -0.371140 0.535156 0.758857
vn 0.106934 -0.940667 0.322040
vn 0.937877 -0.321419 -0.130679
vn 0.417508 -0.901179 -0.116461
vn -0.303833 0.813545 0.495813
vn -0.563769 -0.685013 0.461435
vn -0.554882 -0.716094 0.423456
vn 0.607868 -0.490801 -0.624188
vn 0.970765 0.231481 -0.063492
vn 0.044089 -0.890880 -0.452095
vn 0.760742 0.605354 0.234131
vn -0.550488 -0.664386 0.505523
vn 0.847906 0.510255 -0.143861
vn 0.120288 -0.989311 -0.082430
vn -0.259273 0.885402 0.385800
vn -0.629260 -0.459106 0.627099
vn 0.365207 -0.913677 0.178375
vn 0.170544 -0.957335 -0.233291
vn 0.709139 0.659287 0.249925
vn -0.555065 -0.054412 0.830025
vn 0.606567 0.792833 -0.059089
vn 0.181609 0.910457 0.371599
vn 0.610639 0.725112 0.318328
vn 0.114139 -0.810795 0.574095
vn -0.838067 -0.218801 0.499769
vn 0.882919 0.067715 0.464617
vn -0.497375 0.782520 0.374541
vn 0.722455 -0.414016 -0.553759
vn -0.977662 0.050896 -0.203928
vn 0.704181 0.501195 0.502924
vn 0.228332 -0.956964 -0.179118
vn -0.753370 -0.135178 0.643553
vn -0.197322 -0.843815 0.499040
vn 0.730660 -0.520569 -0.441751
vn -0.564170 -0.753950 0.336558
vn 0.733044 -0.420748 -0.534433
vn 0.417688 -0.129428 -0.899325
vn 0.919335 -0.172366 -0.353713
vn 0.551999 -0.822717 0.135767
vn 0.160235 -0.336355 -0.928003
vn 0.179635 -0.855682 -0.485325
vn 0.164148 -0.955931 -0.243414
vn 0.325062 -0.786273 0.525462
vn 0.960688 -0.129571 -0.245541
vn 0.171511 -0.963231 0.206808
vn -0.007451 -0.991571 -0.129352
vn -0.070316 -0.990031 -0.122042
vn 0.339492 -0.886848 -0.313442
vn 0.162543 -0.164604 0.972875
vn 0.704834 -0.606691 0.367607
vn 0.969996 -0.089642 -0.225991
vn 0.915787 -0.069949 -0.395527
vn -0.678414 -0.567350 0.466764
vn 0.689304 -0.313207 -0.653270
vn 0.189554 -0.643666 -0.741461
vn 0.058515 -0.615953 -0.785607
vn 0.255737 -0.956793 -0.138370
vn -0.299466 -0.945698 0.126397
vn 0.317916 -0.276160 -0.907009
vn 0.053145 0.136875 0.989162
vn 0.885077 0.461989 -0.056612
vn 0.236510 -0.951339 0.197527
vn 0.202195 -0.771664 0.603036
vn 0.802849 -0.452992 -0.387597
vn 0.990521 -0.120445 -0.066041
vn 0.987328 -0.074617 0.140056
vn -0.418250 -0.779044 0.467074
vn -0.658350 -0.726066 0.198501
vn -0.602265 -0.588582 0.539303
vn 0.380270 -0.915244 -0.133132
vn -0.179512 -0.903648 0.388838
vn 0.605128 0.270679 0.748701
vn -0.305163 -0.763669 0.568933
vn 0.041499 -0.865088 0.499900
vn 0.177279 -0.983291 -0.041366
vn 0.198140 -0.731781 -0.652102
vn 0.650795 -0.647271 -0.396869
vn 0.348816 -0.936884 0.023988
vn 0.578309 -0.768849 0.272818
vn 0.661317 0.749180 0.037274
vn 0.128868 -0.907546 -0.399692
vn 0.353356 0.790263 0.500624
vn 0.612591 -0.676464 -0.408813
vn 0.598888 0.800810 0.006073
vn -0.150780 0.977085 0.150231
vn -0.412233 0.680731 -0.605532
vn 0.123816 0.789221 0.601499
vn -0.154842 0.581436 0.798722
vn -0.278455 -0.759295 0.588161
vn 0.067203 -0.653719 -0.753747
vn -0.453371 0.807275 0.377837
vn -0.913680 -0.224790 0.338613
vn -0.181096 -0.766897 -0.615689
vn -0.800743 -0.500625 -0.328916
vn -0.412261 -0.585010 -0.698430
vn -0.892525 -0.412615 0.182068
vn -0.296184 -0.815307 0.497543
vn 0.876561 0.154009 -0.455984
vn 0.204849 -0.131980 -0.969855
vn 0.224262 -0.931370 -0.286805
vn 0.713341 -0.688431 0.131179
vn 0.278351 -0.815647 0.507189
vn -0.086607 -0.499175 -0.862162
vn 0.901822 0.008895 0.432016
vn 0.868397 -0.273944 -0.413330
vn 0.875435 -0.419982 0.239224
vn 0.274397 -0.633768 -0.723218
vn 0.185149 -0.744453 -0.641490
vn 0.330334 -0.748272 -0.575299
vn 0.140850 -0.737031 -0.661020
vn 0.665813 -0.061218 0.743603
vn 0.230226 -0.735227 0.637525
vn 0.893766 0.034988 -0.447166
vn -0.455049 -0.889398 -0.043600
vn -0.891940 -0.451410 -0.025915
vn 0.955621 0.115819 0.270875
vn 0.325851 -0.446913 -0.833121
vn -0.195068 0.944453 0.264495
vn -0.484083 0.866940 -0.118656
vn 0.128514 -0.633160 -0.763277
vn 0.102703 0.973357 0.205008
vn 0.310625 -0.729856 0.608951
vn 0.321319 -0.839983 0.437245
vn 0.149225 -0.960632 -0.234344
vn 0.920715 0.349239 0.174113
vn 0.568464 0.708151 -0.418774
vn 0.945555 -0.325456 0.001919
vn 0.602145 -0.795770 -0.064590
vn 0.059319 -0.747481 -0.661629
vn 0.202991 -0.967192 -0.152757
vn 0.293494 -0.857739 0.422074
vn 0.148815 -0.771916 -0.618061
vn -0.415780 -0.909375 0.012789
vn -0.282574 -0.613284 0.737587
vn -0.102022 -0.920797 0.376464
vn 0.290584 -0.840168 -0.457906
vn 0.203515 -0.970935 -0.125964
vn 0.415522 -0.869530 0.266946
vn 0.230121 0.138712 0.963226
vn 0.345397 -0.886213 -0.308751
vn 0.029697 -0.415721 -0.909007
vn -0.021557 -0.445352 -0.895096
vn 0.375329 -0.910768 -0.172133
vn 0.246923 -0.649699 0.718971
vn 0.073491 -0.967932 0.240222
vn -0.218152 0.946492 0.237829
vn 0.064291 -0.595071 -0.801097
vn 0.865981 0.446576 0.225049
vn 0.362242 -0.928112 0.085961
vn 0.678844 0.684236 0.266443
vn 0.137504 -0.829692 -0.541022
vn 0.681911 -0.411215 -0.604896
vn 0.612374 -0.635779 -0.469876
vn 0.198898 -0.369008 -0.907895
vn 0.963641 0.091371 0.251094
vn -0.662596 -0.545099 0.513648
vn -0.286854 -0.850682 0.440518
vn 0.427848 0.819162 0.381994
vn -0.395679 -0.534280 0.746983
vn 0.364899 -0.755035 -0.544767
vn 0.297511 -0.918550 -0.260294
vn 0.301792 0.952062 -0.050002
vn 0.222885 -0.945171 -0.238694
vn 0.162778 -0.953801 -0.252523
vn -0.097224 -0.840006 -0.533795
vn -0.590406 -0.511590 -0.624257
vn 0.648343 0.761308 0.007852
vn 0.621470 -0.032447 -0.782765
vn 0.930385 0.104534 -0.351363
vn 0.845564 -0.519816 0.121706
vn -0.382642 -0.577922 0.720827
vn 0.850274 0.498080 -0.170150
vn 0.670678 -0.678653 -0.299368
vn 0.579364 -0.790439 -0.198858
vn 0.275580 -0.801349 -0.530939
vn 0.043191 -0.998360 -0.037562
vn 0.295434 -0.828801 0.475193
vn 0.426238 -0.776797 -0.463582
vn 0.424378 -0.173605 0.888687
vn 0.841502 -0.222617 -0.492257
vn -0.369542 -0.918411 -0.141282
vn -0.697162 -0.367427 -0.615599
vn -0.932673 -0.357625 0.047167
vn -0.742771 -0.661916 -0.100789
vn 0.137926 -0.915166 0.378745
vn 0.171597 -0.967112 0.187746
vn 0.163310 -0.874952 0.455838
vn 0.004181 -0.961935 0.273247
vn -0.729902 -0.474067 0.492446
vn 0.504421 -0.731070 -0.459451
vn -0.073927 -0.938798 0.336443
vn 0.819710 -0.419941 0.389520
vn 0.399727 -0.871023 -0.285548
vn 0.572211 0.813696 0.102334
vn 0.519696 0.850549 0.080509
vn 0.707904 0.473433 0.524149
vn 0.463014 0.394710 0.793613
vn 0.102011 -0.784272 0.611973
vn 0.763521 0.634036 0.122610
vn 0.461846 -0.824089 -0.327987
vn 0.996937 -0.015994 -0.076552
vn -0.131671 0.987041 0.091723
vn 0.354879 0.930074 0.094986
vn -0.334106 0.838229 0.430981
vn 0.874121 -0.485515 0.013715
vn 0.186241 -0.662078 0.725925
vn -0.057659 -0.634719 -0.770589
vn 0.303098 -0.205639 0.930508
vn 0.814385 -0.577373 0.058467
vn 0.623795 -0.669267 0.403685
vn 0.796018 -0.603366 -0.048005
vn 0.122703 -0.677078 -0.725610
vn -0.538990 0.651077 0.534404
vn -0.001842 -0.969964 -0.243243
vn -0.825831 -0.345151 0.445952
vn 0.932399 0.286042 0.220934
vn -0.255103 -0.820532 0.511517
vn -0.136045 -0.876642 0.461508
vn 0.544037 -0.796785 -0.262978
vn 0.862448 -0.464136 -0.201892
vn 0.980742 -0.020720 0.194204
vn -0.190560 -0.905584 0.378951
vn -0.126451 -0.925705 0.356484
vn -0.272711 -0.820387 0.502587
vn -0.516151 0.810424 -0.277131
vn -0.160649 -0.321973 0.933020
vn 0.253815 -0.920783 -0.296204
vn 0.094785 -0.389445 0.916160
vn -0.408964 -0.759279 -0.506206
vn 0.591716 0.704071 0.392628
vn 0.157991 0.360278 0.919369
vn 0.952892 -0.263498 0.150216
vn 0.998193 0.000368 0.060092
vn 0.773934 0.364322 0.517972
vn 0.980587 -0.068303 0.183806
vn 0.752268 0.605615 -0.259468
vn 0.787324 -0.384712 -0.481786
vn 0.230986 -0.339416 0.911835
vn 0.067813 -0.983665 -0.166744
vn 0.327042 0.892167 -0.311581
vn 0.676824 -0.488694 -0.550533
vn 0.247503 -0.695492 0.674561
vn 0.892003 -0.398750 -0.212904
vn -0.008310 -0.999677 -0.024004
vn 0.501377 -0.704217 -0.502692
vn 0.254599 -0.857835 -0.446429
vn -0.414026 -0.756389 0.506417
vn -0.661554 -0.743984 0.093988
vn 0.201526 0.911384 0.358840
vn -0.172813 -0.817774 0.548982
vn 0.734601 -0.228969 -0.638697
vn 0.467497 -0.881299 0.068982
vn 0.356030 0.920966 0.158316
vn 0.541678 -0.823645 -0.167912
vn 0.061862 -0.953496 0.294991
vn 0.671051 -0.491995 -0.554645
vn -0.167484 -0.906631 0.387258
vn 0.404173 -0.912457 -0.063770
vn 0.575539 0.623152 0.529562
vn 0.398930 -0.789225 -0.466883
vn -0.063331 0.752985 0.654983
vn 0.164748 0.801153 0.575336
vn 0.227118 -0.937279 -0.264435
vn 0.136826 -0.826938 0.545392
vn 0.238485 -0.914191 0.327688
vn -0.079702 -0.272462 0.958860
vn 0.196542 -0.948010 -0.250297
vn 0.231872 -0.971987 0.038418
vn 0.632611 0.766281 -0.112321
vn -0.295832 0.873371 0.386921
vn -0.421288 -0.232810 0.876536
vn 0.226352 -0.776260 0.588375
vn 0.390459 0.920075 0.031693
vn 0.264310 -0.661712 0.701626
vn 0.194120 0.189473 0.962506
vn 0.188365 -0.513061 0.837429
vn 0.008029 -0.574692 0.818330
vn 0.955293 0.171968 0.240503
vn 0.906814 -0.421505 0.004700
vn 0.879544 -0.366773 0.303115
vn 0.794342 -0.571197 0.206774
vn 0.161698 -0.060968 0.984955
vn 0.543489 -0.837469 0.057140
vn 0.698440 -0.672642 -0.244405
vn 0.023598 -0.771332 0.635995
vn 0.934763 0.235608 0.265910
vn 0.581529 0.813498 0.006671
vn 0.626912 0.203991 -0.751910
vn 0.815722 0.327337 0.476914
vn 0.717470 0.629738 0.297771
vn 0.339935 -0.937095 -0.079352
vn 0.233350 -0.929993 -0.284007
vn 0.429780 -0.816464 -0.385584
vn -0.710736 -0.699294 0.076430
vn 0.260808 0.896773 0.357459
vn 0.207364 -0.962822 0.173129
vn -0.730888 -0.456330 0.507509
vn 0.848695 0.395401 -0.351246
vn 0.710459 0.133642 -0.690933
vn 0.836452 0.313877 -0.449254
vn 0.584803 0.247762 0.772411
vn 0.324720 0.788233 0.522729
vn 0.687818 0.570063 0.449371
vn -0.429218 0.890926 -0.148402
vn 0.873348 -0.445624 -0.196680
vn -0.822001 -0.422437 -0.381919
vn 0.065698 -0.997725 0.015152
vn 0.145908 -0.809047 -0.569345
vn 0.585236 -0.696711 -0.414840
vn 0.771356 0.634420 0.050219
vn -0.810648 -0.585307 0.016303
vn 0.864479 0.220652 0.451651
# 2500 normals
g Group_Global
s off
usemtl banana
f 78/129/78 1529/2790/1529 1409/2549/1409
f 1409/2549/1409 1529/2790/1529 256/416/256
f 1857/3490/1857 2024/3819/2024 1803/3374/1803
f 189/322/189 642/1078/642 313/516/313
f 2214/4204/2214 1923/3627/1923 2500/4756/2500
f 460/778/460 313/516/313 1946/3679/1946
f 1477/2685/1477 1029/1817/1029 929/1604/929
f 929/1604/929 1029/1817/1029 76/126/76
f 245/400/245 2420/4606/2420 1168/2082/1168
f 898/1541/898 2043/3852/2043 1918/3619/1918
f 187/320/187 1190/2129/1190 1517/2767/1517
f 856/1462/856 518/878/518 495/834/495
f 1486/2701/1486 2357/4476/2357 2286/4354/2286
f 550/931/550 135/232/135 234/386/234
f 2385/4539/2385 1/1/1 1339/2420/1339
f 1339/2420/1339 1/1/1 1148/2044/1148
f 2115/4007/2115 913/1572/913 941/1630/941
f 307/502/307 495/834/495 518/878/518
f 1109/1965/1109 235/387/235 2187/4148/2187
f 1639/3028/1639 1515/2762/1515 56/86/56
f 2357/4476/2357 1440/2624/1440 2286/4354/2286
f 192/328/192 4/6/4 1350/2440/1350
f 1350/2440/1350 4/6/4 383/649/383
f 2284/4351/2284 59/91/59 1511/2755/1511
f 1765/3300/1765 1099/1948/1099 284/463/284
f 1228/2208/1228 1118/1982/1118 130/222/130
f 2082/3940/2082 2228/4236/2228 1231/2212/1231
f 1163/2073/1163 1231/2212/1231 900/1543/900
f 1140/2027/1140 1164/2074/1164 893/1534/893
f 1339/2420/1339 5/7/5 1313/2368/1313
f 1313/2368/1313 5/7/5 2254/4289/2254
f 1655/3063/1655 6/8/6 1375/2489/1375
f 1375/2489/1375 6/8/6 155/273/155
f 1887/3551/1887 553/936/553 1941/3671/1941
f 1233/2216/1233 1810/3384/1810 1705/3169/1705
f 1313/2367/1313 7/10/7 2393/4554/2393
f 2393/4557/2393 7/9/7 324/533/324
f 2103/3983/2103 2051/3867/2051 981/1714/981
f 2051/3867/2051 2011/3793/2011 1167/2081/1167
f 894/1535/894 2051/3867/2051 1167/2081/1167
f 1142/2034/1142 8/12/8 1682/3122/1682
f 1682/3123/1682 8/11/8 1583/2895/1583
f 843/1435/843 1422/2581/1422 1778/3327/1778
f 2075/3919/2075 9/13/9 1556/2842/1556
f 1556/2842/1556 9/13/9 1922/3626/1922
f 232/381/232 10/14/10 1375/2489/1375
f 1375/2489/1375 10/14/10 1406/2545/1406
f 1567/2865/1567 1061/1877/1061 1627/3000/1627
f 1292/2320/1292 2006/3785/2006 1891/3557/1891
f 494/833/494 1550/2832/1550 843/1436/843
f 248/403/248 11/16/11 2475/4697/2475
f 2475/4697/2475 11/16/11 197/333/197
f 818/1383/818 2042/3851/2042 2154/4084/2154
f 2028/3827/2028 1916/3616/1916 1821/3408/1821
f 1610/2967/1610 1454/2644/1454 1754/3275/1754
f 2399/4568/2399 2031/3832/2031 2315/4407/2315
f 462/781/462 2178/4131/2178 2368/4498/2368
f 989/1727/989 2198/4172/2198 2320/4416/2320
f 1921/3624/1921 2136/4043/2136 445/758/445
f 1594/2926/1594 174/302/174 2418/4604/2418
f 144/251/144 1341/2424/1341 2409/4588/2409
f 335/556/335 715/1208/715 1481/2692/1481
f 1281/2305/1281 1820/3407/1820 1061/1877/1061
f 1690/3138/1690 1824/3415/1824 1220/2192/1220
f 1204/2162/1204 1203/2161/1203 1140/2027/1140
f 1726/3220/1726 2384/4537/2384 2447/4656/2447
f 1703/3167/1703 1600/2938/1600 2180/4136/2180
f 1782/3332/1782 1687/3130/1687 1748/3261/1748
f 1834/3439/1834 1904/3588/1904 1810/3384/1810
f 1434/2612/1434 353/584/353 716/1212/716
f 865/1483/865 1336/2414/1336 2069/3908/2069
f 1064/1882/1064 2011/3793/2011 825/1395/825
f 2026/3825/2026 933/1611/933 763/1291/763
f 259/420/259 12/18/12 1880/3536/1880
f 1880/3535/1880 12/17/12 1956/3697/1956
f 2089/3951/2089 1112/1969/1112 699/1179/699
f 802/1354/802 13/19/13 2478/4701/2478
f 2478/4701/2478 13/19/13 2122/4017/2122
f 1916/3616/1916 2067/3903/2067 1854/3482/1854
f 1508/2750/1508 14/21/14 1659/3075/1659
f 1659/3075/1659 14/21/14 1912/3609/1912
f 2057/3880/2057 343/568/343 2032/3835/2032
f 562/950/562 17/24/17 1504/2741/1504
f 1504/2741/1504 17/24/17 487/820/487
f 1064/1883/1064 825/1394/825 897/1540/897
f 446/761/446 507/855/507 919/1583/919
f 441/751/441 18/26/18 731/1244/731
f 731/1244/731 18/26/18 442/752/442
f 156/276/156 19/27/19 676/1147/676
f 676/1147/676 19/27/19 635/1068/635
f 1479/2689/1479 551/933/551 1914/3614/1914
f 2042/3851/2042 2126/4024/2126 2354/4473/2354
f 2354/4473/2354 2/2/2 2127/4025/2127
f 452/768/452 1598/2933/1598 1905/3589/1905
f 1973/3724/1973 20/29/20 2050/3865/2050
f 2050/3865/2050 20/29/20 226/373/226
f 332/546/332 21/30/21 54/82/54
f 54/83/54 21/32/21 468/793/468
f 688/1165/688 22/33/22 2264/4305/2264
f 2264/4305/2264 22/33/22 779/1320/779
f 1002/1765/1002 1957/3698/1957 1773/3318/1773
f 1515/2762/1515 1308/2357/1308 1561/2854/1561
f 1683/3125/1683 738/1255/738 1953/3690/1953
f 316/521/316 513/868/513 980/1713/980
f 2182/4139/2182 23/34/23 990/1729/990
f 990/1729/990 23/34/23 759/1286/759
f 2492/4736/2492 1221/2194/1221 1642/3035/1642
f 427/731/427 24/35/24 2383/4536/2383
f 2383/4534/2383 24/36/24 197/333/197
f 1453/2642/1453 1853/3480/1853 2004/3781/2004
f 2139/4049/2139 2482/4705/2482 1943/3674/1943
f 1855/3484/1855 2032/3835/2032 1699/3161/1699
f 1203/2161/1203 1980/3735/1980 1233/2215/1233
f 820/1386/820 1982/3740/1982 1910/3601/1910
f 2123/4019/2123 25/38/25 1613/2973/1613
f 1613/2974/1613 25/37/25 1349/2437/1349
f 2330/4433/2330 1031/1819/1031 1028/1816/1028
f 1699/3161/1699 1545/2822/1545 1855/3484/1855
f 2368/4499/2368 2178/4130/2178 145/252/145
f 145/252/145 2178/4130/2178 1402/2537/1402
f 1215/2181/1215 1463/2658/1463 1101/1951/1101
f 1236/2219/1236 1250/2245/1250 1820/3407/1820
f 1523/2783/1523 26/39/26 1907/3592/1907
f 1907/3592/1907 26/39/26 1723/3211/1723
f 1012/1786/1012 437/745/437 2331/4434/2331
f 221/367/221 30/46/30 1484/2698/1484
f 1484/2698/1484 30/46/30 2201/4177/2201
f 1334/2409/1334 921/1585/921 1151/2052/1151
f 374/631/374 1042/1842/1042 1248/2243/1248
f 1330/2401/1330 1397/2527/1397 1291/2319/1291
f 1513/2760/1513 31/47/31 2265/4308/2265
f 2265/4308/2265 31/47/31 2497/4748/2497
f 2368/4498/2368 2293/4365/2293 462/781/462
f 788/1335/788 2239/4256/2239 2031/3834/2031
f 923/1593/923 2264/4305/2264 779/1320/779
f 2288/4357/2288 2480/4703/2480 364/606/364
f 2013/3796/2013 2279/4335/2279 53/80/53
f 1335/2411/1335 32/49/32 2148/4071/2148
f 946/1637/946 737/1254/737 235/387/235
f 2148/4071/2148 32/49/32 147/256/147
f 243/398/243 33/50/33 384/650/384
f 384/650/384 33/50/33 2435/4637/2435
f 156/275/156 34/52/34 2397/4565/2397
f 2397/4565/2397 34/52/34 1895/3569/1895
f 1479/2689/1479 1914/3614/1914 1253/2251/1253
f 247/402/247 36/54/36 2397/4565/2397
f 2397/4565/2397 36/54/36 635/1067/635
f 434/741/434 783/1328/783 1011/1785/1011
f 232/381/232 37/55/37 1369/2478/1369
f 1369/2478/1369 37/55/37 653/1103/653
f 826/1397/826 1967/3714/1967 1278/2300/1278
f 1875/3524/1875 2117/4011/2117 1413/2563/1413
f 1460/2652/1460 38/56/38 2272/4320/2272
f 2272/4320/2272 38/56/38 254/413/254
f 2491/4734/2491 39/57/39 1893/3563/1893
f 1893/3563/1893 39/57/39 1340/2422/1340
f 2304/4390/2304 2474/4696/2474 2343/4456/2343
f 2343/4456/2343 2474/4696/2474 1517/2766/1517
f 2117/4011/2117 948/1641/948 1413/2563/1413
f 2064/3899/2064 2403/4574/2403 1998/3770/1998
f 1538/2809/1538 40/58/40 929/1604/929
f 929/1604/929 40/58/40 1477/2685/1477
f 2241/4260/2241 41/59/41 955/1658/955
f 955/1658/955 41/59/41 94/155/94
f 927/1602/927 2451/4662/2451 2172/4122/2172
f 1000/1761/1000 790/1337/790 2330/4433/2330
f 858/1470/858 42/60/42 1994/3760/1994
f 1994/3762/1994 42/61/42 635/1068/635
f 758/1285/758 2010/3792/2010 933/1611/933
f 758/1285/758 934/1612/934 1546/2823/1546
f 503/849/503 1431/2602/1431 1324/2389/1324
f 1664/3087/1664 131/224/131 257/418/257
f 818/1383/818 1943/3675/1943 2069/3909/2069
f 1033/1821/1033 1865/3501/1865 1059/1874/1059
f 611/1023/611 2476/4698/2476 1144/2037/1144
f 1523/2782/1523 43/63/43 1353/2445/1353
f 1353/2445/1353 43/63/43 2490/4731/2490
f 2127/4025/2127 1943/3675/1943 2140/4051/2140
f 1427/2593/1427 1850/3471/1850 1759/3286/1759
f 1877/3529/1877 1824/3413/1824 1102/1955/1102
f 1744/3252/1744 1681/3121/1681 488/822/488
f 1246/2237/1246 462/781/462 2293/4365/2293
f 1363/2468/1363 45/66/45 1311/2365/1311
f 1311/2365/1311 45/66/45 111/183/111
f 1595/2927/1595 239/394/239 1698/3160/1698
f 1073/1893/1073 799/1349/799 135/232/135
f 1342/2425/1342 1914/3614/1914 1681/3121/1681
f 2142/4056/2142 1895/3567/1895 1197/2145/1197
f 1089/1924/1089 2285/4353/2285 2405/4580/2405
f 751/1274/751 509/859/509 340/564/340
f 985/1719/985 2071/3912/2071 1039/1836/1039
f 781/1325/781 282/461/282 2304/4391/2304
f 700/1182/700 46/67/46 2381/4531/2381
f 2381/4532/2381 46/68/46 2048/3862/2048
f 2006/3786/2006 238/393/238 1209/2170/1209
f 957/1660/957 2481/4704/2481 1229/2209/1229
f 1209/2170/1209 238/393/238 1905/3589/1905
f 2487/4721/2487 1123/1992/1123 1870/3510/1870
f 909/1566/909 1882/3541/1882 2076/3924/2076
f 247/402/247 49/75/49 2467/4685/2467
f 2467/4685/2467 49/75/49 1895/3569/1895
f 1524/2784/1524 2151/4079/2151 1330/2402/1330
f 1385/2505/1385 50/76/50 1963/3706/1963
f 1963/3706/1963 50/76/50 1786/3345/1786
f 481/811/481 51/77/51 246/401/246
f 246/401/246 51/77/51 260/421/260
f 1844/3455/1844 1240/2225/1240 1427/2594/1427
f 1768/3307/1768 52/78/52 1410/2550/1410
f 1410/2551/1410 52/79/52 1879/3534/1879
f 904/1554/904 619/1037/619 2412/4595/2412
f 1348/2435/1348 1974/3727/1974 2483/4710/2483
f 1862/3496/1862 1958/3699/1958 1547/2824/1547
f 664/1122/664 15/22/15 2311/4402/2311
f 900/1543/900 1471/2672/1471 1163/2073/1163
f 675/1144/675 55/84/55 2167/4110/2167
f 2167/4109/2167 55/85/55 2400/4569/2400
f 1655/3063/1655 57/89/57 1279/2302/1279
f 1021/1800/1021 2305/4392/2305 1018/1796/1018
f 1279/2303/1279 57/88/57 1406/2546/1406
f 1944/3676/1944 1158/2065/1158 620/1039/620
f 1231/2212/1231 2119/4014/2119 1164/2074/1164
f 910/1567/910 320/526/320 954/1656/954
f 1388/2510/1388 58/90/58 2199/4174/2199
f 2199/4174/2199 58/90/58 743/1261/743
f 2488/4722/2488 1481/2692/1481 715/1208/715
f 1813/3392/1813 1757/3282/1757 1778/3327/1778
f 2011/3793/2011 2052/3870/2052 825/1395/825
f 1854/3482/1854 2067/3903/2067 2053/3871/2053
f 2231/4239/2231 569/959/569 1019/1797/1019
f 191/326/191 2354/4473/2354 2124/4021/2124
f 2249/4278/2249 61/94/61 911/1568/911
f 911/1568/911 61/94/61 2232/4240/2232
f 2489/4725/2489 64/103/64 455/771/455
f 455/771/455 64/103/64 2145/4062/2145
f 184/315/184 66/107/66 1414/2564/1414
f 1414/2564/1414 66/107/66 226/373/226
f 1148/2044/1148 67/108/67 2123/4019/2123
f 2123/4019/2123 67/108/67 54/83/54
f 1056/1866/1056 918/1582/918 2229/4237/2229
f 85/140/85 2214/4204/2214 16/23/16
f 833/1415/833 985/1719/985 79/130/79
f 28/42/28 2056/3878/2056 458/774/458
f 466/790/466 1051/1858/1051 2173/4123/2173
f 687/1164/687 2230/4238/2230 1109/1965/1109
f 2312/4403/2312 222/368/222 982/1715/982
f 2036/3840/2036 1440/2625/1440 179/309/179
f 2211/4198/2211 69/112/69 1541/2814/1541
f 1541/2814/1541 69/112/69 1363/2468/1363
f 2269/4315/2269 70/114/70 392/667/392
f 392/667/392 70/114/70 1383/2501/1383
f 1510/2754/1510 1607/2958/1607 402/686/402
f 760/1287/760 1067/1887/1067 2066/3902/2066
f 1857/3489/1857 1700/3162/1700 983/1716/983
f 595/996/595 1950/3684/1950 1803/3374/1803
f 2044/3853/2044 2095/3967/2095 2218/4213/2218
f 2363/4488/2363 71/115/71 2271/4318/2271
f 2271/4319/2271 71/116/71 2362/4486/2362
f 802/1355/802 72/118/72 1660/3077/1660
f 1660/3079/1660 72/117/72 1893/3564/1893
f 2481/4704/2481 957/1660/957 2328/4431/2328
f 1061/1877/1061 1713/3192/1713 1281/2305/1281
f 2115/4008/2115 2099/3974/2099 1169/2083/1169
f 1440/2625/1440 2357/4477/2357 179/309/179
f 254/413/254 73/119/73 2272/4320/2272
f 2225/4230/2225 959/1665/959 1194/2140/1194
f 2272/4320/2272 73/119/73 2268/4313/2268
f 986/1722/986 75/124/75 573/963/573
f 573/963/573 75/124/75 279/455/279
f 1237/2221/1237 1711/3186/1711 1457/2648/1457
f 2246/4271/2246 798/1347/798 974/1698/974
f 389/662/389 76/125/76 1694/3155/1694
f 1694/3154/1694 76/126/76 1029/1817/1029
f 111/183/111 77/127/77 722/1226/722
f 722/1226/722 77/127/77 628/1053/628
f 1473/2676/1473 1844/3455/1844 1780/3330/1780
f 2072/3913/2072 2448/4657/2448 2348/4465/2348
f 515/873/515 1077/1900/1077 1271/2289/1271
f 2382/4533/2382 78/129/78 862/1477/862
f 2383/4536/2383 78/128/78 263/426/263
f 967/1683/967 884/1520/884 525/889/525
f 525/889/525 884/1520/884 1011/1785/1011
f 1275/2294/1275 732/1245/732 1960/3701/1960
f 1960/3701/1960 732/1245/732 1221/2194/1221
f 529/897/529 490/825/490 2477/4699/2477
f 1638/3027/1638 577/968/577 703/1188/703
f 946/1637/946 235/387/235 1109/1965/1109
f 1950/3684/1950 559/946/559 2043/3852/2043
f 251/407/251 82/134/82 47/73/47
f 47/71/47 82/135/82 1902/3586/1902
f 1735/3235/1735 1901/3584/1901 1774/3320/1774
f 561/948/561 687/1164/687 222/368/222
f 1554/2840/1554 1171/2088/1171 1859/3493/1859
f 1123/1992/1123 1366/2472/1366 1870/3510/1870
f 709/1196/709 1919/3620/1919 2027/3826/2027
f 1834/3439/1834 1810/3384/1810 1233/2216/1233
f 474/802/474 1770/3313/1770 1858/3491/1858
f 803/1356/803 933/1611/933 2010/3792/2010
f 2488/4722/2488 555/939/555 1481/2692/1481
f 699/1179/699 1112/1969/1112 1067/1887/1067
f 1817/3403/1817 1752/3272/1752 1783/3340/1783
f 2057/3880/2057 642/1078/642 343/568/343
f 898/1541/898 1855/3484/1855 833/1416/833
f 2334/4439/2334 471/797/471 683/1157/683
f 1456/2647/1456 732/1245/732 1275/2294/1275
f 2111/3999/2111 1976/3730/1976 2055/3876/2055
f 201/341/201 87/143/87 1357/2454/1357
f 1357/2454/1357 87/143/87 682/1156/682
f 1382/2500/1382 1678/3114/1678 128/219/128
f 576/967/576 1338/2418/1338 1577/2883/1577
f 2398/4567/2398 978/1708/978 386/658/386
f 1151/2051/1151 1558/2847/1558 1608/2960/1608
f 2036/3840/2036 2226/4232/2226 2293/4364/2293
f 387/660/387 88/145/88 1734/3234/1734
f 1734/3234/1734 88/145/88 1040/1837/1040
f 2124/4021/2124 2126/4024/2126 642/1078/642
f 2062/3893/2062 941/1629/941 881/1517/881
f 2465/4682/2465 622/1042/622 810/1368/810
f 810/1368/810 622/1042/622 2473/4695/2473
f 944/1633/944 2308/4398/2308 917/1581/917
f 972/1692/972 1058/1871/1058 1056/1866/1056
f 2065/3901/2065 979/1712/979 850/1451/850
f 638/1073/638 91/152/91 2338/4446/2338
f 2338/4445/2338 91/151/91 768/1300/768
f 1363/2468/1363 92/153/92 1396/2526/1396
f 1396/2526/1396 92/153/92 321/527/321
f 2291/4362/2291 981/1714/981 2120/4015/2120
f 79/130/79 696/1176/696 2033/3836/2033
f 1168/2082/1168 2031/3834/2031 2389/4546/2389
f 1324/2389/1324 1697/3158/1697 1308/2356/1308
f 168/291/168 97/161/97 381/644/381
f 381/644/381 97/161/97 500/844/500
f 956/1659/956 60/93/60 191/326/191
f 1946/3679/1946 313/516/313 2020/3813/2020
f 2113/4002/2113 869/1491/869 1943/3675/1943
f 2316/4408/2316 954/1656/954 1180/2104/1180
f 1558/2847/1558 2356/4475/2356 1608/2960/1608
f 1351/2441/1351 137/235/137 1853/3481/1853
f 439/747/439 472/799/472 1205/2163/1205
f 1946/3680/1946 2092/3955/2092 1212/2176/1212
f 1558/2847/1558 1043/1844/1043 1329/2400/1329
f 2069/3909/2069 522/884/522 2092/3956/2092
f 627/1050/627 2168/4113/2168 1913/3612/1913
f 913/1572/913 1877/3528/1877 895/1536/895
f 1013/1787/1013 891/1531/891 1797/3364/1797
f 211/355/211 694/1174/694 1121/1990/1121
f 1314/2369/1314 98/164/98 1462/2656/1462
f 1462/2655/1462 98/162/98 753/1279/753
f 321/527/321 99/165/99 1396/2526/1396
f 1396/2526/1396 99/165/99 2268/4313/2268
f 972/1692/972 2291/4362/2291 1000/1761/1000
f 2493/4737/2493 100/167/100 1367/2474/1367
f 1367/2475/1367 100/166/100 2073/3916/2073
f 2298/4377/2298 2297/4375/2297 730/1243/730
f 1923/3627/1923 2214/4204/2214 228/375/228
f 1979/3734/1979 101/168/101 155/273/155
f 155/273/155 101/168/101 232/381/232
f 1037/1831/1037 1765/3299/1765 1143/2035/1143
f 460/777/460 2071/3912/2071 1545/2821/1545
f 1460/2652/1460 102/169/102 1888/3553/1888
f 1888/3553/1888 102/169/102 321/527/321
f 732/1245/732 1456/2647/1456 602/1008/602
f 2441/4646/2441 103/171/103 2131/4033/2131
f 2131/4034/2131 103/170/103 929/1604/929
f 1519/2775/1519 1938/3658/1938 2283/4347/2283
f 370/619/370 643/1081/643 302/493/302
f 745/1263/745 2446/4655/2446 2192/4164/2192
f 313/516/313 1545/2822/1545 1699/3161/1699
f 1195/2142/1195 117/197/117 1194/2140/1194
f 1553/2836/1553 1017/1795/1017 1048/1853/1048
f 713/1203/713 2064/3900/2064 991/1731/991
f 2042/3851/2042 818/1383/818 344/569/344
f 1541/2814/1541 105/174/105 2387/4542/2387
f 2387/4542/2387 105/174/105 159/282/159
f 1486/2702/1486 2486/4718/2486 1510/2754/1510
f 994/1739/994 1025/1812/1025 1053/1862/1053
f 677/1149/677 165/288/165 2087/3947/2087
f 2477/4699/2477 2500/4756/2500 453/769/453
f 2317/4409/2317 2198/4173/2198 1128/2003/1128
f 672/1137/672 1145/2040/1145 249/404/249
f 249/404/249 1145/2040/1145 1152/2054/1152
f 1891/3557/1891 1348/2436/1348 2483/4711/2483
f 1561/2854/1561 1697/3159/1697 488/821/488
f 1190/2129/1190 2343/4455/2343 1517/2767/1517
f 513/870/513 1399/2533/1399 3/4/3
f 1891/3557/1891 2006/3785/2006 885/1522/885
f 1642/3035/1642 586/982/586 2492/4736/2492
f 1163/2073/1163 2082/3940/2082 1231/2212/1231
f 1287/2315/1287 859/1471/859 1689/3136/1689
f 180/310/180 106/175/106 557/942/557
f 557/942/557 106/175/106 836/1419/836
f 192/328/192 108/177/108 1370/2481/1370
f 1370/2481/1370 108/177/108 736/1253/736
f 403/690/403 2130/4030/2130 612/1025/612
f 1204/2162/1204 1140/2027/1140 893/1534/893
f 786/1331/786 273/444/273 832/1413/832
f 1225/2201/1225 211/355/211 2192/4164/2192
f 120/203/120 2041/3850/2041 873/1501/873
f 1678/3114/1678 1829/3426/1829 128/219/128
f 2340/4451/2340 2196/4168/2196 1105/1959/1105
f 2444/4651/2444 2196/4169/2196 2340/4450/2340
f 137/235/137 1720/3204/1720 1853/3481/1853
f 1547/2825/1547 272/441/272 1702/3165/1702
f 2261/4301/2261 2412/4596/2412 619/1038/619
f 386/656/386 2365/4492/2365 533/903/533
f 893/1534/893 994/1739/994 883/1519/883
f 1567/2865/1567 141/246/141 1713/3192/1713
f 1726/3220/1726 107/176/107 2155/4085/2155
f 2291/4362/2291 972/1692/972 2395/4560/2395
f 808/1364/808 2329/4432/2329 1026/1813/1026
f 759/1286/759 110/182/110 1174/2093/1174
f 1174/2093/1174 110/182/110 2035/3839/2035
f 2079/3931/2079 2418/4604/2418 174/302/174
f 818/1383/818 2020/3813/2020 344/569/344
f 690/1168/690 859/1471/859 341/566/341
f 660/1116/660 1571/2869/1571 1787/3346/1787
f 980/1713/980 1256/2258/1256 2090/3952/2090
f 77/127/77 111/183/111 1172/2089/1172
f 1172/2089/1172 111/183/111 45/66/45
f 1947/3681/1947 2092/3955/2092 522/883/522
f 2089/3951/2089 650/1098/650 525/889/525
f 934/1612/934 2027/3826/2027 1546/2823/1546
f 1989/3754/1989 1931/3644/1931 1864/3500/1864
f 2233/4243/2233 2250/4281/2250 2319/4414/2319
f 2319/4414/2319 2250/4281/2250 569/959/569
f 1144/2037/1144 820/1388/820 2487/4719/2487
f 1725/3216/1725 2218/4212/2218 2095/3968/2095
f 2094/3962/2094 1387/2508/1387 2147/4066/2147
f 2239/4256/2239 1261/2270/1261 2031/3834/2031
f 2120/4015/2120 2065/3901/2065 790/1337/790
f 2031/3834/2031 1261/2270/1261 2389/4546/2389
f 2198/4172/2198 2317/4411/2317 2320/4416/2320
f 1212/2176/1212 1948/3682/1948 1818/3405/1818
f 307/504/307 1074/1895/1074 614/1030/614
f 895/1536/895 961/1667/961 1044/1845/1044
f 687/1163/687 2206/4188/2206 250/405/250
f 945/1635/945 928/1603/928 1097/1938/1097
f 280/457/280 114/190/114 1618/2985/1618
f 1618/2985/1618 114/190/114 1677/3110/1677
f 551/933/551 1681/3121/1681 1914/3614/1914
f 1404/2541/1404 1403/2539/1403 1887/3552/1887
f 1887/3550/1887 1403/2538/1403 553/937/553
f 1684/3127/1684 1808/3382/1808 1988/3753/1988
f 1044/1845/1044 961/1667/961 1132/2010/1132
f 1231/2212/1231 2228/4236/2228 2119/4014/2119
f 165/288/165 677/1149/677 250/405/250
f 1649/3048/1649 1792/3355/1792 1428/2596/1428
f 783/1328/783 1112/1969/1112 2089/3951/2089
f 2147/4067/2147 2240/4258/2240 2216/4209/2216
f 1258/2262/1258 116/195/116 1349/2439/1349
f 1349/2439/1349 116/195/116 201/339/201
f 2242/4261/2242 1437/2621/1437 624/1045/624
f 844/1440/844 2113/4004/2113 2482/4708/2482
f 1001/1763/1001 1640/3032/1640 2243/4263/2243
f 2167/4111/2167 2244/4264/2244 1130/2007/1130
f 1368/2477/1368 2393/4556/2393 2271/4319/2271
f 1605/2954/1605 1473/2676/1473 1780/3330/1780
f 1502/2734/1502 1428/2596/1428 2021/3814/2021
f 2002/3778/2002 118/201/118 658/1113/658
f 2304/4391/2304 2343/4455/2343 781/1325/781
f 1069/1889/1069 60/93/60 413/706/413
f 2167/4111/2167 1130/2007/1130 1085/1914/1085
f 781/1326/781 1463/2658/1463 1215/2181/1215
f 1687/3131/1687 350/577/350 1434/2608/1434
f 2004/3780/2004 1720/3205/1720 1171/2087/1171
f 1223/2197/1223 121/205/121 2070/3910/2070
f 1051/1858/1051 1025/1812/1025 1232/2213/1232
f 1951/3687/1951 979/1712/979 894/1535/894
f 2070/3911/2070 121/204/121 1150/2050/1150
f 2277/4332/2277 122/206/122 842/1434/842
f 842/1434/842 122/206/122 960/1666/960
f 758/1285/758 897/1540/897 825/1394/825
f 1565/2862/1565 1395/2525/1395 1732/3230/1732
f 63/102/63 2304/4390/2304 282/460/282
f 1471/2672/1471 1108/1964/1108 1163/2073/1163
f 2045/3856/2045 1101/1952/1101 273/443/273
f 1705/3169/1705 854/1458/854 1285/2312/1285
f 2289/4359/2289 123/208/123 2469/4687/2469
f 520/881/520 124/209/124 2096/3969/2096
f 2096/3969/2096 124/209/124 527/894/527
f 1618/2985/1618 126/213/126 1262/2271/1262
f 1262/2271/1262 126/213/126 1540/2812/1540
f 2349/4466/2349 314/517/314 2161/4096/2161
f 2161/4096/2161 314/517/314 2118/4013/2118
f 758/1285/758 1546/2823/1546 897/1540/897
f 1918/3619/1918 1976/3730/1976 2032/3835/2032
f 1776/3323/1776 2021/3814/2021 1428/2596/1428
f 1986/3750/1986 1773/3318/1773 1456/2647/1456
f 1158/2065/1158 1944/3676/1944 1390/2512/1390
f 471/797/471 1719/3201/1719 1552/2835/1552
f 1036/1829/1036 908/1563/908 2263/4303/2263
f 412/705/412 610/1022/610 2176/4127/2176
f 623/1043/623 90/150/90 904/1555/904
f 2252/4283/2252 1380/2495/1380 2005/3783/2005
f 372/621/372 778/1318/778 2373/4515/2373
f 1380/2496/1380 2252/4285/2252 1485/2700/1485
f 1820/3407/1820 1487/2703/1487 1915/3615/1915
f 1382/2500/1382 318/524/318 548/929/548
f 947/1638/947 1647/3044/1647 805/1359/805
f 615/1031/615 1854/3482/1854 2055/3876/2055
f 1785/3343/1785 1900/3583/1900 482/812/482
f 2325/4427/2325 136/233/136 2245/4267/2245
f 2245/4267/2245 136/233/136 725/1231/725
f 1830/3427/1830 1957/3698/1957 1772/3316/1772
f 1555/2841/1555 2138/4047/2138 2384/4537/2384
f 1830/3427/1830 1642/3035/1642 1957/3698/1957
f 954/1656/954 502/847/502 910/1567/910
f 753/1278/753 139/241/139 1614/2976/1614
f 1614/2976/1614 139/241/139 1984/3746/1984
f 2495/4744/2495 2432/4632/2432 648/1092/648
f 780/1323/780 1145/2039/1145 1418/2574/1418
f 381/644/381 140/242/140 990/1729/990
f 990/1729/990 140/242/140 755/1281/755
f 662/1118/662 142/249/142 616/1033/616
f 616/1033/616 142/249/142 1126/1997/1126
f 775/1311/775 1513/2760/1513 1691/3140/1691
f 1623/2993/1623 2058/3883/2058 2108/3992/2108
f 1555/2841/1555 2384/4537/2384 2477/4699/2477
f 808/1364/808 1203/2161/1203 1204/2162/1204
f 332/549/332 146/254/146 2408/4584/2408
f 2408/4587/2408 146/255/146 285/466/285
f 208/351/208 743/1261/743 2086/3945/2086
f 2290/4361/2290 1030/1818/1030 407/697/407
f 1852/3476/1852 147/256/147 1851/3473/1851
f 1851/3473/1851 147/256/147 32/49/32
f 901/1546/901 149/261/149 1319/2377/1319
f 1319/2376/1319 149/262/149 1424/2583/1424
f 2350/4467/2350 1681/3121/1681 1744/3252/1744
f 1666/3092/1666 2017/3808/2017 1980/3736/1980
f 1064/1883/1064 1896/3570/1896 2025/3824/2025
f 2260/4300/2260 151/264/151 1113/1971/1113
f 1113/1971/1113 151/264/151 300/490/300
f 2440/4643/2440 119/202/119 541/921/541
f 1953/3689/1953 1954/3693/1954 1646/3042/1646
f 1646/3041/1646 1954/3691/1954 1789/3351/1789
f 1253/2251/1253 1842/3452/1842 1479/2689/1479
f 2270/4316/2270 1944/3676/1944 620/1039/620
f 1991/3756/1991 153/271/153 1477/2685/1477
f 1477/2684/1477 153/270/153 2449/4658/2449
f 1243/2230/1243 2399/4568/2399 2358/4479/2358
f 785/1330/785 2187/4148/2187 710/1197/710
f 1876/3527/1876 1079/1902/1079 1295/2326/1295
f 2242/4261/2242 1466/2666/1466 573/963/573
f 2289/4359/2289 156/274/156 676/1146/676
f 19/27/19 156/276/156 2397/4564/2397
f 569/959/569 1036/1830/1036 397/680/397
f 467/792/467 643/1080/643 810/1368/810
f 2243/4263/2243 1268/2284/1268 304/496/304
f 1066/1886/1066 2353/4472/2353 699/1179/699
f 1780/3330/1780 1282/2306/1282 1631/3007/1631
f 294/479/294 1210/2171/1210 926/1601/926
f 1093/1930/1093 158/280/158 1761/3291/1761
f 1761/3292/1761 158/279/158 1331/2404/1331
f 125/212/125 1535/2802/1535 339/563/339
f 339/563/339 1535/2802/1535 1623/2993/1623
f 1128/2003/1128 2432/4632/2432 2427/4623/2427
f 2356/4475/2356 1216/2182/1216 1365/2471/1365
f 559/946/559 615/1031/615 2055/3876/2055
f 867/1488/867 2349/4466/2349 2161/4096/2161
f 1363/2468/1363 159/282/159 105/174/105
f 2387/4542/2387 159/282/159 231/380/231
f 517/876/517 1088/1923/1088 1816/3400/1816
f 1523/2783/1523 160/283/160 2210/4195/2210
f 2210/4195/2210 160/283/160 1302/2344/1302
f 1755/3278/1755 1580/2888/1580 1754/3275/1754
f 2219/4217/2219 1183/2111/1183 591/989/591
f 256/416/256 161/284/161 1409/2549/1409
f 1409/2549/1409 161/284/161 329/542/329
f 419/716/419 1003/1767/1003 568/958/568
f 2447/4656/2447 2384/4537/2384 2138/4047/2138
f 758/1285/758 825/1394/825 2010/3792/2010
f 256/416/256 163/286/163 1343/2426/1343
f 1343/2426/1343 163/286/163 1265/2278/1265
f 1996/3766/1996 1997/3768/1997 1132/2009/1132
f 2205/4187/2205 2326/4428/2326 2373/4515/2373
f 1215/2180/1215 2045/3856/2045 672/1137/672
f 1814/3396/1814 2012/3795/2012 892/1533/892
f 393/670/393 2410/4589/2410 813/1372/813
f 1092/1929/1092 646/1089/646 867/1488/867
f 2225/4231/2225 1194/2139/1194 1017/1795/1017
f 227/374/227 164/287/164 1484/2698/1484
f 1484/2698/1484 164/287/164 221/367/221
f 1013/1787/1013 1136/2020/1136 889/1528/889
f 2161/4096/2161 364/606/364 2415/4601/2415
f 1203/2161/1203 970/1689/970 1140/2027/1140
f 821/1389/821 167/290/167 727/1234/727
f 727/1234/727 167/290/167 726/1233/726
f 1000/1761/1000 1058/1871/1058 972/1692/972
f 2332/4435/2332 485/816/485 331/545/331
f 2087/3946/2087 405/694/405 1235/2218/1235
f 97/161/97 168/291/168 1174/2093/1174
f 1174/2093/1174 168/291/168 759/1286/759
f 405/694/405 2456/4669/2456 1235/2218/1235
f 519/880/519 1019/1797/1019 2121/4016/2121
f 2146/4065/2146 169/292/169 2391/4551/2391
f 2391/4551/2391 169/292/169 2083/3941/2083
f 892/1532/892 1359/2461/1359 210/354/210
f 227/374/227 170/293/170 1343/2426/1343
f 2125/4023/2125 335/556/335 1481/2692/1481
f 1343/2426/1343 170/293/170 256/416/256
f 1105/1959/1105 2196/4168/2196 1151/2051/1151
f 486/818/486 172/298/172 1637/3026/1637
f 141/244/141 2189/4153/2189 1713/3190/1713
f 1637/3026/1637 172/298/172 1331/2403/1331
f 737/1254/737 946/1637/946 896/1539/896
f 1286/2313/1286 173/300/173 1478/2688/1478
f 1478/2688/1478 173/300/173 764/1292/764
f 2042/3851/2042 344/569/344 2126/4024/2126
f 1406/2545/1406 175/303/175 1408/2548/1408
f 1408/2548/1408 175/303/175 383/649/383
f 562/950/562 177/307/177 1801/3371/1801
f 1801/3371/1801 177/307/177 1361/2463/1361
f 1643/3036/1643 363/605/363 1628/3001/1628
f 1807/3381/1807 2492/4735/2492 1226/2203/1226
f 2096/3969/2096 178/308/178 1049/1855/1049
f 1239/2223/1239 1090/1925/1090 891/1531/891
f 1206/2164/1206 561/948/561 2312/4403/2312
f 1049/1855/1049 178/308/178 1673/3102/1673
f 2286/4354/2286 2488/4723/2488 1486/2701/1486
f 852/1454/852 2312/4403/2312 212/356/212
f 1663/3085/1663 2500/4756/2500 1923/3627/1923
f 731/1244/731 180/310/180 378/639/378
f 378/639/378 180/310/180 2200/4176/2200
f 889/1528/889 711/1199/711 1218/2187/1218
f 1595/2927/1595 1698/3160/1698 2159/4092/2159
f 2427/4622/2427 182/312/182 1128/2002/1128
f 1128/2002/1128 182/312/182 1001/1764/1001
f 920/1584/920 2153/4083/2153 434/741/434
f 1841/3451/1841 2018/3809/2018 1779/3328/1779
f 2497/4748/2497 183/313/183 1041/1838/1041
f 1041/1839/1041 183/314/183 2324/4425/2324
f 535/907/535 791/1338/791 2233/4243/2233
f 1078/1901/1078 2356/4475/2356 1329/2400/1329
f 1318/2375/1318 2360/4482/2360 1483/2697/1483
f 2233/4243/2233 791/1338/791 2107/3989/2107
f 2151/4079/2151 1524/2784/1524 1990/3755/1990
f 1861/3495/1861 683/1157/683 1970/3717/1970
f 1480/2691/1480 907/1562/907 368/613/368
f 1926/3637/1926 184/315/184 1241/2227/1241
f 1241/2227/1241 184/315/184 1414/2564/1414
f 1414/2564/1414 185/316/185 1563/2859/1563
f 84/139/84 1245/2234/1245 1644/3039/1644
f 1563/2859/1563 185/316/185 736/1253/736
f 984/1718/984 2430/4628/2430 2332/4435/2332
f 954/1656/954 2316/4408/2316 1073/1893/1073
f 958/1661/958 1952/3688/1952 2269/4314/2269
f 573/963/573 1437/2621/1437 2242/4261/2242
f 1130/2006/1130 2278/4334/2278 2335/4441/2335
f 2333/4437/2333 2374/4517/2374 1107/1963/1107
f 860/1472/860 1154/2057/1154 1551/2834/1551
f 2244/4265/2244 2278/4334/2278 1130/2006/1130
f 1706/3170/1706 1551/2833/1551 1531/2793/1531
f 288/470/288 482/812/482 1900/3583/1900
f 815/1378/815 1282/2306/1282 1507/2746/1507
f 1230/2210/1230 1226/2202/1226 586/982/586
f 711/1198/711 717/1213/717 1218/2188/1218
f 2335/4440/2335 1085/1914/1085 1130/2007/1130
f 2248/4275/2248 907/1562/907 1480/2691/1480
f 1395/2525/1395 74/120/74 1732/3230/1732
f 1178/2100/1178 157/278/157 1129/2004/1129
f 989/1727/989 2320/4416/2320 2183/4140/2183
f 1752/3271/1752 1492/2715/1492 257/417/257
f 1798/3365/1798 1769/3310/1769 1493/2717/1493
f 1954/3692/1954 2023/3817/2023 756/1282/756
f 1399/2533/1399 154/272/154 2336/4442/2336
f 1949/3683/1949 1344/2427/1344 439/747/439
f 684/1159/684 1048/1853/1048 2287/4355/2287
f 1027/1815/1027 992/1732/992 374/633/374
f 1663/3085/1663 144/251/144 2313/4404/2313
f 1248/2240/1248 1269/2286/1269 2298/4377/2298
f 1759/3286/1759 1758/3284/1758 1427/2593/1427
f 80/132/80 1518/2769/1518 1312/2366/1312
f 1314/2370/1314 188/321/188 1360/2462/1360
f 1360/2462/1360 188/321/188 1302/2344/1302
f 1135/2019/1135 1634/3012/1634 1548/2826/1548
f 2089/3951/2089 2353/4472/2353 650/1098/650
f 1548/2827/1548 1046/1847/1046 1135/2018/1135
f 2409/4588/2409 228/375/228 1297/2330/1297
f 2108/3991/2108 2058/3881/2058 2104/3986/2104
f 1831/3428/1831 1784/3341/1784 1443/2628/1443
f 1902/3585/1902 1656/3064/1656 47/69/47
f 297/485/297 1092/1929/1092 867/1488/867
f 1232/2213/1232 1025/1812/1025 1021/1800/1021
f 2065/3901/2065 2017/3807/2017 1031/1819/1031
f 2453/4664/2453 1211/2174/1211 599/1002/599
f 1056/1866/1056 1058/1871/1058 918/1582/918
f 130/222/130 1263/2273/1263 1228/2208/1228
f 710/1197/710 2176/4127/2176 785/1330/785
f 1368/2477/1368 969/1687/969 2471/4692/2471
f 741/1259/741 2192/4164/2192 2446/4655/2446
f 1832/3430/1832 1001/1764/1001 182/312/182
f 1085/1915/1085 1001/1763/1001 2243/4263/2243
f 1085/1915/1085 2243/4263/2243 2167/4109/2167
f 2269/4314/2269 1116/1977/1116 958/1661/958
f 1572/2870/1572 192/328/192 1350/2440/1350
f 4/6/4 192/328/192 1370/2481/1370
f 2087/3946/2087 2352/4471/2352 405/694/405
f 641/1077/641 1126/1999/1126 142/248/142
f 917/1581/917 918/1582/918 1058/1871/1058
f 2278/4334/2278 127/217/127 1027/1815/1027
f 1558/2847/1558 1329/2400/1329 2356/4475/2356
f 2143/4058/2143 1944/3676/1944 113/187/113
f 435/743/435 194/330/194 384/650/384
f 384/650/384 194/330/194 243/398/243
f 138/240/138 2468/4686/2468 2380/4530/2380
f 1822/3409/1822 272/441/272 295/481/295
f 303/495/303 1175/2095/1175 499/843/499
f 214/358/214 2014/3797/2014 413/706/413
f 1027/1815/1027 127/217/127 992/1732/992
f 574/965/574 1291/2319/1291 1397/2527/1397
f 1079/1903/1079 1279/2302/1279 1408/2548/1408
f 1959/3700/1959 195/331/195 1409/2549/1409
f 1409/2549/1409 195/331/195 263/425/263
f 259/420/259 196/332/196 1922/3626/1922
f 1425/2586/1425 1284/2310/1284 1650/3051/1650
f 1922/3626/1922 196/332/196 470/796/470
f 923/1591/923 526/890/526 2324/4423/2324
f 119/202/119 2440/4643/2440 502/847/502
f 382/646/382 1135/2019/1135 2061/3890/2061
f 741/1259/741 2258/4295/2258 2192/4164/2192
f 1754/3274/1754 1883/3542/1883 1610/2965/1610
f 962/1669/962 2303/4386/2303 809/1365/809
f 2287/4356/2287 2163/4100/2163 2082/3940/2082
f 2383/4535/2383 197/334/197 11/15/11
f 2475/4697/2475 197/333/197 736/1253/736
f 2119/4014/2119 994/1739/994 893/1534/893
f 1333/2407/1333 1726/3220/1726 1732/3230/1732
f 794/1342/794 2351/4469/2351 927/1602/927
f 1479/2689/1479 578/969/578 2314/4405/2314
f 2288/4357/2288 581/973/581 274/445/274
f 1187/2123/1187 502/847/502 1077/1900/1077
f 2351/4469/2351 581/973/581 2288/4357/2288
f 343/568/343 1699/3161/1699 2032/3835/2032
f 1486/2701/1486 402/687/402 2357/4476/2357
f 2277/4332/2277 199/337/199 2158/4091/2158
f 2158/4091/2158 199/337/199 500/844/500
f 967/1683/967 412/705/412 568/958/568
f 1050/1856/1050 1025/1812/1025 2228/4236/2228
f 1136/2020/1136 1288/2316/1288 711/1199/711
f 921/1586/921 2072/3914/2072 1249/2244/1249
f 1375/2489/1375 1406/2545/1406 57/89/57
f 390/663/390 2400/4569/2400 55/85/55
f 696/1176/696 79/130/79 985/1719/985
f 860/1472/860 1047/1850/1047 1718/3199/1718
f 1111/1968/1111 2204/4185/2204 831/1412/831
f 1574/2875/1574 472/799/472 439/747/439
f 2033/3836/2033 696/1176/696 1802/3372/1802
f 1469/2670/1469 1716/3197/1716 1809/3383/1809
f 87/142/87 201/340/201 1573/2874/1573
f 1573/2874/1573 201/340/201 116/194/116
f 2363/4487/2363 202/342/202 2381/4532/2381
f 2381/4532/2381 202/342/202 700/1181/700
f 1814/3395/1814 1083/1910/1083 807/1363/807
f 1309/2360/1309 1594/2926/1594 2143/4058/2143
f 742/1260/742 204/345/204 949/1646/949
f 949/1646/949 204/345/204 659/1115/659
f 1087/1918/1087 779/1320/779 22/33/22
f 779/1322/779 1087/1919/1087 702/1187/702
f 1595/2927/1595 2159/4092/2159 2314/4405/2314
f 833/1416/833 2136/4042/2136 269/437/269
f 1032/1820/1032 744/1262/744 265/429/265
f 1302/2345/1302 205/347/205 2210/4196/2210
f 2210/4197/2210 205/348/205 480/810/480
f 359/596/359 206/349/206 764/1292/764
f 764/1292/764 206/349/206 689/1166/689
f 787/1334/787 207/350/207 2377/4524/2377
f 2377/4524/2377 207/350/207 955/1658/955
f 1667/3093/1667 456/772/456 593/992/593
f 638/1073/638 208/351/208 1378/2492/1378
f 1043/1844/1043 1797/3364/1797 1329/2400/1329
f 208/351/208 2086/3945/2086 1305/2351/1305
f 1832/3429/1832 209/352/209 1001/1763/1001
f 1001/1763/1001 209/352/209 444/757/444
f 1183/2111/1183 2183/4140/2183 2434/4636/2434
f 2183/4140/2183 2320/4416/2320 1185/2118/1185
f 1901/3584/1901 1469/2670/1469 1822/3409/1822
f 1822/3409/1822 1469/2670/1469 1809/3383/1809
f 1189/2126/1189 2341/4453/2341 357/592/357
f 1279/2301/1279 1079/1902/1079 1640/3032/1640
f 1470/2671/1470 879/1513/879 1831/3428/1831
f 2067/3903/2067 1919/3620/1919 709/1196/709
f 1200/2153/1200 970/1688/970 1285/2312/1285
f 474/802/474 1570/2868/1570 1802/3372/1802
f 1802/3372/1802 1570/2868/1570 2033/3836/2033
f 1435/2617/1435 213/357/213 2105/3987/2105
f 2105/3987/2105 213/357/213 1843/3453/1843
f 1185/2116/1185 1267/2281/1267 333/550/333
f 333/551/333 2183/4140/2183 1185/2118/1185
f 922/1589/922 1175/2095/1175 1138/2022/1138
f 1138/2022/1138 1175/2095/1175 431/737/431
f 63/100/63 282/461/282 2292/4363/2292
f 2054/3875/2054 215/359/215 1768/3309/1768
f 1768/3309/1768 215/359/215 2390/4548/2390
f 2049/3863/2049 526/891/526 2245/4268/2245
f 369/616/369 2434/4636/2434 268/436/268
f 1935/3651/1935 1347/2434/1347 1227/2204/1227
f 549/930/549 2435/4637/2435 33/50/33
f 1950/3684/1950 953/1655/953 615/1031/615
f 297/485/297 2348/4465/2348 1092/1929/1092
f 134/230/134 521/882/521 2435/4637/2435
f 658/1113/658 217/361/217 2002/3778/2002
f 2002/3778/2002 217/361/217 486/818/486
f 2403/4575/2403 59/92/59 2284/4348/2284
f 1466/2665/1466 218/363/218 2301/4382/2301
f 2301/4382/2301 218/363/218 324/533/324
f 1596/2928/1596 1510/2754/1510 2486/4718/2486
f 1376/2490/1376 220/366/220 1922/3626/1922
f 1922/3626/1922 220/366/220 1556/2842/1556
f 1253/2251/1253 2457/4672/2457 1392/2515/1392
f 1863/3498/1863 469/795/469 2097/3970/2097
f 1239/2223/1239 1146/2041/1146 1125/1995/1125
f 2358/4478/2358 2420/4606/2420 138/240/138
f 376/635/376 221/367/221 2498/4750/2498
f 1125/1995/1125 1146/2041/1146 938/1618/938
f 2498/4750/2498 221/367/221 164/287/164
f 2258/4295/2258 2331/4434/2331 1225/2201/1225
f 1329/2400/1329 1239/2223/1239 1078/1901/1078
f 2036/3840/2036 2368/4499/2368 145/252/145
f 1151/2052/1151 2196/4169/2196 1334/2409/1334
f 1043/1843/1043 1558/2846/1558 2170/4119/2170
f 60/93/60 1069/1889/1069 760/1287/760
f 2431/4630/2431 1098/1942/1098 1173/2092/1173
f 1361/2464/1361 223/370/223 1259/2266/1259
f 1259/2266/1259 223/370/223 473/801/473
f 1608/2960/1608 1105/1959/1105 1151/2051/1151
f 2003/3779/2003 1062/1879/1062 1401/2536/1401
f 1966/3713/1966 225/372/225 536/908/536
f 536/908/536 225/372/225 2241/4260/2241
f 1138/2022/1138 1251/2248/1251 922/1589/922
f 364/606/364 2480/4703/2480 2415/4601/2415
f 1250/2245/1250 1153/2056/1153 1569/2867/1569
f 1019/1797/1019 797/1346/797 2231/4239/2231
f 953/1655/953 176/305/176 855/1460/855
f 1211/2172/1211 2453/4665/2453 198/335/198
f 693/1173/693 1150/2049/1150 323/530/323
f 506/853/506 1252/2249/1252 1198/2148/1198
f 2214/4204/2214 2292/4363/2292 16/23/16
f 16/23/16 2292/4363/2292 978/1711/978
f 181/311/181 485/816/485 966/1682/966
f 715/1208/715 2486/4718/2486 2488/4722/2488
f 2172/4122/2172 2118/4013/2118 1020/1798/1020
f 423/723/423 2306/4394/2306 1495/2723/1495
f 2475/4697/2475 226/373/226 1624/2995/1624
f 1624/2995/1624 226/373/226 20/29/20
f 164/287/164 227/374/227 2498/4750/2498
f 2498/4750/2498 227/374/227 470/796/470
f 2136/4042/2136 1921/3625/1921 269/437/269
f 1342/2425/1342 2461/4677/2461 576/967/576
f 480/810/480 230/378/230 1438/2622/1438
f 1438/2622/1438 230/378/230 653/1103/653
f 96/160/96 936/1614/936 120/203/120
f 1542/2815/1542 231/380/231 159/282/159
f 2387/4542/2387 231/380/231 277/451/277
f 1107/1963/1107 478/807/478 2333/4437/2333
f 1652/3056/1652 554/938/554 1316/2372/1316
f 2410/4590/2410 2259/4297/2259 2411/4592/2411
f 37/55/37 232/381/232 1438/2622/1438
f 1438/2622/1438 232/381/232 101/168/101
f 335/557/335 1328/2398/1328 239/394/239
f 28/43/28 2251/4282/2251 657/1111/657
f 2276/4330/2276 233/383/233 1851/3472/1851
f 1851/3474/1851 233/382/233 948/1642/948
f 2032/3835/2032 1855/3484/1855 898/1541/898
f 1281/2305/1281 1713/3192/1713 1255/2257/1255
f 269/437/269 898/1541/898 833/1416/833
f 60/93/60 783/1328/783 2417/4603/2417
f 2326/4429/2326 541/921/541 463/782/463
f 2418/4604/2418 260/421/260 187/320/187
f 1732/3230/1732 1726/3220/1726 2155/4085/2155
f 1335/2412/1335 236/388/236 1354/2449/1354
f 1354/2449/1354 236/388/236 584/980/584
f 2483/4710/2483 1974/3727/1974 113/188/113
f 107/176/107 1390/2512/1390 1594/2926/1594
f 415/710/415 1689/3136/1689 859/1471/859
f 1483/2697/1483 2360/4482/2360 1467/2667/1467
f 1145/2040/1145 749/1269/749 1152/2054/1152
f 2360/4482/2360 2201/4177/2201 1467/2667/1467
f 1507/2747/1507 1282/2307/1282 589/987/589
f 1478/2688/1478 240/395/240 1692/3148/1692
f 1692/3148/1692 240/395/240 487/819/487
f 150/263/150 1717/3198/1717 319/525/319
f 2362/4486/2362 969/1687/969 1368/2477/1368
f 519/880/519 797/1346/797 1019/1797/1019
f 1730/3226/1730 241/396/241 1337/2417/1337
f 1337/2417/1337 241/396/241 1591/2920/1591
f 606/1017/606 242/397/242 1075/1897/1075
f 1075/1897/1075 242/397/242 748/1268/748
f 960/1666/960 243/398/243 2323/4422/2323
f 2323/4422/2323 243/398/243 194/330/194
f 1244/2232/1244 2242/4261/2242 624/1045/624
f 2317/4410/2317 1128/2002/1128 448/763/448
f 1125/1995/1125 1078/1901/1078 1239/2223/1239
f 2173/4123/2173 2415/4601/2415 2480/4703/2480
f 1228/2208/1228 1263/2273/1263 904/1553/904
f 1330/2402/1330 1392/2515/1392 1524/2784/1524
f 1128/2003/1128 2198/4173/2198 258/419/258
f 481/811/481 246/401/246 2437/4640/2437
f 625/1046/625 540/919/540 418/715/418
f 517/875/517 786/1331/786 832/1413/832
f 1551/2833/1551 1154/2058/1154 1193/2138/1193
f 1888/3553/1888 1622/2990/1622 1460/2652/1460
f 1105/1959/1105 1608/2960/1608 1365/2471/1365
f 1639/3029/1639 56/87/56 1641/3034/1641
f 36/54/36 247/402/247 1367/2476/1367
f 1367/2476/1367 247/402/247 404/691/404
f 702/1186/702 2495/4742/2495 312/513/312
f 820/1388/820 1144/2037/1144 1982/3742/1982
f 2263/4304/2263 710/1197/710 737/1254/737
f 318/524/318 524/888/524 2212/4199/2212
f 1943/3675/1943 869/1491/869 2069/3909/2069
f 2069/3908/2069 869/1490/869 865/1483/865
f 663/1121/663 890/1530/890 1794/3357/1794
f 2482/4708/2482 1199/2150/1199 844/1440/844
f 748/1268/748 654/1104/654 542/922/542
f 862/1477/862 248/403/248 2382/4533/2382
f 2382/4533/2382 248/403/248 1439/2623/1439
f 2420/4606/2420 2468/4686/2468 138/240/138
f 2357/4476/2357 402/687/402 2090/3952/2090
f 1420/2576/1420 1874/3522/1874 1945/3677/1945
f 1945/3678/1945 1874/3521/1874 1257/2261/1257
f 403/689/403 2008/3788/2008 1664/3087/1664
f 335/557/335 1389/2511/1389 715/1209/715
f 2140/4051/2140 818/1383/818 2154/4084/2154
f 495/834/495 307/502/307 2372/4514/2372
f 1702/3165/1702 272/441/272 1809/3383/1809
f 291/475/291 253/412/253 1583/2896/1583
f 883/1519/883 994/1739/994 944/1633/944
f 357/592/357 422/720/422 2407/4582/2407
f 1583/2896/1583 253/412/253 1736/3236/1736
f 128/219/128 1160/2069/1160 1920/3623/1920
f 2154/4084/2154 2127/4025/2127 2140/4051/2140
f 2056/3878/2056 2139/4048/2139 811/1369/811
f 1771/3315/1771 1889/3554/1889 1104/1958/1104
f 1138/2022/1138 431/737/431 1012/1786/1012
f 2188/4151/2188 1828/3422/1828 1184/2115/1184
f 2349/4466/2349 303/495/303 314/517/314
f 1535/2802/1535 1328/2398/1328 1623/2993/1623
f 1577/2882/1577 1891/3557/1891 885/1522/885
f 2439/4642/2439 2224/4228/2224 2340/4451/2340
f 2340/4451/2340 2224/4228/2224 2444/4652/2444
f 73/119/73 254/413/254 1591/2920/1591
f 1591/2920/1591 254/413/254 1258/2263/1258
f 1484/2698/1484 256/416/256 170/293/170
f 1850/3471/1850 137/234/137 1883/3544/1883
f 163/286/163 256/416/256 2382/4533/2382
f 1232/2213/1232 1018/1796/1018 2165/4104/2165
f 559/946/559 2055/3876/2055 1918/3619/1918
f 1022/1802/1022 454/770/454 200/338/200
f 1249/2244/1249 1157/2063/1157 921/1586/921
f 2352/4471/2352 1022/1801/1022 405/694/405
f 60/93/60 2417/4603/2417 191/326/191
f 1336/2413/1336 522/884/522 2069/3909/2069
f 1976/3730/1976 2111/3999/2111 2014/3797/2014
f 157/278/157 1514/2761/1514 1129/2004/1129
f 2235/4245/2235 920/1584/920 2234/4244/2234
f 2432/4632/2432 258/419/258 989/1728/989
f 989/1728/989 258/419/258 2198/4173/2198
f 1840/3450/1840 2387/4543/2387 277/452/277
f 1294/2324/1294 1525/2785/1525 3/3/3
f 196/332/196 259/420/259 2498/4750/2498
f 2498/4750/2498 259/420/259 2091/3954/2091
f 565/953/565 260/421/260 354/587/354
f 569/959/569 2250/4281/2250 1036/1830/1036
f 427/730/427 263/425/263 1245/2234/1245
f 1245/2234/1245 263/425/263 195/331/195
f 2472/4693/2472 2425/4617/2425 2048/3862/2048
f 2147/4067/2147 2128/4027/2128 1379/2493/1379
f 2121/4016/2121 1019/1797/1019 216/360/216
f 2339/4448/2339 2363/4489/2363 776/1313/776
f 1168/2082/1168 2389/4546/2389 245/400/245
f 958/1661/958 2321/4419/2321 1122/1991/1122
f 2146/4065/2146 264/428/264 1614/2975/1614
f 1614/2975/1614 264/428/264 753/1279/753
f 1267/2283/1267 1269/2286/1269 1042/1841/1042
f 344/569/344 2020/3813/2020 313/516/313
f 1267/2283/1267 1185/2118/1185 1269/2286/1269
f 1653/3057/1653 829/1409/829 834/1417/834
f 624/1045/624 1437/2621/1437 2429/4627/2429
f 176/305/176 953/1655/953 595/996/595
f 1123/1992/1123 2487/4721/2487 820/1387/820
f 2349/4466/2349 867/1488/867 646/1089/646
f 2232/4241/2232 631/1057/631 1543/2817/1543
f 1246/2236/1246 2442/4647/2442 422/721/422
f 2057/3880/2057 1976/3730/1976 214/358/214
f 437/745/437 303/495/303 646/1089/646
f 908/1564/908 419/716/419 2263/4304/2263
f 2279/4335/2279 504/850/504 1582/2894/1582
f 735/1249/735 2456/4671/2456 198/336/198
f 420/717/420 1240/2224/1240 1473/2677/1473
f 1231/2212/1231 1164/2074/1164 970/1689/970
f 745/1263/745 211/355/211 320/526/320
f 680/1153/680 854/1459/854 1961/3704/1961
f 903/1552/903 680/1153/680 1993/3759/1993
f 2369/4502/2369 268/435/268 1267/2282/1267
f 1267/2283/1267 268/436/268 2434/4636/2434
f 1330/2401/1330 1291/2319/1291 229/376/229
f 371/620/371 1689/3135/1689 1492/2716/1492
f 2345/4459/2345 1303/2348/1303 2259/4296/2259
f 2156/4087/2156 270/438/270 1984/3745/1984
f 1984/3746/1984 270/439/270 528/895/528
f 1469/2670/1469 1866/3502/1866 1716/3197/1716
f 474/802/474 1858/3491/1858 1570/2868/1570
f 2221/4221/2221 2406/4581/2406 778/1319/778
f 303/495/303 1012/1786/1012 431/737/431
f 2355/4474/2355 452/768/452 1524/2784/1524
f 1870/3510/1870 674/1140/674 2487/4721/2487
f 1195/2141/1195 1249/2244/1249 1196/2143/1196
f 1603/2946/1603 1550/2832/1550 1743/3249/1743
f 1447/2633/1447 1970/3717/1970 1550/2832/1550
f 2165/4104/2165 2173/4123/2173 1232/2213/1232
f 1834/3439/1834 1865/3501/1865 1739/3243/1739
f 2068/3905/2068 1600/2937/1600 1836/3441/1836
f 2421/4607/2421 1895/3566/1895 2142/4057/2142
f 675/1143/675 275/447/275 2295/4371/2295
f 2295/4371/2295 275/447/275 304/496/304
f 1454/2644/1454 1755/3278/1755 1754/3275/1754
f 2020/3813/2020 818/1383/818 2069/3909/2069
f 2179/4134/2179 1106/1962/1106 626/1047/626
f 182/312/182 2427/4622/2427 1832/3430/1832
f 1903/3587/1903 1076/1899/1076 545/925/545
f 2495/4741/2495 2378/4525/2378 279/455/279
f 517/876/517 1816/3400/1816 2256/4292/2256
f 2421/4607/2421 277/451/277 686/1162/686
f 686/1161/686 277/450/277 231/379/231
f 2094/3961/2094 278/453/278 1876/3527/1876
f 1876/3527/1876 278/453/278 1268/2284/1268
f 1691/3141/1691 2433/4634/2433 775/1312/775
f 515/873/515 1271/2289/1271 919/1583/919
f 2461/4678/2461 1348/2436/1348 1338/2419/1338
f 1098/1941/1098 2399/4568/2399 2316/4408/2316
f 2355/4474/2355 576/967/576 1577/2883/1577
f 1626/2999/1626 2013/3796/2013 113/186/113
f 1842/3452/1842 1392/2515/1392 229/377/229
f 2433/4633/2433 1691/3143/1691 1010/1782/1010
f 114/189/114 280/458/280 1462/2656/1462
f 1462/2656/1462 280/458/280 1790/3352/1790
f 1279/2302/1279 1406/2545/1406 1408/2548/1408
f 1409/2549/1409 263/425/263 78/129/78
f 507/855/507 2446/4655/2446 919/1583/919
f 2049/3864/2049 2202/4180/2202 1041/1839/1041
f 462/781/462 2224/4227/2224 2178/4131/2178
f 1070/1890/1070 2107/3990/2107 791/1339/791
f 1790/3352/1790 281/459/281 1564/2861/1564
f 1564/2861/1564 281/459/281 736/1253/736
f 366/609/366 778/1319/778 2406/4581/2406
f 938/1618/938 2476/4698/2476 1125/1995/1125
f 2196/4169/2196 757/1284/757 2109/3995/2109
f 1664/3086/1664 257/417/257 415/710/415
f 774/1310/774 1420/2576/1420 1289/2317/1289
f 1334/2409/1334 2196/4169/2196 2109/3995/2109
f 1945/3677/1945 1289/2317/1289 1420/2576/1420
f 2014/3797/2014 1069/1889/1069 413/706/413
f 2143/4058/2143 1390/2512/1390 1944/3676/1944
f 1702/3165/1702 1809/3383/1809 1988/3753/1988
f 2452/4663/2452 596/997/596 640/1075/640
f 751/1276/751 284/464/284 2076/3920/2076
f 2038/3844/2038 1602/2945/1602 1742/3246/1742
f 2287/4356/2287 1048/1852/1048 2163/4100/2163
f 2076/3923/2076 284/463/284 1099/1948/1099
f 821/1389/821 286/467/286 315/518/315
f 315/518/315 286/467/286 782/1327/782
f 1580/2887/1580 1850/3471/1850 1883/3544/1883
f 1737/3237/1737 1716/3197/1716 2068/3907/2068
f 1512/2757/1512 1718/3200/1718 1273/2292/1273
f 456/772/456 1704/3168/1704 1819/3406/1819
f 1216/2182/1216 1176/2096/1176 2178/4132/2178
f 695/1175/695 882/1518/882 2394/4558/2394
f 1723/3212/1723 289/471/289 1544/2819/1544
f 1544/2818/1544 289/472/289 1538/2809/1538
f 1157/2063/1157 1249/2244/1249 1195/2141/1195
f 2305/4393/2305 1021/1799/1021 1161/2071/1161
f 1642/3035/1642 1230/2210/1230 586/982/586
f 1741/3245/1741 1620/2987/1620 1903/3587/1903
f 1129/2005/1129 1534/2798/1534 1178/2099/1178
f 2268/4313/2268 290/473/290 1396/2526/1396
f 1396/2526/1396 290/473/290 438/746/438
f 886/1524/886 1701/3163/1701 1958/3699/1958
f 1689/3136/1689 1430/2600/1430 752/1277/752
f 1783/3340/1783 131/224/131 1324/2389/1324
f 1324/2389/1324 131/224/131 1744/3251/1744
f 550/931/550 463/782/463 541/921/541
f 1977/3731/1977 846/1443/846 935/1613/935
f 1161/2071/1161 1021/1799/1021 1050/1857/1050
f 1020/1798/1020 2118/4013/2118 314/517/314
f 157/278/157 1146/2041/1146 1239/2223/1239
f 1365/2471/1365 2439/4642/2439 2340/4451/2340
f 2318/4412/2318 1211/2175/1211 2456/4670/2456
f 2456/4671/2456 1211/2174/1211 198/336/198
f 1260/2269/1260 291/474/291 1583/2897/1583
f 253/412/253 291/475/291 2390/4547/2390
f 2135/4041/2135 1569/2867/1569 1770/3313/1770
f 1095/1934/1095 2229/4237/2229 466/790/466
f 1547/2824/1547 1958/3699/1958 272/442/272
f 1645/3040/1645 696/1176/696 985/1719/985
f 1539/2810/1539 1093/1932/1093 375/634/375
f 2319/4414/2319 535/907/535 2233/4243/2233
f 439/747/439 1344/2427/1344 608/1019/608
f 1333/2406/1333 1732/3229/1732 74/121/74
f 316/519/316 1397/2528/1397 513/870/513
f 661/1117/661 2253/4287/2253 404/691/404
f 1652/3056/1652 530/898/530 2018/3809/2018
f 349/575/349 292/476/292 384/650/384
f 384/650/384 292/476/292 435/743/435
f 969/1687/969 1972/3720/1972 2471/4692/2471
f 1536/2805/1536 293/477/293 1505/2743/1505
f 1505/2743/1505 293/477/293 487/820/487
f 611/1023/611 1144/2037/1144 1216/2182/1216
f 2471/4692/2471 2393/4556/2393 1368/2477/1368
f 2205/4186/2205 2337/4443/2337 2440/4643/2440
f 2399/4568/2399 799/1349/799 2316/4408/2316
f 2255/4290/2255 298/486/298 2034/3837/2034
f 1777/3326/1777 1108/1964/1108 1139/2025/1139
f 2034/3837/2034 298/486/298 2194/4166/2194
f 57/89/57 1655/3063/1655 1375/2489/1375
f 1619/2986/1619 1667/3093/1667 1776/3323/1776
f 2164/4103/2164 2048/3862/2048 2425/4617/2425
f 1202/2158/1202 418/715/418 2262/4302/2262
f 646/1089/646 957/1660/957 437/745/437
f 2493/4737/2493 299/488/299 2408/4586/2408
f 2408/4585/2408 299/487/299 404/691/404
f 2048/3862/2048 1296/2329/1296 2472/4693/2472
f 1113/1971/1113 300/490/300 2338/4446/2338
f 2338/4446/2338 300/490/300 638/1073/638
f 1244/2232/1244 2271/4319/2271 2393/4556/2393
f 1689/3136/1689 752/1277/752 1283/2308/1283
f 1129/2004/1129 1514/2761/1514 1534/2800/1534
f 504/850/504 2013/3796/2013 1626/2999/1626
f 1253/2251/1253 1342/2425/1342 2457/4672/2457
f 1514/2761/1514 891/1531/891 889/1528/889
f 2242/4262/2242 324/534/324 218/364/218
f 2301/4382/2301 324/533/324 7/9/7
f 2167/4109/2167 304/496/304 275/447/275
f 2295/4371/2295 304/496/304 1268/2284/1268
f 1791/3353/1791 1638/3027/1638 1464/2662/1464
f 560/947/560 1107/1963/1107 2445/4654/2445
f 1926/3637/1926 305/497/305 2050/3865/2050
f 2050/3866/2050 305/498/305 1973/3725/1973
f 144/251/144 1663/3085/1663 1341/2424/1341
f 928/1603/928 454/770/454 819/1384/819
f 1617/2983/1617 1945/3678/1945 747/1266/747
f 1153/2056/1153 1805/3378/1805 1569/2867/1569
f 1569/2867/1569 1805/3378/1805 1770/3313/1770
f 1417/2572/1417 577/968/577 1886/3549/1886
f 1587/2911/1587 308/506/308 1540/2811/1540
f 1540/2811/1540 308/506/308 1262/2272/1262
f 2170/4119/2170 959/1664/959 1043/1843/1043
f 1616/2981/1616 1207/2166/1207 469/795/469
f 472/798/472 1574/2877/1574 1497/2726/1497
f 2243/4263/2243 1640/3032/1640 1268/2284/1268
f 2366/4494/2366 2339/4449/2339 2324/4425/2324
f 776/1314/776 2324/4423/2324 2339/4447/2339
f 2224/4228/2224 2439/4642/2439 2178/4132/2178
f 2178/4132/2178 2439/4642/2439 1216/2182/1216
f 2193/4165/2193 1746/3257/1746 701/1185/701
f 2213/4200/2213 844/1438/844 1199/2151/1199
f 806/1360/806 2473/4695/2473 1080/1904/1080
f 1068/1888/1068 1854/3482/1854 2053/3871/2053
f 473/801/473 310/510/310 1533/2797/1533
f 1533/2797/1533 310/510/310 532/901/532
f 2431/4630/2431 2031/3833/2031 1098/1942/1098
f 2295/4372/2295 1379/2494/1379 592/990/592
f 1044/1845/1044 1132/2010/1132 1519/2775/1519
f 887/1526/887 1575/2879/1575 1346/2431/1346
f 2105/3987/2105 1476/2682/1476 2428/4625/2428
f 2366/4494/2366 2324/4425/2324 183/314/183
f 1671/3098/1671 1679/3117/1679 1762/3294/1762
f 1679/3117/1679 1671/3098/1671 1636/3022/1636
f 592/991/592 675/1143/675 2295/4371/2295
f 2305/4392/2305 117/196/117 1196/2144/1196
f 1108/1964/1108 1777/3326/1777 1163/2073/1163
f 1277/2298/1277 839/1429/839 1041/1839/1041
f 1051/1858/1051 1053/1862/1053 1025/1812/1025
f 1717/3198/1717 1747/3258/1747 1498/2727/1498
f 60/93/60 956/1659/956 413/706/413
f 1627/3000/1627 1061/1877/1061 1947/3681/1947
f 1288/2316/1288 717/1214/717 711/1199/711
f 189/322/189 343/568/343 642/1078/642
f 2226/4232/2226 1238/2222/1238 2239/4256/2239
f 788/1335/788 2226/4232/2226 2239/4256/2239
f 2025/3823/2025 805/1358/805 1951/3685/1951
f 187/320/187 1395/2525/1395 2418/4604/2418
f 1173/2091/1173 2293/4364/2293 2431/4629/2431
f 53/80/53 1727/3221/1727 2013/3796/2013
f 1216/2182/1216 2439/4642/2439 1365/2471/1365
f 502/847/502 2440/4643/2440 1077/1900/1077
f 1842/3452/1842 1253/2251/1253 1392/2515/1392
f 1955/3695/1955 1731/3228/1731 1978/3732/1978
f 1866/3502/1866 1469/2670/1469 1491/2714/1491
f 2332/4435/2332 331/545/331 193/329/193
f 99/165/99 321/527/321 2272/4320/2272
f 2410/4591/2410 2345/4459/2345 2259/4296/2259
f 2272/4320/2272 321/527/321 102/169/102
f 772/1306/772 322/529/322 1586/2906/1586
f 1586/2907/1586 322/528/322 2081/3939/2081
f 2199/4174/2199 323/530/323 1388/2510/1388
f 1388/2509/1388 323/531/323 1150/2048/1150
f 2393/4556/2393 324/532/324 1244/2232/1244
f 1244/2231/1244 324/534/324 2242/4262/2242
f 2230/4238/2230 946/1637/946 1109/1965/1109
f 63/101/63 1333/2406/1333 74/121/74
f 824/1393/824 699/1179/699 1067/1887/1067
f 1664/3086/1664 415/710/415 690/1168/690
f 1229/2209/1229 2331/4434/2331 957/1660/957
f 1511/2756/1511 2256/4293/2256 2280/4338/2280
f 2175/4126/2175 499/843/499 1175/2095/1175
f 1633/3009/1633 325/535/325 1925/3630/1925
f 1110/1966/1110 2088/3950/2088 664/1123/664
f 1925/3630/1925 325/535/325 538/914/538
f 2052/3869/2052 212/356/212 803/1356/803
f 1901/3584/1901 1735/3235/1735 1469/2670/1469
f 2190/4160/2190 2460/4676/2460 2251/4282/2251
f 2437/4640/2437 246/401/246 2418/4604/2418
f 1022/1802/1022 2455/4668/2455 405/692/405
f 785/1330/785 222/368/222 2187/4148/2187
f 513/870/513 1990/3755/1990 1399/2533/1399
f 910/1567/910 745/1263/745 320/526/320
f 1180/2104/1180 320/526/320 2442/4648/2442
f 1451/2639/1451 639/1074/639 1861/3495/1861
f 117/198/117 1195/2141/1195 1196/2143/1196
f 914/1573/914 328/541/328 109/180/109
f 109/179/109 328/540/328 2073/3917/2073
f 1607/2959/1607 574/964/574 316/521/316
f 342/567/342 2185/4146/2185 966/1682/966
f 467/792/467 926/1601/926 302/494/302
f 1386/2506/1386 3/4/3 144/251/144
f 1941/3670/1941 553/937/553 1237/2220/1237
f 1178/2099/1178 1454/2643/1454 1433/2606/1433
f 2228/4236/2228 2163/4100/2163 1050/1856/1050
f 1233/2214/1233 1980/3737/1980 1834/3438/1834
f 407/696/407 198/335/198 2453/4665/2453
f 1327/2396/1327 2401/4570/2401 796/1345/796
f 1178/2099/1178 1755/3276/1755 1454/2643/1454
f 2170/4120/2170 921/1585/921 1157/2062/1157
f 1157/2062/1157 959/1662/959 2170/4120/2170
f 1486/2701/1486 2488/4723/2488 2486/4717/2486
f 388/661/388 329/542/329 1484/2698/1484
f 1484/2698/1484 329/542/329 161/284/161
f 767/1298/767 330/543/330 2433/4633/2433
f 2433/4634/2433 330/544/330 775/1312/775
f 311/512/311 1308/2357/1308 1515/2762/1515
f 921/1586/921 1334/2408/1334 2059/3884/2059
f 1910/3601/1910 1623/2992/1623 1328/2399/1328
f 1292/2320/1292 1891/3557/1891 2483/4711/2483
f 2166/4106/2166 332/548/332 54/83/54
f 1433/2606/1433 2104/3985/2104 938/1619/938
f 21/31/21 332/549/332 2408/4584/2408
f 2183/4141/2183 333/550/333 2434/4635/2434
f 2434/4636/2434 333/551/333 1267/2283/1267
f 2374/4517/2374 2443/4649/2443 1107/1963/1107
f 2348/4465/2348 1196/2144/1196 2072/3913/2072
f 1552/2835/1552 1707/3172/1707 1763/3295/1763
f 665/1124/665 2237/4249/2237 968/1685/968
f 768/1301/768 336/558/336 2338/4446/2338
f 2338/4446/2338 336/558/336 411/704/411
f 2277/4332/2277 337/559/337 315/518/315
f 315/518/315 337/559/337 571/961/571
f 2310/4401/2310 795/1343/795 1894/3565/1894
f 1636/3021/1636 1881/3538/1881 1540/2812/1540
f 1765/3301/1765 340/565/340 2281/4341/2281
f 2281/4342/2281 340/564/340 509/859/509
f 2127/4025/2127 811/1369/811 1943/3675/1943
f 322/529/322 772/1306/772 1562/2857/1562
f 2314/4405/2314 578/969/578 1389/2511/1389
f 1610/2968/1610 2108/3992/2108 1433/2605/1433
f 650/1098/650 610/1022/610 525/889/525
f 834/1417/834 162/285/162 1632/3008/1632
f 2469/4688/2469 1895/3568/1895 34/51/34
f 555/940/555 2488/4723/2488 1366/2472/1366
f 499/843/499 2175/4126/2175 1020/1798/1020
f 1647/3044/1647 1981/3739/1981 812/1370/812
f 2009/3791/2009 2490/4730/2490 2210/4197/2210
f 1240/2224/1240 420/717/420 1859/3493/1859
f 1859/3493/1859 420/717/420 1763/3295/1763
f 1803/3374/1803 2024/3819/2024 756/1282/756
f 648/1092/648 345/570/345 2364/4490/2364
f 2364/4490/2364 345/570/345 409/700/409
f 1994/3761/1994 2266/4310/2266 858/1469/858
f 1348/2436/1348 2130/4030/2130 403/690/403
f 1772/3316/1772 1957/3698/1957 1002/1765/1002
f 1052/1861/1052 787/1332/787 902/1547/902
f 533/904/533 372/621/372 543/923/543
f 1198/2148/1198 1205/2163/1205 1813/3390/1813
f 1296/2329/1296 2048/3862/2048 46/68/46
f 441/751/441 346/571/346 2323/4422/2323
f 2323/4422/2323 346/571/346 960/1666/960
f 710/1197/710 2187/4148/2187 235/387/235
f 166/289/166 2460/4676/2460 754/1280/754
f 533/904/533 543/923/543 2398/4566/2398
f 1644/3039/1644 1665/3090/1665 84/139/84
f 1622/2989/1622 347/572/347 1259/2266/1259
f 1227/2206/1227 1650/3051/1650 1321/2382/1321
f 1259/2266/1259 347/572/347 1361/2464/1361
f 464/785/464 348/574/348 1179/2101/1179
f 1179/2102/1179 348/573/348 1661/3080/1661
f 1628/3001/1628 363/605/363 1805/3378/1805
f 978/1710/978 2238/4252/2238 2380/4529/2380
f 22/33/22 688/1165/688 1087/1918/1087
f 292/476/292 349/575/349 742/1260/742
f 742/1260/742 349/575/349 1045/1846/1045
f 1531/2793/1531 1551/2833/1551 1325/2392/1325
f 2237/4249/2237 665/1124/665 398/681/398
f 398/681/398 665/1124/665 864/1481/864
f 667/1126/667 351/580/351 2128/4026/2128
f 2128/4027/2128 351/581/351 1379/2493/1379
f 1900/3583/1900 1867/3503/1867 288/470/288
f 1768/3309/1768 352/582/352 1825/3417/1825
f 1825/3416/1825 352/583/352 1724/3215/1724
f 2315/4406/2315 2420/4606/2420 2358/4478/2358
f 1716/3197/1716 1835/3440/1835 1809/3383/1809
f 611/1023/611 2356/4475/2356 1078/1901/1078
f 565/953/565 354/587/354 1541/2814/1541
f 1541/2814/1541 354/587/354 2211/4198/2211
f 1228/2208/1228 2285/4353/2285 1089/1924/1089
f 1143/2036/1143 2281/4341/2281 2494/4740/2494
f 526/891/526 2049/3863/2049 2324/4424/2324
f 795/1343/795 744/1262/744 1500/2730/1500
f 183/314/183 2497/4749/2497 2366/4494/2366
f 836/1419/836 355/588/355 557/942/557
f 557/942/557 355/588/355 681/1154/681
f 1205/2163/1205 472/799/472 1648/3045/1648
f 1709/3178/1709 359/595/359 1675/3105/1675
f 1675/3106/1675 359/596/359 764/1292/764
f 125/212/125 339/563/339 2108/3992/2108
f 1055/1864/1055 360/597/360 727/1234/727
f 727/1234/727 360/597/360 821/1389/821
f 369/615/369 244/399/244 2219/4218/2219
f 1329/2400/1329 1090/1925/1090 1239/2223/1239
f 2149/4074/2149 922/1590/922 868/1489/868
f 805/1359/805 1896/3570/1896 1731/3228/1731
f 2400/4569/2400 2244/4265/2244 2167/4109/2167
f 2400/4569/2400 1424/2584/1424 2244/4265/2244
f 891/1531/891 1219/2189/1219 157/278/157
f 1549/2829/1549 1983/3744/1983 976/1703/976
f 1316/2372/1316 544/924/544 530/898/530
f 1320/2380/1320 1817/3403/1817 1081/1905/1081
f 699/1179/699 824/1393/824 763/1291/763
f 824/1393/824 2053/3871/2053 2026/3825/2026
f 1077/1900/1077 2440/4643/2440 2337/4443/2337
f 739/1257/739 1643/3037/1643 1785/3342/1785
f 2477/4699/2477 490/825/490 2500/4756/2500
f 848/1446/848 599/1002/599 276/448/276
f 2161/4096/2161 297/485/297 867/1488/867
f 1366/2472/1366 2488/4723/2488 2286/4354/2286
f 422/720/422 2222/4222/2222 1246/2235/1246
f 1225/2201/1225 2331/4434/2331 694/1174/694
f 761/1289/761 2327/4430/2327 1005/1772/1005
f 2057/3880/2057 2124/4021/2124 642/1078/642
f 562/949/562 367/610/367 1670/3097/1670
f 1670/3097/1670 367/610/367 532/901/532
f 694/1174/694 1229/2209/1229 1121/1990/1121
f 1012/1786/1012 303/495/303 437/745/437
f 1528/2789/1528 2027/3826/2027 1919/3620/1919
f 1582/2894/1582 859/1471/859 150/263/150
f 935/1613/935 846/1443/846 1978/3732/1978
f 1888/3553/1888 375/634/375 1622/2990/1622
f 1622/2990/1622 375/634/375 1093/1932/1093
f 1567/2864/1567 1155/2059/1155 141/245/141
f 2290/4361/2290 27/40/27 685/1160/685
f 399/682/399 397/680/397 1500/2730/1500
f 1700/3162/1700 1570/2868/1570 1830/3427/1830
f 1138/2022/1138 2479/4702/2479 1251/2248/1251
f 2091/3954/2091 376/635/376 2498/4750/2498
f 221/367/221 376/635/376 1826/3418/1826
f 364/606/364 2451/4662/2451 2288/4357/2288
f 1359/2461/1359 1715/3196/1715 301/492/301
f 2456/4669/2456 896/1539/896 1235/2218/1235
f 785/1330/785 610/1022/610 982/1715/982
f 466/790/466 2173/4123/2173 1095/1934/1095
f 1982/3741/1982 2058/3882/2058 1910/3603/1910
f 2477/4699/2477 453/769/453 1555/2841/1555
f 2476/4698/2476 611/1023/611 1125/1995/1125
f 231/380/231 1542/2815/1542 686/1162/686
f 672/1137/672 249/404/249 2267/4312/2267
f 690/1168/690 1974/3728/1974 403/688/403
f 1527/2787/1527 1791/3353/1791 1468/2669/1468
f 1710/3183/1710 1912/3610/1912 2428/4624/2428
f 1458/2649/1458 1445/2630/1445 190/324/190
f 435/743/435 379/640/379 2323/4422/2323
f 2323/4422/2323 379/640/379 442/752/442
f 2408/4584/2408 468/794/468 21/31/21
f 2421/4609/2421 2467/4685/2467 1895/3569/1895
f 1844/3454/1844 1758/3285/1758 589/987/589
f 2467/4685/2467 2421/4609/2421 661/1117/661
f 1350/2440/1350 383/649/383 175/303/175
f 1408/2548/1408 383/649/383 427/730/427
f 1498/2727/1498 1889/3554/1889 1717/3198/1717
f 1208/2168/1208 1255/2256/1255 1713/3189/1713
f 670/1135/670 366/609/366 2406/4581/2406
f 1794/3357/1794 903/1552/903 1793/3356/1793
f 329/542/329 388/661/388 1959/3700/1959
f 1959/3700/1959 388/661/388 2360/4482/2360
f 2125/4023/2125 555/939/555 1119/1984/1119
f 76/125/76 389/662/389 2275/4327/2275
f 2275/4327/2275 389/662/389 487/820/487
f 404/691/404 2467/4685/2467 661/1117/661
f 2448/4657/2448 2481/4704/2481 2328/4431/2328
f 2343/4455/2343 1463/2661/1463 781/1325/781
f 2422/4610/2422 2404/4578/2404 2466/4683/2466
f 635/1068/635 391/665/391 1994/3762/1994
f 1994/3762/1994 391/665/391 2073/3917/2073
f 1668/3094/1668 1455/2646/1455 1447/2633/1447
f 1898/3579/1898 1926/3635/1926 714/1207/714
f 1986/3750/1986 1002/1765/1002 1773/3318/1773
f 1650/3050/1650 1139/2024/1139 1425/2588/1425
f 2397/4564/2397 635/1068/635 19/27/19
f 1191/2130/1191 2225/4229/2225 1156/2061/1156
f 978/1711/978 2380/4530/2380 16/23/16
f 1163/2073/1163 1777/3326/1777 2287/4356/2287
f 1052/1859/1052 1962/3705/1962 62/97/62
f 683/1157/683 1861/3495/1861 2334/4439/2334
f 1979/3734/1979 396/678/396 1438/2622/1438
f 1438/2622/1438 396/678/396 425/727/425
f 2127/4025/2127 2154/4084/2154 2042/3851/2042
f 1087/1918/1087 688/1165/688 516/874/516
f 1644/3038/1644 1245/2233/1245 1483/2696/1483
f 1483/2697/1483 1245/2234/1245 1318/2375/1318
f 2130/4030/2130 1348/2436/1348 2461/4678/2461
f 1839/3448/1839 585/981/585 484/815/484
f 617/1034/617 401/685/401 537/911/537
f 537/911/537 401/685/401 2177/4129/2177
f 1921/3624/1921 1700/3162/1700 1857/3489/1857
f 516/874/516 1371/2482/1371 1087/1918/1087
f 850/1452/850 805/1359/805 1165/2075/1165
f 2497/4749/2497 775/1312/775 330/544/330
f 2373/4515/2373 2326/4428/2326 372/621/372
f 1195/2142/1195 1194/2140/1194 1157/2064/1157
f 547/928/547 1205/2163/1205 1198/2148/1198
f 2377/4524/2377 902/1550/902 787/1334/787
f 1418/2573/1418 672/1137/672 2045/3856/2045
f 2109/3996/2109 1229/2209/1229 2481/4704/2481
f 2219/4217/2219 2325/4427/2325 1183/2111/1183
f 1594/2926/1594 2155/4085/2155 107/176/107
f 1321/2382/1321 663/1121/663 1837/3443/1837
f 1512/2758/1512 877/1509/877 1755/3277/1755
f 878/1512/878 1543/2817/1543 95/158/95
f 234/384/234 1242/2228/1242 550/932/550
f 1989/3754/1989 1221/2193/1221 1807/3381/1807
f 852/1454/852 945/1636/945 1206/2164/1206
f 1595/2927/1595 1389/2511/1389 335/557/335
f 179/309/179 2226/4232/2226 2036/3840/2036
f 1367/2476/1367 404/691/404 299/487/299
f 2408/4585/2408 404/691/404 2253/4287/2253
f 1216/2183/1216 2487/4720/2487 674/1141/674
f 2487/4719/2487 1216/2182/1216 1144/2037/1144
f 1100/1949/1100 422/721/422 2442/4647/2442
f 2333/4438/2333 2484/4712/2484 723/1227/723
f 211/355/211 2407/4583/2407 1100/1950/1100
f 1864/3499/1864 1960/3701/1960 1221/2194/1221
f 2363/4487/2363 406/695/406 2264/4305/2264
f 2264/4305/2264 406/695/406 688/1165/688
f 1094/1933/1094 588/986/588 1096/1935/1096
f 1707/3172/1707 1320/2379/1320 1452/2641/1452
f 1136/2020/1136 711/1199/711 889/1528/889
f 405/692/405 2455/4668/2455 2318/4413/2318
f 917/1581/917 808/1364/808 944/1633/944
f 1402/2537/1402 2178/4130/2178 1176/2097/1176
f 989/1728/989 409/700/409 345/570/345
f 2364/4491/2364 409/701/409 1183/2112/1183
f 751/1273/751 410/703/410 509/860/509
f 891/1531/891 157/278/157 1239/2223/1239
f 509/860/509 410/703/410 1086/1916/1086
f 1052/1859/1052 411/704/411 1962/3705/1962
f 1962/3705/1962 411/704/411 2207/4190/2207
f 446/760/446 1304/2350/1304 507/856/507
f 1492/2715/1492 1689/3136/1689 415/710/415
f 176/305/176 756/1282/756 2023/3817/2023
f 2059/3885/2059 2481/4704/2481 2448/4657/2448
f 2161/4096/2161 2172/4122/2172 364/606/364
f 2392/4553/2392 1237/2221/1237 1309/2359/1309
f 1476/2682/1476 1710/3182/1710 2428/4625/2428
f 1520/2778/1520 414/707/414 2016/3803/2016
f 1843/3453/1843 2441/4646/2441 691/1169/691
f 2356/4475/2356 611/1023/611 1216/2182/1216
f 2016/3804/2016 414/708/414 2015/3798/2015
f 2394/4558/2394 2416/4602/2416 2464/4681/2464
f 1540/2813/1540 1881/3537/1881 1587/2909/1587
f 1797/3364/1797 959/1663/959 1191/2130/1191
f 1624/2995/1624 1265/2278/1265 1439/2623/1439
f 558/944/558 540/920/540 876/1506/876
f 574/965/574 1596/2928/1596 1291/2319/1291
f 1093/1932/1093 1539/2810/1539 605/1016/605
f 612/1024/612 2130/4031/2130 2350/4467/2350
f 790/1337/790 2065/3901/2065 1031/1819/1031
f 2291/4362/2291 2395/4560/2395 981/1714/981
f 1487/2703/1487 1250/2245/1250 2135/4041/2135
f 605/1015/605 1637/3024/1637 1093/1931/1093
f 464/785/464 417/714/417 1764/3298/1764
f 1764/3297/1764 417/713/417 1761/3292/1761
f 1448/2635/1448 587/983/587 1795/3360/1795
f 2318/4412/2318 708/1195/708 1211/2175/1211
f 1402/2537/1402 1366/2473/1366 145/252/145
f 1430/2601/1430 1752/3272/1752 1817/3403/1817
f 364/606/364 2172/4122/2172 2451/4662/2451
f 886/1523/886 1683/3124/1683 1646/3043/1646
f 1542/2815/1542 1396/2526/1396 438/746/438
f 2038/3845/2038 1865/3501/1865 1033/1821/1033
f 2045/3856/2045 273/443/273 1418/2573/1418
f 539/917/539 927/1602/927 1020/1798/1020
f 820/1385/820 2125/4022/2125 1119/1985/1119
f 250/405/250 2206/4188/2206 945/1634/945
f 2067/3903/2067 709/1196/709 2053/3871/2053
f 1205/2163/1205 1949/3683/1949 439/747/439
f 2389/4546/2389 1294/2325/1294 245/400/245
f 914/1573/914 421/718/421 1084/1912/1084
f 2425/4615/2425 285/466/285 146/255/146
f 1084/1912/1084 421/718/421 509/860/509
f 7/9/7 1313/2368/1313 2301/4382/2301
f 1607/2958/1607 1510/2754/1510 1596/2928/1596
f 1191/2130/1191 959/1663/959 2225/4229/2225
f 2224/4227/2224 462/781/462 2222/4224/2222
f 769/1302/769 1742/3247/1742 1961/3702/1961
f 1297/2330/1297 85/140/85 2468/4686/2468
f 361/598/361 530/898/530 544/924/544
f 104/173/104 1836/3442/1836 1703/3167/1703
f 1506/2744/1506 1502/2734/1502 1272/2290/1272
f 2301/4382/2301 1313/2368/1313 2404/4577/2404
f 2111/3999/2111 1069/1889/1069 2014/3797/2014
f 1328/2399/1328 335/556/335 2125/4023/2125
f 113/188/113 2270/4317/2270 2483/4710/2483
f 896/1539/896 946/1637/946 1235/2218/1235
f 1313/2368/1313 2393/4557/2393 1339/2420/1339
f 2040/3848/2040 2491/4734/2491 1893/3563/1893
f 2163/4100/2163 2228/4236/2228 2082/3940/2082
f 809/1366/809 2303/4387/2303 1875/3523/1875
f 2201/4177/2201 2360/4482/2360 388/661/388
f 1899/3580/1899 295/482/295 1789/3350/1789
f 621/1041/621 2379/4528/2379 762/1290/762
f 2398/4567/2398 2238/4253/2238 978/1708/978
f 2026/3825/2026 934/1612/934 933/1611/933
f 2458/4673/2458 424/725/424 1509/2753/1509
f 589/987/589 334/554/334 1507/2747/1507
f 1472/2675/1472 1507/2747/1507 334/554/334
f 1509/2753/1509 424/725/424 1182/2110/1182
f 2497/4748/2497 1041/1838/1041 2265/4308/2265
f 1189/2126/1189 357/592/357 2407/4582/2407
f 2009/3791/2009 425/727/425 2101/3980/2101
f 2101/3980/2101 425/727/425 1658/3072/1658
f 568/958/568 2234/4244/2234 967/1683/967
f 1041/1839/1041 839/1429/839 2265/4306/2265
f 839/1428/839 2302/4385/2302 2265/4307/2265
f 2265/4307/2265 2302/4385/2302 83/136/83
f 24/35/24 427/731/427 1370/2480/1370
f 1370/2481/1370 427/730/427 383/649/383
f 1720/3206/1720 1850/3470/1850 1745/3253/1745
f 1840/3449/1840 430/736/430 2387/4542/2387
f 2387/4542/2387 430/736/430 565/953/565
f 851/1453/851 476/804/476 1094/1933/1094
f 1275/2294/1275 1774/3320/1774 1901/3584/1901
f 1156/2061/1156 1154/2058/1154 1288/2316/1288
f 2219/4217/2219 725/1231/725 136/233/136
f 1629/3002/1629 1970/3717/1970 1447/2633/1447
f 2008/3789/2008 403/690/403 612/1025/612
f 393/671/393 813/1373/813 2285/4353/2285
f 2402/4573/2402 237/391/237 1201/2155/1201
f 839/1429/839 132/227/132 1186/2121/1186
f 1592/2921/1592 432/738/432 582/974/582
f 582/974/582 432/738/432 2294/4366/2294
f 379/641/379 435/742/435 949/1645/949
f 949/1646/949 435/743/435 742/1260/742
f 1985/3748/1985 2029/3829/2029 1823/3410/1823
f 1554/2840/1554 1859/3493/1859 1763/3295/1763
f 2306/4394/2306 1975/3729/1975 1495/2723/1495
f 564/952/564 438/746/438 1465/2663/1465
f 1465/2663/1465 438/746/438 290/473/290
f 2302/4383/2302 839/1427/839 1186/2120/1186
f 2402/4572/2402 2499/4752/2499 2202/4178/2202
f 138/239/138 2238/4251/2238 1242/2229/1242
f 1936/3654/1936 440/749/440 837/1421/837
f 837/1423/837 440/748/440 1192/2134/1192
f 2239/4256/2239 2090/3953/2090 1261/2270/1261
f 1854/3482/1854 1821/3408/1821 1916/3616/1916
f 1628/3001/1628 1057/1870/1057 872/1500/872
f 1175/2094/1175 922/1588/922 2149/4075/2149
f 571/961/571 441/751/441 731/1244/731
f 18/26/18 441/751/441 2323/4422/2323
f 2455/4668/2455 200/338/200 274/445/274
f 1380/2497/1380 394/674/394 1543/2816/1543
f 2400/4569/2400 390/663/390 1424/2584/1424
f 1559/2849/1559 1609/2963/1609 1708/3173/1708
f 836/1419/836 442/752/442 949/1646/949
f 949/1646/949 442/752/442 379/640/379
f 1579/2886/1579 937/1616/937 1147/2042/1147
f 372/621/372 533/904/533 2365/4493/2365
f 1222/2195/1222 443/754/443 1264/2277/1264
f 1264/2277/1264 443/754/443 1124/1994/1124
f 1125/1995/1125 611/1023/611 1078/1901/1078
f 1857/3490/1857 1803/3374/1803 1921/3625/1921
f 135/232/135 119/202/119 1073/1893/1073
f 2340/4451/2340 1105/1959/1105 1365/2471/1365
f 706/1192/706 1287/2315/1287 841/1433/841
f 1481/2692/1481 555/939/555 2125/4023/2125
f 1639/3029/1639 1641/3034/1641 125/212/125
f 1001/1762/1001 444/756/444 1640/3031/1640
f 125/211/125 1641/3033/1641 1535/2801/1535
f 1640/3031/1640 444/756/444 1655/3062/1655
f 715/1208/715 229/376/229 1291/2319/1291
f 56/86/56 1515/2762/1515 1561/2854/1561
f 1085/1913/1085 448/763/448 1001/1764/1001
f 1001/1764/1001 448/763/448 1128/2002/1128
f 2258/4295/2258 741/1259/741 1012/1786/1012
f 790/1337/790 1031/1819/1031 2330/4433/2330
f 1653/3057/1653 834/1417/834 899/1542/899
f 939/1624/939 1299/2336/1299 1725/3218/1725
f 640/1075/640 35/53/35 2452/4663/2452
f 2355/4474/2355 1524/2784/1524 2457/4672/2457
f 2396/4562/2396 483/814/483 1827/3419/1827
f 1487/2703/1487 1820/3407/1820 1250/2245/1250
f 1835/3440/1835 608/1019/608 433/740/433
f 2461/4677/2461 2350/4467/2350 2130/4031/2130
f 2314/4405/2314 1389/2511/1389 1595/2927/1595
f 2500/4756/2500 1663/3085/1663 453/769/453
f 835/1418/835 868/1489/868 922/1590/922
f 1856/3486/1856 1890/3555/1890 1124/1994/1124
f 1856/3488/1856 1782/3337/1782 1890/3556/1890
f 663/1119/663 1448/2634/1448 1795/3358/1795
f 1860/3494/1860 703/1188/703 1490/2711/1490
f 642/1078/642 344/569/344 313/516/313
f 2127/4025/2127 2/2/2 811/1369/811
f 2010/3792/2010 825/1394/825 2052/3869/2052
f 85/140/85 1297/2330/1297 228/375/228
f 773/1308/773 1753/3273/1753 719/1222/719
f 2314/4405/2314 56/87/56 551/933/551
f 978/1709/978 2267/4312/2267 386/657/386
f 154/272/154 1905/3589/1905 2336/4442/2336
f 930/1605/930 1446/2632/1446 433/740/433
f 1895/3568/1895 2469/4688/2469 1197/2146/1197
f 406/695/406 2363/4487/2363 2271/4319/2271
f 829/1409/829 1653/3057/1653 1968/3715/1968
f 2378/4525/2378 573/963/573 279/455/279
f 1773/3318/1773 1957/3698/1957 1642/3035/1642
f 1319/2378/1319 461/780/461 1122/1991/1122
f 1122/1991/1122 461/780/461 390/663/390
f 1517/2766/1517 74/122/74 1395/2524/1395
f 1416/2569/1416 362/599/362 822/1390/822
f 573/963/573 2378/4525/2378 2429/4627/2429
f 417/713/417 464/786/464 1801/3371/1801
f 1801/3371/1801 464/786/464 1505/2743/1505
f 1489/2708/1489 465/789/465 1179/2102/1179
f 1179/2101/1179 465/788/465 1536/2804/1536
f 469/795/469 866/1486/866 1214/2179/1214
f 1612/2971/1612 633/1063/633 1159/2066/1159
f 2180/4137/2180 1247/2238/1247 1455/2646/1455
f 1011/1785/1011 2089/3951/2089 525/889/525
f 191/326/191 2124/4021/2124 956/1659/956
f 1324/2389/1324 1308/2356/1308 503/849/503
f 503/848/503 1308/2357/1308 311/512/311
f 1437/2621/1437 573/963/573 2429/4627/2429
f 2036/3840/2036 145/252/145 1440/2625/1440
f 954/1656/954 1073/1893/1073 119/202/119
f 1921/3625/1921 1803/3374/1803 269/437/269
f 1293/2323/1293 807/1361/807 1301/2340/1301
f 663/1121/663 1795/3360/1795 1838/3446/1838
f 1465/2663/1465 468/793/468 2253/4286/2253
f 2253/4286/2253 468/793/468 2408/4586/2408
f 541/921/541 135/232/135 550/931/550
f 272/442/272 1701/3163/1701 295/480/295
f 1343/2426/1343 470/796/470 227/374/227
f 2498/4750/2498 470/796/470 196/332/196
f 2205/4187/2205 2374/4518/2374 2337/4444/2337
f 2399/4568/2399 1098/1941/1098 2031/3832/2031
f 1985/3748/1985 1823/3410/1823 1063/1881/1063
f 1003/1767/1003 419/716/419 327/539/327
f 849/1449/849 822/1390/822 358/594/358
f 1184/2115/1184 814/1375/814 416/712/416
f 1176/2097/1176 674/1141/674 1402/2537/1402
f 738/1255/738 1977/3731/1977 2023/3817/2023
f 2405/4580/2405 670/1135/670 2221/4221/2221
f 1256/2258/1256 980/1713/980 1525/2785/1525
f 988/1726/988 2376/4523/2376 647/1090/647
f 1769/3310/1769 1798/3365/1798 1552/2835/1552
f 2004/3781/2004 1853/3480/1853 1720/3203/1720
f 971/1690/971 1781/3331/1781 1110/1967/1110
f 488/821/488 1324/2390/1324 1744/3250/1744
f 335/557/335 239/394/239 1595/2927/1595
f 1259/2266/1259 473/801/473 1415/2567/1415
f 1415/2567/1415 473/801/473 1533/2797/1533
f 126/213/126 1618/2985/1618 1679/3118/1679
f 1653/3057/1653 1906/3591/1906 1968/3715/1968
f 1459/2650/1459 1468/2669/1468 1490/2711/1490
f 1846/3461/1846 475/803/475 2116/4009/2116
f 2116/4009/2116 475/803/475 1967/3714/1967
f 2131/4032/2131 477/805/477 2441/4644/2441
f 2441/4646/2441 477/806/477 691/1169/691
f 1119/1983/1119 555/940/555 1123/1992/1123
f 2421/4607/2421 2142/4057/2142 552/934/552
f 2344/4457/2344 479/809/479 267/433/267
f 267/432/267 479/808/479 1055/1864/1055
f 1096/1935/1096 766/1297/766 1274/2293/1274
f 2101/3980/2101 2078/3930/2078 1927/3639/1927
f 1145/2039/1145 853/1456/853 749/1270/749
f 358/594/358 692/1171/692 1867/3506/1867
f 2462/4679/2462 451/767/451 973/1694/973
f 1733/3232/1733 480/810/480 205/348/205
f 2210/4197/2210 480/810/480 2009/3791/2009
f 628/1053/628 481/811/481 2437/4640/2437
f 1401/2536/1401 1585/2904/1585 1941/3671/1941
f 980/1713/980 513/868/513 1525/2785/1525
f 1512/2758/1512 1755/3277/1755 1534/2799/1534
f 195/331/195 1959/3700/1959 1245/2234/1245
f 2207/4190/2207 2122/4017/2122 13/19/13
f 555/940/555 1366/2472/1366 1123/1992/1123
f 1547/2825/1547 1702/3165/1702 1988/3753/1988
f 1880/3536/1880 2091/3954/2091 259/420/259
f 1826/3418/1826 911/1568/911 1387/2507/1387
f 2190/4160/2190 754/1280/754 2460/4676/2460
f 1338/2419/1338 1891/3557/1891 1577/2882/1577
f 1849/3468/1849 1519/2776/1519 1611/2970/1611
f 1062/1878/1062 1082/1908/1082 1585/2903/1585
f 459/776/459 599/1003/599 514/871/514
f 1679/3118/1679 1540/2812/1540 126/213/126
f 1752/3272/1752 257/418/257 1783/3340/1783
f 1651/3052/1651 2112/4000/2112 2426/4618/2426
f 715/1209/715 1389/2511/1389 578/969/578
f 357/593/357 2341/4452/2341 2444/4652/2444
f 623/1044/623 2412/4594/2412 395/677/395
f 820/1386/820 1910/3601/1910 2125/4023/2125
f 1883/3545/1883 137/237/137 1432/2604/1432
f 1061/1877/1061 1567/2865/1567 1713/3192/1713
f 1615/2979/1615 486/817/486 217/362/217
f 2002/3778/2002 486/818/486 2309/4400/2309
f 1454/2643/1454 1610/2966/1610 1433/2606/1433
f 709/1196/709 2026/3825/2026 2053/3871/2053
f 1505/2743/1505 487/820/487 17/24/17
f 1504/2741/1504 487/820/487 389/662/389
f 295/482/295 1646/3043/1646 1789/3350/1789
f 964/1673/964 2413/4598/2413 1391/2514/1391
f 621/1041/621 666/1125/666 835/1418/835
f 1330/2401/1330 2151/4080/2151 513/869/513
f 1596/2928/1596 715/1208/715 1291/2319/1291
f 1933/3649/1933 608/1019/608 1737/3237/1737
f 484/815/484 1819/3406/1819 1839/3448/1839
f 1096/1935/1096 851/1453/851 1094/1933/1094
f 1367/2475/1367 2073/3916/2073 391/664/391
f 1992/3757/1992 489/824/489 1694/3153/1694
f 1694/3155/1694 489/823/489 532/902/532
f 676/1147/676 635/1068/635 42/61/42
f 2224/4228/2224 2222/4223/2222 357/593/357
f 118/200/118 1117/1979/1117 1686/3129/1686
f 1329/2400/1329 1797/3364/1797 1090/1925/1090
f 513/868/513 3/3/3 1525/2785/1525
f 974/1696/974 491/826/491 2246/4273/2246
f 2246/4273/2246 491/826/491 1312/2366/1312
f 1862/3496/1862 1547/2824/1547 1985/3749/1985
f 954/1656/954 320/526/320 1180/2104/1180
f 1021/1800/1021 1018/1796/1018 1232/2213/1232
f 222/368/222 785/1330/785 982/1715/982
f 2462/4679/2462 1034/1822/1034 685/1160/685
f 129/220/129 1301/2341/1301 1083/1909/1083
f 2286/4354/2286 1440/2624/1440 1366/2472/1366
f 980/1713/980 2090/3952/2090 402/687/402
f 1525/2785/1525 1294/2324/1294 1256/2258/1256
f 2499/4751/2499 496/838/496 1120/1989/1120
f 496/837/496 1278/2300/1278 940/1628/940
f 1149/2045/1149 1869/3508/1869 2197/4171/2197
f 1859/3493/1859 1171/2088/1171 1720/3202/1720
f 1524/2784/1524 1392/2515/1392 2457/4672/2457
f 1449/2636/1449 1839/3448/1839 1606/2957/1606
f 190/323/190 210/353/210 203/343/203
f 643/1080/643 370/618/370 633/1063/633
f 2105/3987/2105 1843/3453/1843 1476/2682/1476
f 381/644/381 500/844/500 199/337/199
f 2158/4091/2158 500/844/500 1040/1837/1040
f 56/87/56 2159/4092/2159 1641/3034/1641
f 1412/2559/1412 501/845/501 1692/3145/1692
f 1692/3147/1692 501/846/501 1286/2314/1286
f 1793/3356/1793 1448/2635/1448 1794/3357/1794
f 691/1169/691 1476/2682/1476 1843/3453/1843
f 1417/2571/1417 498/842/498 822/1390/822
f 1628/3001/1628 1805/3378/1805 1740/3244/1740
f 1524/2784/1524 452/768/452 1990/3755/1990
f 2337/4444/2337 2374/4518/2374 723/1227/723
f 216/360/216 744/1262/744 224/371/224
f 1955/3695/1955 886/1525/886 932/1610/932
f 838/1425/838 510/862/510 2436/4638/2436
f 2436/4638/2436 510/862/510 590/988/590
f 1695/3156/1695 1788/3349/1788 1314/2369/1314
f 1006/1773/1006 864/1481/864 665/1124/665
f 2236/4248/2236 1964/3711/1964 1087/1917/1087
f 1347/2432/1347 1322/2386/1322 1472/2675/1472
f 1318/2375/1318 1959/3700/1959 2360/4482/2360
f 578/969/578 1842/3452/1842 715/1209/715
f 1959/3700/1959 1318/2375/1318 1245/2234/1245
f 1766/3302/1766 1940/3668/1940 1887/3552/1887
f 1198/2148/1198 1252/2249/1252 587/983/587
f 587/983/587 1252/2249/1252 1795/3360/1795
f 1607/2959/1607 980/1713/980 402/687/402
f 551/933/551 1479/2689/1479 2314/4405/2314
f 1442/2627/1442 252/411/252 1903/3587/1903
f 228/375/228 2409/4588/2409 1341/2424/1341
f 2354/4473/2354 2126/4024/2126 2124/4021/2124
f 1853/3480/1853 503/849/503 311/511/311
f 1062/1879/1062 2003/3779/2003 1771/3315/1771
f 1545/2821/1545 985/1719/985 1855/3483/1855
f 1371/2482/1371 516/874/516 1244/2232/1244
f 1244/2232/1244 516/874/516 688/1165/688
f 1837/3444/1837 1935/3652/1935 1321/2381/1321
f 1222/2196/1222 1911/3606/1911 2137/4046/2137
f 762/1290/762 2411/4592/2411 2259/4297/2259
f 708/1194/708 2351/4469/2351 794/1342/794
f 1710/3182/1710 1476/2682/1476 1721/3207/1721
f 942/1631/942 1263/2273/1263 130/222/130
f 1425/2585/1425 1200/2153/1200 1285/2312/1285
f 1453/2642/1453 2004/3781/2004 1171/2086/1171
f 1802/3372/1802 1915/3615/1915 2135/4041/2135
f 1393/2518/1393 1270/2287/1270 2423/4612/2423
f 934/1612/934 2026/3825/2026 709/1196/709
f 1986/3750/1986 1456/2647/1456 1822/3409/1822
f 1672/3100/1672 1423/2582/1423 484/815/484
f 412/705/412 967/1683/967 525/889/525
f 1280/2304/1280 1274/2293/1274 766/1297/766
f 342/567/342 519/880/519 2121/4016/2121
f 157/278/157 938/1618/938 1146/2041/1146
f 1796/3363/1796 334/553/334 1254/2254/1254
f 257/417/257 1492/2715/1492 415/710/415
f 1527/2788/1527 1468/2668/1468 1459/2651/1459
f 1881/3540/1881 1636/3020/1636 1182/2109/1182
f 515/873/515 919/1583/919 2446/4655/2446
f 1652/3056/1652 162/285/162 554/938/554
f 1782/3338/1782 1710/3184/1710 1721/3208/1721
f 1971/3719/1971 1912/3610/1912 14/20/14
f 1881/3539/1881 1182/2110/1182 2054/3875/2054
f 1540/2812/1540 1679/3118/1679 1636/3021/1636
f 1842/3452/1842 229/377/229 715/1209/715
f 1984/3745/1984 1907/3593/1907 1848/3466/1848
f 956/1659/956 214/358/214 413/706/413
f 850/1451/850 979/1712/979 1951/3687/1951
f 308/506/308 1241/2227/1241 2144/4060/2144
f 950/1649/950 2073/3916/2073 285/466/285
f 1298/2334/1298 1340/2422/1340 39/57/39
f 2071/3912/2071 985/1719/985 1545/2821/1545
f 633/1063/633 370/618/370 863/1479/863
f 1265/2278/1265 1624/2995/1624 1315/2371/1315
f 1698/3160/1698 1535/2802/1535 1641/3034/1641
f 1366/2473/1366 1402/2537/1402 1870/3511/1870
f 1660/3079/1660 62/97/62 802/1354/802
f 1271/2289/1271 1077/1900/1077 723/1228/723
f 670/1135/670 2406/4581/2406 2221/4221/2221
f 2252/4284/2252 2191/4161/2191 2361/4483/2361
f 2270/4317/2270 1292/2321/1292 2483/4710/2483
f 1336/2414/1336 1627/3000/1627 522/883/522
f 841/1433/841 554/938/554 706/1192/706
f 2159/4092/2159 1698/3160/1698 1641/3034/1641
f 1961/3704/1961 1993/3759/1993 680/1153/680
f 2027/3826/2027 1528/2789/1528 1546/2823/1546
f 674/1141/674 1870/3511/1870 1402/2537/1402
f 918/1582/918 917/1581/917 2308/4398/2308
f 1705/3169/1705 970/1688/970 1233/2216/1233
f 1059/1874/1059 1834/3439/1834 1980/3736/1980
f 1894/3565/1894 795/1343/795 15/22/15
f 1553/2837/1553 1048/1851/1048 1325/2391/1325
f 2355/4474/2355 1577/2883/1577 1598/2933/1598
f 1879/3534/1879 1825/3417/1825 1474/2680/1474
f 1527/2788/1527 1599/2935/1599 931/1607/931
f 446/761/446 723/1228/723 2484/4714/2484
f 755/1281/755 527/894/527 990/1729/990
f 990/1729/990 527/894/527 2182/4139/2182
f 2113/4003/2113 844/1437/844 869/1492/869
f 1984/3746/1984 528/895/528 1614/2976/1614
f 1614/2975/1614 528/896/528 2083/3941/2083
f 2028/3827/2028 1919/3620/1919 2067/3903/2067
f 1070/1890/1070 791/1339/791 1071/1891/1071
f 2467/4685/2467 404/691/404 247/402/247
f 1961/3702/1961 854/1458/854 769/1302/769
f 1670/3097/1670 532/901/532 310/510/310
f 299/488/299 2493/4737/2493 1367/2474/1367
f 1533/2796/1533 532/902/532 489/823/489
f 2313/4404/2313 144/251/144 1399/2533/1399
f 671/1136/671 542/922/542 659/1115/659
f 659/1115/659 542/922/542 654/1104/654
f 2376/4522/2376 446/760/446 2333/4438/2333
f 2333/4436/2333 446/759/446 2484/4713/2484
f 439/747/439 1933/3649/1933 1574/2875/1574
f 2050/3865/2050 226/373/226 66/107/66
f 1463/2661/1463 2343/4455/2343 1190/2129/1190
f 1238/2222/1238 2226/4232/2226 179/309/179
f 1451/2639/1451 1970/3717/1970 1629/3002/1629
f 1450/2638/1450 1139/2023/1139 1227/2204/1227
f 1833/3437/1833 279/454/279 75/123/75
f 1531/2793/1531 684/1158/684 1777/3326/1777
f 408/699/408 848/1446/848 1024/1811/1024
f 848/1447/848 287/468/287 1024/1809/1024
f 1257/2260/1257 1741/3245/1741 368/613/368
f 1630/3006/1630 2044/3855/2044 2218/4214/2218
f 2201/4177/2201 1826/3418/1826 1387/2507/1387
f 1837/3444/1837 1322/2383/1322 1935/3652/1935
f 2147/4067/2147 2216/4209/2216 2128/4027/2128
f 1797/3364/1797 1043/1844/1043 959/1663/959
f 2128/4027/2128 2216/4209/2216 878/1511/878
f 502/847/502 954/1656/954 119/202/119
f 1978/3732/1978 1731/3228/1731 1065/1885/1065
f 878/1511/878 2496/4747/2496 2128/4027/2128
f 402/686/402 1486/2702/1486 1510/2754/1510
f 63/102/63 74/122/74 2474/4696/2474
f 1840/3450/1840 552/935/552 1190/2128/1190
f 1190/2129/1190 552/934/552 2142/4057/2142
f 2014/3797/2014 214/358/214 1976/3730/1976
f 1284/2310/1284 854/1459/854 903/1552/903
f 431/737/431 1175/2095/1175 303/495/303
f 2084/3943/2084 556/941/556 2148/4068/2148
f 2148/4068/2148 556/941/556 1671/3099/1671
f 1854/3482/1854 1068/1888/1068 1069/1889/1069
f 1088/1922/1088 832/1414/832 1086/1916/1086
f 1543/2817/1543 394/673/394 2227/4234/2227
f 843/1435/843 1778/3327/1778 494/832/494
f 394/675/394 2496/4747/2496 2227/4235/2227
f 2334/4439/2334 361/598/361 544/924/544
f 1740/3244/1740 1057/1870/1057 1628/3001/1628
f 1238/2222/1238 179/309/179 2357/4477/2357
f 1978/3732/1978 1065/1885/1065 935/1613/935
f 1238/2222/1238 2090/3953/2090 2239/4256/2239
f 1070/1890/1070 2106/3988/2106 2107/3990/2107
f 1067/1887/1067 1068/1888/1068 2053/3871/2053
f 1200/2154/1200 1471/2672/1471 970/1689/970
f 1939/3662/1939 1782/3334/1782 1709/3180/1709
f 2266/4310/2266 273/443/273 1101/1952/1101
f 1681/3121/1681 551/933/551 1561/2853/1561
f 1881/3540/1881 2054/3873/2054 2157/4088/2157
f 1594/2926/1594 1732/3230/1732 2155/4085/2155
f 66/107/66 184/315/184 2050/3865/2050
f 1906/3591/1906 1653/3057/1653 823/1392/823
f 2444/4651/2444 757/1284/757 2196/4169/2196
f 1976/3730/1976 1918/3619/1918 2055/3876/2055
f 973/1694/973 2464/4681/2464 977/1705/977
f 17/24/17 562/950/562 1505/2743/1505
f 1505/2743/1505 562/950/562 1801/3371/1801
f 1590/2919/1590 1562/2858/1562 1621/2988/1621
f 1375/2489/1375 155/273/155 232/381/232
f 101/168/101 1979/3734/1979 1438/2622/1438
f 1016/1794/1016 973/1694/973 29/44/29
f 576/967/576 2355/4474/2355 2457/4672/2457
f 1542/2815/1542 564/952/564 686/1162/686
f 686/1162/686 564/952/564 2253/4286/2253
f 975/1700/975 1924/3629/1924 976/1703/976
f 1771/3315/1771 2003/3779/2003 1889/3554/1889
f 1896/3570/1896 1064/1883/1064 1528/2789/1528
f 804/1357/804 1442/2627/1442 1714/3194/1714
f 1849/3469/1849 1712/3187/1712 1519/2774/1519
f 1517/2766/1517 2474/4696/2474 74/122/74
f 1576/2881/1576 1721/3207/1721 1476/2682/1476
f 1234/2217/1234 274/445/274 581/973/581
f 1353/2447/1353 567/955/567 1760/3289/1760
f 1760/3287/1760 567/957/567 1521/2780/1521
f 1468/2669/1468 1464/2662/1464 1860/3494/1860
f 870/1494/870 1751/3267/1751 1847/3464/1847
f 1315/2371/1315 570/960/570 1377/2491/1377
f 1377/2491/1377 570/960/570 1973/3724/1973
f 1360/2462/1360 1984/3746/1984 139/241/139
f 2081/3936/2081 1969/3716/1969 1724/3214/1724
f 1733/3232/1733 653/1103/653 230/378/230
f 2031/3834/2031 1168/2082/1168 2315/4406/2315
f 1287/2315/1287 706/1192/706 724/1229/724
f 1868/3507/1868 903/1552/903 1993/3759/1993
f 2135/4041/2135 1915/3615/1915 1487/2703/1487
f 873/1501/873 2153/4083/2153 120/203/120
f 1680/3120/1680 1590/2919/1590 1621/2988/1621
f 985/1719/985 833/1415/833 1855/3483/1855
f 2247/4274/2247 1161/2071/1161 1048/1853/1048
f 2486/4718/2486 715/1208/715 1596/2928/1596
f 721/1225/721 600/1004/600 695/1175/695
f 822/1390/822 1975/3729/1975 358/594/358
f 1423/2582/1423 593/992/593 456/772/456
f 1807/3381/1807 482/812/482 288/470/288
f 639/1074/639 1506/2744/1506 2018/3809/2018
f 855/1460/855 2028/3827/2028 953/1655/953
f 953/1655/953 2028/3827/2028 1821/3408/1821
f 1171/2086/1171 1554/2839/1554 1452/2640/1452
f 1696/3157/1696 1941/3671/1941 2392/4553/2392
f 2023/3817/2023 1953/3690/1953 738/1255/738
f 2132/4037/2132 1911/3605/1911 1310/2362/1310
f 1310/2364/1310 1358/2458/1358 2132/4036/2132
f 1136/2020/1136 1191/2130/1191 1156/2061/1156
f 1228/2207/1228 393/672/393 2285/4352/2285
f 422/719/422 1100/1950/1100 2407/4583/2407
f 602/1008/602 1456/2647/1456 1773/3318/1773
f 590/988/590 579/970/579 671/1136/671
f 671/1136/671 579/970/579 748/1268/748
f 1055/1865/1055 580/972/580 536/909/536
f 536/908/536 580/971/580 673/1139/673
f 2316/4408/2316 799/1349/799 1073/1893/1073
f 1990/3755/1990 513/870/513 2151/4079/2151
f 1700/3162/1700 445/758/445 1729/3224/1729
f 1911/3608/1911 993/1736/993 1310/2363/1310
f 59/92/59 2074/3918/2074 219/365/219
f 1856/3485/1856 1710/3184/1710 1782/3338/1782
f 662/1118/662 583/977/583 2281/4342/2281
f 2281/4340/2281 583/976/583 1010/1783/1010
f 2108/3993/2108 339/562/339 1623/2991/1623
f 1394/2521/1394 584/978/584 2148/4069/2148
f 2148/4070/2148 584/980/584 236/388/236
f 2190/4159/2190 1071/1891/1071 791/1339/791
f 1782/3336/1782 1721/3207/1721 689/1167/689
f 1054/1863/1054 1026/1813/1026 1028/1816/1028
f 1473/2676/1473 1240/2225/1240 1844/3455/1844
f 1495/2724/1495 498/841/498 1885/3548/1885
f 1898/3575/1898 326/538/326 1926/3637/1926
f 1234/2217/1234 2351/4469/2351 708/1194/708
f 1971/3719/1971 2428/4624/2428 1912/3610/1912
f 1738/3242/1738 1686/3129/1686 1117/1979/1117
f 2060/3887/2060 1909/3600/1909 1404/2541/1404
f 2229/4237/2229 918/1582/918 2308/4398/2308
f 428/732/428 283/462/283 926/1601/926
f 2176/4127/2176 710/1197/710 419/716/419
f 419/716/419 710/1197/710 2263/4304/2263
f 741/1259/741 2446/4655/2446 507/855/507
f 369/616/369 591/989/591 2434/4636/2434
f 2434/4636/2434 591/989/591 1183/2111/1183
f 675/1143/675 592/991/592 2296/4373/2296
f 2296/4373/2296 592/991/592 1379/2493/1379
f 1776/3323/1776 1428/2596/1428 1619/2986/1619
f 1444/2629/1444 545/925/545 679/1152/679
f 1637/3025/1637 1331/2404/1331 158/279/158
f 1017/1795/1017 2247/4274/2247 1048/1853/1048
f 1422/2579/1422 1605/2954/1605 1631/3007/1631
f 1080/1904/1080 2186/4147/2186 35/53/35
f 1839/3448/1839 1530/2791/1530 1606/2957/1606
f 1606/2956/1606 1530/2792/1530 830/1410/830
f 28/43/28 2190/4160/2190 2251/4282/2251
f 1614/2975/1614 2083/3941/2083 169/292/169
f 1450/2637/1450 1551/2834/1551 1706/3171/1706
f 210/353/210 1359/2459/1359 301/491/301
f 847/1444/847 585/981/585 770/1303/770
f 831/1412/831 713/1204/713 2220/4220/2220
f 922/1590/922 2379/4528/2379 835/1418/835
f 1093/1930/1093 1761/3291/1761 1361/2464/1361
f 1532/2794/1532 1218/2188/1218 717/1213/717
f 1213/2177/1213 793/1341/793 598/1000/598
f 2068/3904/2068 1491/2712/1491 1600/2936/1600
f 1600/2938/1600 1491/2713/1491 2180/4136/2180
f 2010/3792/2010 2052/3869/2052 803/1356/803
f 1727/3221/1727 2392/4553/2392 2143/4059/2143
f 1894/3565/1894 15/22/15 2290/4361/2290
f 2035/3839/2035 373/627/373 1734/3234/1734
f 559/946/559 1918/3619/1918 2043/3852/2043
f 2213/4202/2213 1155/2060/1155 2019/3811/2019
f 739/1256/739 1785/3343/1785 1226/2203/1226
f 472/798/472 1497/2726/1497 1648/3046/1648
f 1648/3046/1648 1497/2726/1497 1757/3282/1757
f 1677/3112/1677 753/1279/753 264/428/264
f 139/241/139 753/1278/753 1360/2462/1360
f 2204/4185/2204 130/222/130 1118/1982/1118
f 977/1706/977 2248/4276/2248 1137/2021/1137
f 1841/3451/1841 162/285/162 1652/3056/1652
f 1189/2126/1189 2109/3995/2109 2341/4453/2341
f 1708/3176/1708 1356/2451/1356 1559/2850/1559
f 1447/2633/1447 1550/2832/1550 1668/3094/1668
f 1853/3480/1853 1453/2642/1453 503/849/503
f 649/1094/649 1609/2964/1609 1559/2850/1559
f 932/1610/932 1862/3497/1862 1955/3695/1955
f 657/1111/657 318/524/318 2212/4199/2212
f 2066/3902/2066 783/1328/783 60/93/60
f 2430/4628/2430 984/1718/984 166/289/166
f 1666/3091/1666 1028/1816/1028 2017/3807/2017
f 2017/3807/2017 1028/1816/1028 1031/1819/1031
f 1462/2655/1462 1677/3112/1677 114/191/114
f 2211/4198/2211 354/587/354 260/421/260
f 1607/2959/1607 316/521/316 980/1713/980
f 1414/2564/1414 2209/4193/2209 1241/2227/1241
f 1054/1863/1054 1203/2161/1203 1026/1813/1026
f 2058/3882/2058 1982/3741/1982 938/1619/938
f 459/776/459 2453/4665/2453 599/1003/599
f 211/355/211 1225/2201/1225 694/1174/694
f 971/1690/971 795/1343/795 1500/2730/1500
f 1561/2853/1561 488/822/488 1681/3121/1681
f 1637/3026/1637 605/1014/605 2309/4400/2309
f 2309/4399/2309 605/1016/605 1539/2810/1539
f 1515/2762/1515 1351/2442/1351 311/512/311
f 1927/3640/1927 2078/3929/2078 2404/4579/2404
f 242/397/242 606/1017/606 2369/4503/2369
f 2369/4503/2369 606/1017/606 369/617/369
f 1369/2478/1369 1406/2545/1406 10/14/10
f 157/278/157 1178/2100/1178 938/1618/938
f 868/1489/868 418/715/418 2149/4074/2149
f 1080/1904/1080 143/250/143 806/1360/806
f 1466/2665/1466 2301/4382/2301 987/1724/987
f 632/1060/632 607/1018/607 2339/4448/2339
f 1535/2802/1535 239/394/239 1328/2398/1328
f 2339/4448/2339 607/1018/607 700/1183/700
f 1781/3331/1781 1500/2730/1500 397/680/397
f 1735/3235/1735 426/729/426 1469/2670/1469
f 1069/1889/1069 2111/3999/2111 1854/3482/1854
f 218/364/218 1466/2664/1466 2242/4262/2242
f 931/1608/931 2188/4149/2188 1184/2113/1184
f 2294/4369/2294 1655/3063/1655 444/755/444
f 1137/2021/1137 2248/4276/2248 1480/2690/1480
f 1993/3759/1993 1961/3704/1961 871/1497/871
f 1756/3281/1756 1933/3649/1933 1737/3237/1737
f 104/173/104 1756/3279/1756 1836/3442/1836
f 1347/2433/1347 1047/1850/1047 1323/2388/1323
f 1033/1821/1033 1059/1874/1059 2039/3847/2039
f 504/850/504 859/1471/859 1582/2894/1582
f 612/1025/612 131/223/131 2008/3789/2008
f 1088/1921/1088 517/875/517 832/1413/832
f 2114/4005/2114 2294/4369/2294 432/739/432
f 1005/1772/1005 1441/2626/1441 2110/3998/2110
f 397/680/397 1019/1797/1019 569/959/569
f 948/1640/948 2037/3843/2037 1413/2561/1413
f 718/1219/718 614/1029/614 2098/3973/2098
f 2098/3973/2098 614/1029/614 1074/1894/1074
f 1193/2137/1193 1553/2837/1553 1325/2391/1325
f 1785/3342/1785 1643/3037/1643 362/600/362
f 362/600/362 1643/3037/1643 1490/2710/1490
f 885/1521/885 2006/3786/2006 1209/2170/1209
f 520/881/520 617/1034/617 537/911/537
f 401/685/401 617/1034/617 1049/1855/1049
f 1254/2253/1254 334/555/334 1759/3286/1759
f 1063/1881/1063 1955/3695/1955 1862/3497/1862
f 2464/4681/2464 2416/4602/2416 977/1705/977
f 1431/2602/1431 1320/2380/1320 1081/1905/1081
f 2102/3982/2102 459/775/459 596/997/596
f 2356/4475/2356 1365/2471/1365 1608/2960/1608
f 506/852/506 1422/2579/1422 1631/3007/1631
f 1882/3541/1882 2062/3891/2062 1738/3239/1738
f 2347/4463/2347 1159/2066/1159 633/1063/633
f 684/1159/684 1325/2393/1325 1048/1853/1048
f 1199/2151/1199 1004/1769/1004 65/105/65
f 1806/3379/1806 872/1499/872 1057/1867/1057
f 1738/3241/1738 1693/3150/1693 1615/2977/1615
f 477/806/477 2131/4033/2131 1576/2881/1576
f 1578/2884/1578 1843/3453/1843 213/357/213
f 2391/4551/2391 2083/3941/2083 1436/2618/1436
f 2305/4393/2305 1161/2071/1161 117/199/117
f 117/199/117 1161/2071/1161 2247/4274/2247
f 2389/4546/2389 1256/2259/1256 1294/2325/1294
f 1109/1965/1109 2187/4148/2187 687/1164/687
f 3/4/3 1386/2506/1386 1294/2325/1294
f 928/1603/928 1060/1876/1060 972/1692/972
f 1833/3437/1833 626/1047/626 279/454/279
f 279/454/279 626/1047/626 1106/1962/1106
f 2390/4547/2390 2273/4322/2273 1736/3236/1736
f 1448/2635/1448 663/1121/663 1794/3357/1794
f 1292/2322/1292 2270/4316/2270 620/1039/620
f 882/1518/882 600/1004/600 622/1042/622
f 1544/2820/1544 2083/3941/2083 528/896/528
f 1873/3518/1873 1800/3370/1800 1082/1906/1082
f 1229/2209/1229 694/1174/694 2331/4434/2331
f 1821/3408/1821 615/1031/615 953/1655/953
f 2211/4198/2211 628/1053/628 1172/2089/1172
f 1172/2089/1172 628/1053/628 77/127/77
f 1544/2820/1544 528/896/528 270/438/270
f 1962/3705/1962 629/1055/629 62/97/62
f 62/96/62 629/1054/629 802/1353/802
f 2464/4681/2464 973/1694/973 451/767/451
f 1724/3214/1724 1969/3716/1969 1825/3417/1825
f 1462/2656/1462 1695/3156/1695 1314/2369/1314
f 2057/3880/2057 2134/4040/2134 2124/4021/2124
f 945/1636/945 852/1454/852 2103/3984/2103
f 745/1263/745 910/1567/910 1187/2123/1187
f 1219/2189/1219 1514/2761/1514 157/278/157
f 1126/1996/1126 632/1058/632 616/1032/616
f 616/1033/616 632/1059/632 817/1382/817
f 554/938/554 752/1277/752 1719/3201/1719
f 1265/2278/1265 1522/2781/1522 1343/2426/1343
f 1331/2404/1331 634/1065/634 1764/3297/1764
f 1764/3296/1764 634/1064/634 1693/3151/1693
f 2280/4336/2280 1816/3401/1816 1326/2394/1326
f 1348/2435/1348 403/689/403 1974/3727/1974
f 391/664/391 635/1066/635 1367/2475/1367
f 1367/2476/1367 635/1067/635 36/54/36
f 1265/2278/1265 1315/2371/1315 1522/2781/1522
f 647/1090/647 2410/4590/2410 2411/4592/2411
f 547/928/547 587/983/587 1384/2504/1384
f 1281/2305/1281 1255/2257/1255 1820/3407/1820
f 2353/4472/2353 1066/1886/1066 803/1356/803
f 803/1356/803 1066/1886/1066 933/1611/933
f 1988/3753/1988 1809/3383/1809 1835/3440/1835
f 1982/3742/1982 2476/4698/2476 938/1618/938
f 1216/2183/1216 674/1141/674 1176/2097/1176
f 1111/1968/1111 609/1021/609 942/1631/942
f 942/1631/942 609/1021/609 943/1632/943
f 1703/3167/1703 262/424/262 1496/2725/1496
f 418/715/418 868/1489/868 625/1046/625
f 738/1255/738 1683/3125/1683 846/1443/846
f 274/445/274 1234/2217/1234 2455/4668/2455
f 1632/3008/1632 162/285/162 847/1444/847
f 2391/4552/2391 1354/2448/1354 584/979/584
f 706/1192/706 834/1417/834 724/1229/724
f 1805/3377/1805 363/602/363 400/683/400
f 2459/4675/2459 549/930/549 2322/4420/2322
f 539/917/539 287/469/287 927/1602/927
f 2344/4458/2344 637/1071/637 2321/4418/2321
f 2321/4417/2321 637/1070/637 1319/2377/1319
f 208/351/208 638/1073/638 2199/4174/2199
f 2199/4174/2199 638/1073/638 693/1173/693
f 1288/2316/1288 1154/2058/1154 717/1214/717
f 270/438/270 2156/4087/2156 1544/2820/1544
f 1715/3195/1715 368/612/368 1601/2939/1601
f 1723/3211/1723 1544/2818/1544 2156/4086/2156
f 1679/3117/1679 1618/2984/1618 1762/3294/1762
f 313/516/313 1699/3161/1699 189/322/189
f 502/847/502 1187/2123/1187 910/1567/910
f 1311/2365/1311 1888/3553/1888 321/527/321
f 2209/4193/2209 1563/2859/1563 81/133/81
f 1255/2257/1255 1217/2185/1217 1236/2219/1236
f 79/130/79 2033/3836/2033 1729/3224/1729
f 799/1349/799 1243/2230/1243 135/232/135
f 143/250/143 2262/4302/2262 806/1360/806
f 2272/4320/2272 2268/4313/2268 99/165/99
f 312/514/312 644/1083/644 2364/4490/2364
f 2364/4490/2364 644/1083/644 648/1092/648
f 1910/3601/1910 1328/2399/1328 2125/4023/2125
f 928/1603/928 819/1384/819 1097/1938/1097
f 2490/4730/2490 1521/2780/1521 567/957/567
f 2448/4657/2448 1092/1929/1092 2348/4465/2348
f 2422/4611/2422 1521/2780/1521 2404/4577/2404
f 1301/2340/1301 1374/2488/1374 1293/2323/1293
f 1293/2323/1293 1374/2488/1374 1032/1820/1032
f 735/1250/735 407/697/407 1030/1818/1030
f 639/1074/639 2334/4439/2334 1861/3495/1861
f 2104/3985/2104 2058/3882/2058 938/1619/938
f 1703/3167/1703 1455/2645/1455 262/424/262
f 2180/4135/2180 1934/3650/1934 1247/2239/1247
f 1968/3715/1968 2401/4570/2401 829/1409/829
f 165/288/165 2352/4470/2352 2087/3947/2087
f 2058/3883/2058 1623/2993/1623 1910/3602/1910
f 2149/4073/2149 1024/1809/1024 539/918/539
f 214/358/214 956/1659/956 2134/4040/2134
f 1177/2098/1177 1805/3378/1805 1153/2056/1153
f 1867/3503/1867 1931/3644/1931 288/470/288
f 1090/1925/1090 1797/3364/1797 891/1531/891
f 86/141/86 476/804/476 851/1453/851
f 514/872/514 35/53/35 640/1075/640
f 2135/4041/2135 1250/2245/1250 1569/2867/1569
f 265/429/265 744/1262/744 2310/4401/2310
f 1369/2478/1369 653/1103/653 1788/3349/1788
f 1788/3349/1788 653/1103/653 1733/3232/1733
f 828/1408/828 1114/1972/1114 1604/2951/1604
f 1337/2417/1337 1591/2920/1591 1349/2438/1349
f 593/992/593 2021/3814/2021 1667/3093/1667
f 1357/2455/1357 2422/4611/2422 2466/4684/2466
f 239/394/239 1535/2802/1535 1698/3160/1698
f 1998/3770/1998 2403/4574/2403 2063/3897/2063
f 1864/3500/1864 1931/3644/1931 1774/3319/1774
f 1452/2640/1452 1431/2602/1431 1171/2086/1171
f 1423/2582/1423 456/772/456 1819/3406/1819
f 104/173/104 1703/3167/1703 1496/2725/1496
f 1815/3399/1815 296/483/296 1213/2178/1213
f 1755/3276/1755 1178/2099/1178 1534/2798/1534
f 1117/1981/1117 1266/2279/1266 1816/3401/1816
f 323/530/323 2199/4174/2199 693/1173/693
f 2114/4005/2114 155/273/155 6/8/6
f 2379/4528/2379 922/1590/922 1251/2246/1251
f 20/28/20 1973/3726/1973 1624/2994/1624
f 1050/1857/1050 2163/4099/2163 1161/2071/1161
f 1161/2071/1161 2163/4099/2163 1048/1853/1048
f 217/362/217 658/1112/658 1615/2979/1615
f 1615/2978/1615 658/1114/658 1686/3129/1686
f 1624/2995/1624 1973/3724/1973 570/960/570
f 2293/4364/2293 2226/4232/2226 788/1335/788
f 1640/3030/1640 1655/3063/1655 1279/2302/1279
f 660/1116/660 1568/2866/1568 1750/3265/1750
f 1549/2831/1549 976/1701/976 1775/3321/1775
f 1755/3278/1755 1254/2252/1254 1580/2888/1580
f 1254/2254/1254 1273/2291/1273 1796/3363/1796
f 113/186/113 1974/3728/1974 1626/2999/1626
f 1446/2632/1446 1499/2729/1499 2030/3831/2030
f 2030/3831/2030 1499/2729/1499 871/1497/871
f 939/1624/939 2046/3857/2046 1299/2336/1299
f 2075/3919/2075 2122/4017/2122 2207/4190/2207
f 142/249/142 662/1118/662 641/1076/641
f 641/1076/641 662/1118/662 509/859/509
f 1198/2148/1198 1813/3390/1813 506/853/506
f 506/854/506 1813/3392/1813 1778/3327/1778
f 2108/3992/2108 1610/2968/1610 125/212/125
f 1592/2921/1592 582/974/582 1833/3434/1833
f 1552/2835/1552 683/1157/683 471/797/471
f 1305/2351/1305 1378/2492/1378 208/351/208
f 2386/4541/2386 2452/4663/2452 2186/4147/2186
f 2165/4104/2165 297/485/297 2415/4601/2415
f 978/1711/978 2292/4363/2292 781/1325/781
f 1226/2203/1226 400/684/400 363/603/363
f 2415/4601/2415 2173/4123/2173 2165/4104/2165
f 585/981/585 1841/3451/1841 436/744/436
f 1646/3042/1646 1683/3126/1683 1953/3689/1953
f 1638/3027/1638 1784/3341/1784 1831/3428/1831
f 2296/4373/2296 667/1127/667 958/1661/958
f 958/1661/958 667/1127/667 1952/3688/1952
f 1453/2642/1453 1171/2086/1171 1431/2602/1431
f 363/603/363 739/1256/739 1226/2203/1226
f 303/495/303 2349/4466/2349 646/1089/646
f 1867/3506/1867 849/1449/849 358/594/358
f 1348/2436/1348 1891/3557/1891 1338/2419/1338
f 1718/3200/1718 1512/2757/1512 1532/2794/1532
f 1600/2938/1600 1703/3167/1703 1836/3442/1836
f 1214/2179/1214 86/141/86 2097/3970/2097
f 89/147/89 2074/3918/2074 2403/4575/2403
f 2403/4575/2403 2074/3918/2074 59/92/59
f 587/983/587 1448/2635/1448 1384/2504/1384
f 2124/4021/2124 2134/4040/2134 956/1659/956
f 2327/4430/2327 1445/2630/1445 1441/2626/1441
f 1471/2672/1471 1139/2025/1139 1108/1964/1108
f 511/863/511 673/1139/673 1224/2200/1224
f 1224/2199/1224 673/1138/673 580/972/580
f 1707/3172/1707 1552/2835/1552 1719/3201/1719
f 1177/2098/1177 1217/2185/1217 1740/3244/1740
f 1740/3244/1740 1217/2185/1217 1057/1870/1057
f 118/201/118 2437/4639/2437 2060/3886/2060
f 1822/3409/1822 1809/3383/1809 272/441/272
f 55/85/55 675/1143/675 390/663/390
f 390/663/390 675/1143/675 2296/4373/2296
f 311/512/311 1351/2442/1351 1853/3479/1853
f 457/773/457 695/1175/695 2300/4381/2300
f 553/936/553 1711/3186/1711 1237/2221/1237
f 1312/2366/1312 963/1672/963 80/132/80
f 741/1259/741 2479/4702/2479 1012/1786/1012
f 1120/1987/1120 678/1151/678 365/608/365
f 365/608/365 678/1151/678 1690/3138/1690
f 853/1455/853 1145/2038/1145 780/1324/780
f 815/1378/815 888/1527/888 1282/2306/1282
f 2431/4629/2431 788/1335/788 2031/3834/2031
f 1322/2384/1322 1837/3443/1837 1507/2745/1507
f 1507/2748/1507 1837/3445/1837 1838/3447/1838
f 1519/2773/1519 1489/2709/1489 1938/3660/1938
f 206/349/206 359/596/359 1782/3339/1782
f 948/1642/948 2016/3805/2016 1852/3477/1852
f 2444/4652/2444 2341/4452/2341 757/1283/757
f 428/732/428 2262/4302/2262 418/715/418
f 408/699/408 599/1002/599 848/1446/848
f 771/1305/771 681/1154/681 659/1115/659
f 2117/4010/2117 2016/3800/2016 948/1644/948
f 659/1115/659 681/1154/681 355/588/355
f 1760/3290/1760 682/1155/682 1573/2873/1573
f 1573/2873/1573 682/1155/682 87/144/87
f 454/770/454 2229/4237/2229 1095/1934/1095
f 1796/3361/1796 1273/2292/1273 1718/3200/1718
f 1716/3197/1716 1737/3237/1737 1835/3440/1835
f 1412/2558/1412 1536/2803/1536 465/787/465
f 551/933/551 56/87/56 1561/2853/1561
f 2205/4187/2205 2443/4650/2443 2374/4518/2374
f 1689/3135/1689 371/620/371 1430/2601/1430
f 1989/3754/1989 1864/3500/1864 1221/2193/1221
f 1670/3097/1670 1361/2464/1361 177/306/177
f 1275/2294/1275 1960/3701/1960 1774/3320/1774
f 1761/3292/1761 1801/3371/1801 1361/2463/1361
f 219/365/219 1089/1924/1089 2405/4580/2405
f 1426/2592/1426 2081/3939/2081 1724/3213/1724
f 735/1249/735 896/1538/896 2456/4671/2456
f 1950/3684/1950 269/437/269 1803/3374/1803
f 1236/2219/1236 1177/2098/1177 1250/2245/1250
f 2035/3838/2035 840/1431/840 373/622/373
f 1844/3454/1844 1427/2595/1427 1758/3285/1758
f 1397/2527/1397 316/520/316 574/965/574
f 1251/2247/1251 507/856/507 1304/2350/1304
f 1173/2090/1173 1098/1943/1098 1246/2236/1246
f 1246/2236/1246 1098/1943/1098 1180/2103/1180
f 250/405/250 677/1149/677 687/1163/687
f 1733/3231/1733 1302/2344/1302 188/321/188
f 1244/2232/1244 688/1165/688 2271/4319/2271
f 2271/4319/2271 688/1165/688 406/695/406
f 764/1292/764 689/1166/689 1576/2880/1576
f 1763/3295/1763 1452/2641/1452 1554/2840/1554
f 1576/2881/1576 689/1167/689 1721/3207/1721
f 1474/2680/1474 1825/3417/1825 1969/3716/1969
f 668/1128/668 995/1741/995 429/735/429
f 1808/3382/1808 1547/2825/1547 1988/3753/1988
f 1474/2679/1474 2081/3935/2081 1398/2532/1398
f 1476/2682/1476 691/1169/691 1576/2881/1576
f 1576/2881/1576 691/1169/691 477/806/477
f 2030/3831/2030 1775/3322/1775 2029/3828/2029
f 2032/3835/2032 898/1541/898 1918/3619/1918
f 188/321/188 1314/2370/1314 1733/3231/1733
f 1030/1818/1030 2174/4124/2174 735/1250/735
f 2095/3968/2095 2342/4454/2342 1501/2733/1501
f 1826/3418/1826 2201/4177/2201 30/46/30
f 1149/2046/1149 2086/3945/2086 1869/3509/1869
f 1514/2761/1514 889/1528/889 1218/2187/1218
f 631/1057/631 2232/4241/2232 2005/3783/2005
f 1802/3372/1802 696/1176/696 1645/3040/1645
f 1562/2857/1562 2081/3938/2081 322/529/322
f 1432/2603/1432 125/212/125 1883/3543/1883
f 623/1044/623 621/1040/621 1303/2347/1303
f 2355/4474/2355 1598/2933/1598 452/768/452
f 1461/2653/1461 701/1185/701 1746/3257/1746
f 2410/4589/2410 2445/4653/2445 813/1372/813
f 1416/2570/1416 1900/3582/1900 1785/3342/1785
f 800/1351/800 2401/4570/2401 1327/2396/1327
f 1022/1802/1022 819/1384/819 454/770/454
f 798/1348/798 698/1178/698 1967/3714/1967
f 1967/3714/1967 698/1178/698 2116/4009/2116
f 1202/2159/1202 377/636/377 1024/1808/1024
f 1892/3561/1892 546/927/546 2193/4165/2193
f 426/729/426 1735/3235/1735 1774/3320/1774
f 498/842/498 1975/3729/1975 822/1390/822
f 1558/2847/1558 1151/2051/1151 2170/4118/2170
f 2170/4120/2170 1151/2052/1151 921/1585/921
f 1062/1879/1062 1585/2904/1585 1401/2536/1401
f 1866/3502/1866 2068/3907/2068 1716/3197/1716
f 1147/2043/1147 1688/3134/1688 1579/2885/1579
f 646/1089/646 2328/4431/2328 957/1660/957
f 2180/4135/2180 692/1171/692 1934/3650/1934
f 703/1188/703 577/968/577 1417/2572/1417
f 46/68/46 700/1181/700 1296/2329/1296
f 1296/2328/1296 700/1180/700 1126/1996/1126
f 200/338/200 2455/4668/2455 1022/1802/1022
f 608/1019/608 1835/3440/1835 1737/3237/1737
f 433/740/433 608/1019/608 1344/2427/1344
f 1868/3507/1868 1499/2729/1499 1419/2575/1419
f 1718/3199/1718 717/1215/717 860/1472/860
f 860/1472/860 717/1215/717 1154/2057/1154
f 2460/4676/2460 166/289/166 2251/4282/2251
f 2111/3999/2111 2055/3876/2055 1854/3482/1854
f 1428/2596/1428 1792/3355/1792 1495/2724/1495
f 1610/2968/1610 1883/3543/1883 125/212/125
f 928/1603/928 945/1635/945 1060/1876/1060
f 1034/1822/1034 1016/1794/1016 265/429/265
f 843/1436/843 1550/2832/1550 1603/2946/1603
f 1422/2580/1422 843/1436/843 1603/2946/1603
f 2383/4536/2383 862/1476/862 78/128/78
f 1685/3128/1685 1904/3588/1904 1834/3439/1834
f 1696/3157/1696 53/80/53 1401/2536/1401
f 1898/3578/1898 1298/2332/1298 326/537/326
f 1878/3533/1878 1503/2736/1503 2160/4093/2160
f 1580/2889/1580 1883/3542/1883 1754/3274/1754
f 1068/1888/1068 1067/1887/1067 760/1287/760
f 1672/3100/1672 484/815/484 436/744/436
f 685/1160/685 2300/4381/2300 451/767/451
f 620/1039/620 1158/2065/1158 2447/4656/2447
f 1580/2887/1580 1759/3286/1759 1850/3471/1850
f 273/444/273 786/1331/786 1418/2574/1418
f 1771/3315/1771 1873/3519/1873 1082/1907/1082
f 704/1189/704 1006/1773/1006 1072/1892/1072
f 248/403/248 862/1477/862 2383/4534/2383
f 1889/3554/1889 2003/3779/2003 319/525/319
f 560/947/560 647/1090/647 478/807/478
f 2003/3779/2003 53/80/53 2279/4335/2279
f 213/357/213 1435/2617/1435 1578/2884/1578
f 1252/2250/1252 506/852/506 888/1527/888
f 647/1090/647 560/947/560 2410/4590/2410
f 1138/2022/1138 1012/1786/1012 2479/4702/2479
f 584/979/584 1394/2523/1394 2391/4552/2391
f 1648/3045/1648 1813/3390/1813 1205/2163/1205
f 1867/3505/1867 1900/3582/1900 849/1448/849
f 1616/2981/1616 469/795/469 1863/3498/1863
f 1482/2695/1482 712/1202/712 1938/3659/1938
f 1938/3659/1938 712/1202/712 881/1516/881
f 1423/2582/1423 1819/3406/1819 484/815/484
f 1736/3236/1736 2273/4322/2273 1682/3122/1682
f 504/850/504 2279/4335/2279 2013/3796/2013
f 1488/2704/1488 1490/2710/1490 1643/3037/1643
f 1415/2566/1415 1573/2874/1573 1258/2263/1258
f 1442/2627/1442 1831/3428/1831 1714/3194/1714
f 1707/3172/1707 1452/2641/1452 1763/3295/1763
f 1154/2058/1154 1156/2061/1156 1193/2138/1193
f 1193/2138/1193 1156/2061/1156 1553/2838/1553
f 2288/4357/2288 274/445/274 1095/1934/1095
f 687/1164/687 677/1148/677 2230/4238/2230
f 1742/3247/1742 1904/3588/1904 1685/3128/1685
f 814/1375/814 190/325/190 203/344/203
f 1346/2431/1346 1575/2879/1575 766/1295/766
f 302/494/302 926/1601/926 540/919/540
f 428/732/428 418/715/418 540/919/540
f 1206/2164/1206 2312/4403/2312 852/1454/852
f 1745/3255/1745 1850/3471/1850 1427/2593/1427
f 1898/3574/1898 714/1206/714 2081/3938/2081
f 2081/3939/2081 714/1207/714 1398/2529/1398
f 1985/3748/1985 1987/3752/1987 2029/3829/2029
f 1326/2395/1326 1266/2280/1266 1404/2540/1404
f 863/1480/863 861/1475/861 2347/4464/2347
f 2347/4463/2347 861/1474/861 317/523/317
f 1958/3699/1958 932/1609/932 886/1524/886
f 988/1725/988 1304/2350/1304 2376/4522/2376
f 1884/3546/1884 2060/3887/2060 1404/2541/1404
f 876/1507/876 621/1041/621 395/676/395
f 226/373/226 2475/4697/2475 1414/2564/1414
f 1342/2425/1342 576/967/576 2457/4672/2457
f 1719/3201/1719 906/1560/906 1707/3172/1707
f 1745/3256/1745 1859/3493/1859 1720/3202/1720
f 2418/4604/2418 2079/3931/2079 2437/4640/2437
f 2012/3795/2012 1332/2405/1332 2463/4680/2463
f 1767/3304/1767 1583/2895/1583 8/11/8
f 944/1633/944 466/790/466 2308/4398/2308
f 1985/3749/1985 1063/1880/1063 1862/3496/1862
f 1311/2365/1311 321/527/321 92/153/92
f 1370/2481/1370 736/1253/736 197/333/197
f 1909/3599/1909 1457/2648/1457 1711/3186/1711
f 1604/2951/1604 668/1129/668 429/734/429
f 287/468/287 539/918/539 1024/1809/1024
f 1512/2758/1512 1534/2799/1534 1218/2186/1218
f 873/1501/873 2041/3850/2041 434/741/434
f 393/672/393 1228/2207/1228 2345/4460/2345
f 2114/4005/2114 1655/3063/1655 2294/4369/2294
f 814/1374/814 1184/2114/1184 1828/3420/1828
f 1815/3399/1815 874/1503/874 937/1617/937
f 79/130/79 1729/3224/1729 2136/4043/2136
f 1727/3221/1727 113/186/113 2013/3796/2013
f 498/842/498 1495/2723/1495 1975/3729/1975
f 1528/2789/1528 1064/1883/1064 897/1540/897
f 1405/2544/1405 582/975/582 2294/4369/2294
f 795/1343/795 2310/4401/2310 744/1262/744
f 2309/4399/2309 722/1226/722 2437/4640/2437
f 2437/4640/2437 722/1226/722 628/1053/628
f 1288/2316/1288 1136/2020/1136 1156/2061/1156
f 1605/2953/1605 1422/2580/1422 1493/2717/1493
f 1986/3750/1986 1899/3581/1899 1002/1765/1002
f 104/173/104 1496/2725/1496 1497/2726/1497
f 1064/1884/1064 2025/3821/2025 1167/2080/1167
f 625/1046/625 666/1125/666 621/1041/621
f 1167/2081/1167 2025/3822/2025 894/1535/894
f 362/599/362 1417/2571/1417 822/1390/822
f 1831/3428/1831 879/1513/879 1638/3027/1638
f 2368/4499/2368 2036/3840/2036 2293/4364/2293
f 2350/4467/2350 1342/2425/1342 1681/3121/1681
f 816/1381/816 1352/2444/1352 566/954/566
f 609/1021/609 861/1474/861 943/1632/943
f 769/1302/769 854/1458/854 1705/3169/1705
f 1980/3736/1980 2017/3808/2017 1059/1874/1059
f 576/967/576 2461/4677/2461 1338/2418/1338
f 366/609/366 2445/4654/2445 1107/1963/1107
f 1740/3244/1740 1805/3378/1805 1177/2098/1177
f 2097/3970/2097 469/795/469 1214/2179/1214
f 1420/2576/1420 679/1152/679 1076/1899/1076
f 2455/4668/2455 708/1194/708 2318/4413/2318
f 1170/2084/1170 733/1246/733 895/1536/895
f 895/1536/895 733/1246/733 961/1667/961
f 426/728/426 1774/3319/1774 1931/3644/1931
f 2474/4696/2474 2304/4390/2304 63/102/63
f 2026/3825/2026 763/1291/763 824/1393/824
f 2068/3906/2068 1836/3442/1836 1756/3279/1756
f 2334/4439/2334 639/1074/639 361/598/361
f 1563/2859/1563 736/1253/736 281/459/281
f 1564/2860/1564 736/1252/736 108/178/108
f 935/1613/935 1919/3620/1919 855/1460/855
f 1629/3002/1629 423/722/423 1792/3355/1792
f 1444/2629/1444 1442/2627/1442 545/925/545
f 1831/3428/1831 1443/2628/1443 1714/3194/1714
f 262/424/262 494/832/494 1497/2726/1497
f 2445/4654/2445 366/609/366 670/1135/670
f 1022/1802/1022 1097/1938/1097 819/1384/819
f 1743/3249/1743 1493/2717/1493 1603/2946/1603
f 266/430/266 973/1694/973 977/1705/977
f 1720/3206/1720 137/236/137 1850/3470/1850
f 265/429/265 255/414/255 1293/2323/1293
f 1293/2323/1293 255/414/255 807/1361/807
f 1742/3247/1742 1685/3128/1685 2038/3845/2038
f 1991/3756/1991 1477/2685/1477 40/58/40
f 1496/2725/1496 262/424/262 1497/2726/1497
f 436/744/436 1841/3451/1841 1779/3328/1779
f 1272/2290/1272 1423/2582/1423 1672/3100/1672
f 1418/2574/1418 786/1331/786 780/1323/780
f 735/1250/735 15/22/15 664/1122/664
f 2446/4655/2446 1187/2123/1187 515/873/515
f 2210/4195/2210 2490/4729/2490 43/62/43
f 774/1310/774 1704/3168/1704 456/772/456
f 778/1319/778 2438/4641/2438 2221/4221/2221
f 190/325/190 1445/2631/1445 210/354/210
f 567/956/567 1353/2446/1353 2490/4729/2490
f 1274/2293/1274 2097/3970/2097 86/141/86
f 1083/1911/1083 1814/3396/1814 892/1533/892
f 1461/2654/1461 1804/3376/1804 660/1116/660
f 963/1671/963 746/1265/746 356/589/356
f 356/591/356 746/1264/746 837/1422/837
f 2162/4098/2162 609/1020/609 828/1408/828
f 1370/2479/1370 383/648/383 4/5/4
f 2306/4394/2306 1247/2239/1247 1934/3650/1934
f 507/855/507 1251/2248/1251 2479/4702/2479
f 290/473/290 2268/4313/2268 1465/2663/1465
f 1252/2250/1252 815/1378/815 1795/3359/1795
f 2314/4405/2314 2159/4092/2159 56/87/56
f 1828/3421/1828 2188/4152/2188 704/1189/704
f 1465/2663/1465 1730/3226/1730 54/83/54
f 1626/2999/1626 341/566/341 504/850/504
f 2224/4228/2224 357/593/357 2444/4652/2444
f 1323/2388/1323 860/1472/860 1450/2637/1450
f 640/1075/640 596/997/596 459/775/459
f 467/792/467 302/494/302 643/1080/643
f 1950/3684/1950 595/996/595 953/1655/953
f 468/793/468 1465/2663/1465 54/83/54
f 2330/4433/2330 2329/4432/2329 917/1581/917
f 815/1378/815 1252/2250/1252 888/1527/888
f 1455/2646/1455 1668/3094/1668 494/833/494
f 1360/2462/1360 753/1278/753 98/163/98
f 1462/2655/1462 753/1279/753 1677/3112/1677
f 1430/2601/1430 371/620/371 1752/3272/1752
f 1743/3249/1743 1970/3717/1970 1798/3365/1798
f 782/1327/782 755/1281/755 140/242/140
f 527/894/527 755/1281/755 2096/3969/2096
f 2240/4257/2240 1387/2507/1387 911/1568/911
f 2442/4648/2442 211/355/211 1100/1950/1100
f 877/1508/877 1273/2292/1273 1254/2252/1254
f 107/176/107 1158/2065/1158 1390/2512/1390
f 558/944/558 876/1506/876 395/677/395
f 1445/2630/1445 129/221/129 892/1533/892
f 892/1533/892 129/221/129 1083/1911/1083
f 1949/3683/1949 1205/2163/1205 1384/2504/1384
f 439/747/439 608/1019/608 1933/3649/1933
f 1954/3691/1954 2024/3820/2024 1789/3351/1789
f 2127/4025/2127 2042/3851/2042 2354/4473/2354
f 2291/4362/2291 2120/4015/2120 790/1337/790
f 1422/2580/1422 1603/2946/1603 1493/2717/1493
f 1237/2221/1237 2392/4553/2392 1941/3671/1941
f 1228/2208/1228 1089/1924/1089 1118/1982/1118
f 47/72/47 1429/2597/1429 2150/4076/2150
f 1227/2206/1227 1321/2382/1321 1935/3653/1935
f 685/1160/685 2310/4401/2310 1894/3565/1894
f 1157/2064/1157 1194/2140/1194 959/1665/959
f 110/182/110 759/1286/759 531/900/531
f 531/900/531 759/1286/759 2195/4167/2195
f 1194/2139/1194 117/199/117 1017/1795/1017
f 2206/4189/2206 687/1164/687 1206/2164/1206
f 2135/4041/2135 1770/3313/1770 474/802/474
f 2120/4015/2120 894/1535/894 979/1712/979
f 846/1443/846 1683/3125/1683 886/1525/886
f 224/371/224 2185/4146/2185 216/360/216
f 917/1581/917 1058/1871/1058 1000/1761/1000
f 997/1750/997 1192/2136/1192 2217/4211/2217
f 1492/2716/1492 1752/3272/1752 371/620/371
f 1323/2388/1323 1047/1850/1047 860/1472/860
f 1604/2950/1604 1654/3059/1654 1038/1834/1038
f 1059/1873/1059 1165/2076/1165 2039/3846/2039
f 1478/2688/1478 764/1292/764 1576/2880/1576
f 1782/3339/1782 689/1166/689 206/349/206
f 899/1542/899 770/1303/770 585/981/585
f 2316/4408/2316 1180/2104/1180 1098/1941/1098
f 1025/1812/1025 994/1739/994 2228/4236/2228
f 1307/2355/1307 1044/1845/1044 1519/2775/1519
f 1930/3643/1930 1723/3211/1723 26/39/26
f 933/1611/933 1066/1886/1066 763/1291/763
f 1907/3592/1907 1302/2344/1302 160/283/160
f 2448/4657/2448 2328/4431/2328 1092/1929/1092
f 1447/2633/1447 423/722/423 1629/3002/1629
f 1637/3026/1637 2309/4400/2309 486/818/486
f 1488/2705/1488 1643/3036/1643 1628/3001/1628
f 1615/2979/1615 1331/2404/1331 172/299/172
f 2492/4736/2492 586/982/586 1226/2202/1226
f 172/299/172 486/817/486 1615/2979/1615
f 2173/4123/2173 2480/4703/2480 2288/4357/2288
f 920/1584/920 2235/4245/2235 2153/4083/2153
f 927/1602/927 2351/4469/2351 2451/4662/2451
f 615/1031/615 1821/3408/1821 1854/3482/1854
f 1977/3731/1977 855/1460/855 176/305/176
f 817/1382/817 767/1299/767 616/1033/616
f 616/1033/616 767/1299/767 2433/4634/2433
f 200/338/200 271/440/271 274/445/274
f 2039/3847/2039 975/1700/975 1033/1821/1033
f 1474/2680/1474 1300/2339/1300 1879/3534/1879
f 2108/3991/2108 2104/3986/2104 1433/2607/1433
f 1300/2339/1300 1398/2531/1398 1926/3638/1926
f 705/1190/705 874/1502/874 1345/2428/1345
f 1684/3127/1684 1987/3751/1987 1808/3382/1808
f 1300/2338/1300 1474/2678/1474 1398/2530/1398
f 1369/2478/1369 1788/3349/1788 1572/2870/1572
f 1956/3696/1956 768/1301/768 1378/2492/1378
f 1378/2492/1378 768/1301/768 91/152/91
f 326/538/326 305/497/305 1926/3637/1926
f 1059/1872/1059 2017/3806/2017 850/1450/850
f 1727/3221/1727 1696/3157/1696 2392/4553/2392
f 1438/2622/1438 653/1103/653 37/55/37
f 1388/2510/1388 2191/4163/2191 1869/3509/1869
f 1717/3198/1717 1669/3095/1669 1747/3258/1747
f 930/1605/930 1419/2575/1419 1499/2729/1499
f 664/1123/664 896/1537/896 735/1251/735
f 1869/3509/1869 2191/4163/2191 2197/4170/2197
f 450/765/450 1457/2648/1457 2079/3932/2079
f 645/1084/645 771/1305/771 654/1104/654
f 654/1104/654 771/1305/771 659/1115/659
f 1289/2317/1289 1945/3677/1945 1575/2879/1575
f 302/493/302 540/920/540 370/619/370
f 1806/3379/1806 1057/1867/1057 1804/3375/1804
f 2350/4468/2350 1744/3250/1744 131/223/131
f 973/1693/973 1494/2719/1494 29/45/29
f 1628/3001/1628 872/1500/872 1488/2705/1488
f 1021/1800/1021 1025/1812/1025 1050/1856/1050
f 984/1718/984 657/1111/657 2251/4282/2251
f 535/907/535 2231/4239/2231 797/1346/797
f 1064/1882/1064 1167/2081/1167 2011/3793/2011
f 2324/4423/2324 776/1314/776 923/1591/923
f 923/1592/923 776/1313/776 2363/4489/2363
f 1115/1975/1115 429/734/429 2208/4191/2208
f 28/42/28 458/774/458 936/1614/936
f 1820/3407/1820 1255/2257/1255 1236/2219/1236
f 1775/3321/1775 2030/3830/2030 871/1496/871
f 482/812/482 1226/2203/1226 1785/3343/1785
f 1284/2309/1284 1425/2585/1425 854/1458/854
f 1430/2600/1430 1817/3404/1817 906/1560/906
f 176/305/176 2023/3817/2023 1977/3731/1977
f 1527/2788/1527 1459/2651/1459 1599/2935/1599
f 428/732/428 1210/2171/1210 2262/4302/2262
f 1783/3340/1783 1324/2389/1324 1081/1905/1081
f 899/1542/899 834/1417/834 770/1303/770
f 1325/2392/1325 684/1158/684 1531/2793/1531
f 306/499/306 643/1079/643 633/1062/633
f 2476/4698/2476 1982/3742/1982 1144/2037/1144
f 1493/2717/1493 1743/3249/1743 1798/3365/1798
f 2322/4420/2322 784/1329/784 2158/4091/2158
f 2158/4091/2158 784/1329/784 960/1666/960
f 1277/2297/1277 1871/3512/1871 132/225/132
f 1759/3286/1759 1580/2887/1580 1254/2253/1254
f 1123/1992/1123 820/1387/820 1119/1983/1119
f 407/697/407 2102/3982/2102 449/764/449
f 1657/3070/1657 2063/3896/2063 2284/4350/2284
f 1792/3354/1792 423/723/423 1495/2723/1495
f 1143/2036/1143 1765/3301/1765 2281/4341/2281
f 2228/4236/2228 994/1739/994 2119/4014/2119
f 2256/4293/2256 786/1331/786 517/875/517
f 2028/3827/2028 855/1460/855 1919/3620/1919
f 40/58/40 1538/2809/1538 1991/3756/1991
f 1238/2222/1238 2357/4477/2357 2090/3953/2090
f 850/1451/850 2017/3807/2017 2065/3901/2065
f 1282/2307/1282 1780/3329/1780 589/987/589
f 831/1412/831 89/147/89 713/1204/713
f 1955/3694/1955 1981/3738/1981 947/1639/947
f 1069/1889/1069 1068/1888/1068 760/1287/760
f 1863/3498/1863 1280/2304/1280 1617/2982/1617
f 1797/3364/1797 1191/2130/1191 1013/1787/1013
f 1961/3703/1961 1742/3248/1742 1602/2944/1602
f 1254/2255/1254 1755/3277/1755 877/1509/877
f 428/732/428 926/1601/926 1210/2171/1210
f 1718/3200/1718 1532/2794/1532 717/1213/717
f 1780/3330/1780 1631/3007/1631 1605/2954/1605
f 888/1527/888 1631/3007/1631 1282/2306/1282
f 255/414/255 1016/1794/1016 29/44/29
f 1630/3006/1630 2218/4214/2218 1662/3084/1662
f 1725/3219/1725 1299/2337/1299 2218/4215/2218
f 2006/3786/2006 1292/2322/1292 620/1039/620
f 841/1433/841 1287/2315/1287 1689/3136/1689
f 938/1619/938 1178/2099/1178 1433/2606/1433
f 1218/2187/1218 1534/2800/1534 1514/2761/1514
f 2218/4215/2218 1299/2337/1299 1662/3083/1662
f 2023/3817/2023 1954/3692/1954 1953/3690/1953
f 13/19/13 802/1354/802 2207/4190/2207
f 2207/4190/2207 802/1354/802 629/1055/629
f 2193/4165/2193 777/1315/777 1892/3561/1892
f 1804/3376/1804 1571/2869/1571 660/1116/660
f 874/1503/874 1815/3399/1815 1213/2178/1213
f 893/1534/893 1164/2074/1164 2119/4014/2119
f 1729/3224/1729 2033/3836/2033 1700/3162/1700
f 238/393/238 453/769/453 2336/4442/2336
f 1931/3645/1931 692/1170/692 2180/4136/2180
f 639/1074/639 1502/2734/1502 1506/2744/1506
f 871/1495/871 1499/2728/1499 1993/3758/1993
f 1992/3757/1992 1526/2786/1526 1533/2797/1533
f 703/1188/703 362/601/362 1490/2711/1490
f 1859/3493/1859 1745/3256/1745 1240/2224/1240
f 2160/4094/2160 1581/2890/1581 1800/3370/1800
f 1837/3445/1837 663/1120/663 1838/3447/1838
f 1611/2970/1611 1519/2776/1519 1609/2964/1609
f 1867/3504/1867 692/1170/692 1931/3645/1931
f 770/1303/770 1632/3008/1632 847/1444/847
f 670/1135/670 813/1373/813 2445/4654/2445
f 2016/3804/2016 2015/3798/2015 1852/3478/1852
f 863/1479/863 370/618/370 558/945/558
f 1712/3188/1712 1286/2314/1286 501/846/501
f 891/1531/891 1514/2761/1514 1219/2189/1219
f 1738/3242/1738 1615/2978/1615 1686/3129/1686
f 118/200/118 1686/3129/1686 658/1114/658
f 936/1614/936 458/774/458 2041/3850/2041
f 773/1309/773 1599/2934/1599 1746/3257/1746
f 319/525/319 2279/4335/2279 1582/2894/1582
f 1882/3541/1882 1117/1981/1117 2076/3924/2076
f 1054/1863/1054 1980/3735/1980 1203/2161/1203
f 917/1581/917 1000/1761/1000 2330/4433/2330
f 433/740/433 1344/2427/1344 930/1605/930
f 2339/4449/2339 817/1382/817 632/1059/632
f 767/1299/767 817/1382/817 2497/4749/2497
f 1801/3371/1801 1761/3292/1761 417/713/417
f 1868/3507/1868 1419/2575/1419 1384/2504/1384
f 1384/2504/1384 1419/2575/1419 1949/3683/1949
f 1981/3739/1981 1955/3695/1955 1063/1881/1063
f 543/923/543 463/783/463 550/932/550
f 2234/4244/2234 2106/3988/2106 1070/1890/1070
f 1347/2434/1347 1323/2387/1323 1450/2638/1450
f 575/966/575 821/1389/821 1673/3102/1673
f 701/1185/701 777/1315/777 2193/4165/2193
f 1673/3102/1673 821/1389/821 360/597/360
f 535/907/535 1290/2318/1290 754/1280/754
f 1415/2568/1415 1258/2264/1258 2346/4461/2346
f 484/815/484 585/981/585 436/744/436
f 1208/2168/1208 1787/3347/1787 1255/2256/1255
f 995/1741/995 668/1128/668 1688/3134/1688
f 685/1160/685 1894/3565/1894 2290/4361/2290
f 2043/3852/2043 269/437/269 1950/3684/1950
f 1054/1863/1054 1666/3091/1666 1980/3735/1980
f 1955/3695/1955 1978/3732/1978 846/1443/846
f 1200/2154/1200 1425/2589/1425 1471/2672/1471
f 295/481/295 1899/3581/1899 1986/3750/1986
f 1446/2632/1446 2029/3828/2029 433/740/433
f 2039/3847/2039 812/1370/812 975/1700/975
f 1115/1975/1115 2162/4098/2162 429/734/429
f 1382/2499/1382 112/185/112 1678/3116/1678
f 589/987/589 1780/3329/1780 1844/3454/1844
f 1804/3376/1804 1057/1868/1057 1571/2869/1571
f 2024/3819/2024 1954/3692/1954 756/1282/756
f 1191/2130/1191 1136/2020/1136 1013/1787/1013
f 908/1564/908 327/539/327 419/716/419
f 1553/2836/1553 2225/4231/2225 1017/1795/1017
f 874/1503/874 1213/2178/1213 613/1026/613
f 1214/2179/1214 866/1486/866 296/483/296
f 296/483/296 866/1486/866 1213/2178/1213
f 426/728/426 1931/3644/1931 1491/2712/1491
f 1819/3406/1819 1704/3168/1704 1965/3712/1965
f 976/1703/976 1983/3744/1983 975/1700/975
f 690/1168/690 403/688/403 1664/3086/1664
f 887/1526/887 774/1310/774 1289/2317/1289
f 1936/3654/1936 837/1421/837 746/1265/746
f 326/538/326 594/994/594 305/497/305
f 1403/2539/1403 1404/2541/1404 1909/3600/1909
f 1904/3588/1904 1742/3247/1742 1810/3384/1810
f 1155/2060/1155 2022/3815/2022 141/243/141
f 1599/2934/1599 1461/2653/1461 1746/3257/1746
f 2033/3836/2033 1570/2868/1570 1700/3162/1700
f 1081/1905/1081 1324/2389/1324 1431/2602/1431
f 860/1472/860 1551/2834/1551 1450/2637/1450
f 1552/2835/1552 1798/3365/1798 683/1157/683
f 894/1535/894 981/1714/981 2051/3867/2051
f 1230/2211/1230 1858/3492/1858 400/684/400
f 262/423/262 1455/2646/1455 494/833/494
f 1778/3327/1778 1757/3282/1757 494/832/494
f 2303/4388/2303 2184/4143/2184 1875/3525/1875
f 1086/1916/1086 832/1414/832 1084/1912/1084
f 1084/1912/1084 832/1414/832 2266/4310/2266
f 1394/2522/1394 1671/3098/1671 1762/3294/1762
f 1806/3380/1806 1488/2706/1488 872/1498/872
f 1431/2602/1431 503/849/503 1453/2642/1453
f 1038/1833/1038 1654/3061/1654 2171/4121/2171
f 1419/2575/1419 930/1605/930 1344/2427/1344
f 210/354/210 1445/2631/1445 892/1532/892
f 890/1530/890 1650/3051/1650 1284/2310/1284
f 2482/4706/2482 2113/4002/2113 1943/3675/1943
f 1212/2176/1212 2092/3955/2092 1947/3681/1947
f 1570/2868/1570 1858/3491/1858 1830/3427/1830
f 1139/2024/1139 1650/3050/1650 1227/2205/1227
f 442/752/442 836/1419/836 731/1244/731
f 731/1244/731 836/1419/836 106/175/106
f 1091/1927/1091 845/1441/845 1936/3654/1936
f 1936/3654/1936 845/1441/845 1872/3515/1872
f 1975/3729/1975 1934/3650/1934 692/1171/692
f 853/1456/853 115/193/115 59/92/59
f 1502/2734/1502 2021/3814/2021 593/992/593
f 1012/1786/1012 2331/4434/2331 2258/4295/2258
f 796/1345/796 2401/4570/2401 1516/2765/1516
f 1201/2157/1201 2282/4346/2282 2402/4571/2402
f 303/495/303 499/843/499 314/517/314
f 165/288/165 1097/1940/1097 2352/4470/2352
f 1165/2075/1165 1647/3044/1647 2039/3847/2039
f 2039/3847/2039 1647/3044/1647 812/1370/812
f 1868/3507/1868 1384/2504/1384 903/1552/903
f 2282/4346/2282 1201/2157/1201 148/260/148
f 1822/3409/1822 1456/2647/1456 1275/2294/1275
f 1834/3439/1834 1739/3243/1739 1685/3128/1685
f 744/1262/744 216/360/216 1500/2730/1500
f 1156/2061/1156 2225/4229/2225 1553/2838/1553
f 1693/3149/1693 1999/3773/1999 1764/3298/1764
f 334/552/334 1796/3362/1796 1472/2674/1472
f 861/1473/861 863/1478/863 2261/4301/2261
f 1999/3773/1999 1661/3081/1661 1764/3298/1764
f 738/1255/738 846/1443/846 1977/3731/1977
f 1422/2581/1422 506/854/506 1778/3327/1778
f 301/492/301 2419/4605/2419 2181/4138/2181
f 1764/3297/1764 1661/3080/1661 348/573/348
f 1818/3405/1818 1948/3682/1948 1915/3615/1915
f 760/1287/760 2066/3902/2066 60/93/60
f 1818/3405/1818 1915/3615/1915 1039/1836/1039
f 1250/2245/1250 1177/2098/1177 1153/2056/1153
f 519/880/519 342/567/342 563/951/563
f 271/440/271 454/770/454 1095/1934/1095
f 1715/3196/1715 1601/2940/1601 2419/4605/2419
f 490/825/490 2214/4204/2214 2500/4756/2500
f 676/1147/676 858/1468/858 2266/4309/2266
f 706/1192/706 162/285/162 834/1417/834
f 1218/2188/1218 1532/2794/1532 1512/2757/1512
f 1799/3367/1799 2160/4095/2160 1800/3369/1800
f 1444/2629/1444 1667/3093/1667 1619/2986/1619
f 620/1039/620 2447/4656/2447 2006/3786/2006
f 2247/4274/2247 1017/1795/1017 117/199/117
f 1707/3172/1707 906/1560/906 1320/2379/1320
f 1865/3501/1865 2038/3845/2038 1739/3243/1739
f 903/1552/903 854/1459/854 680/1153/680
f 1059/1874/1059 1865/3501/1865 1834/3439/1834
f 1810/3384/1810 1742/3247/1742 769/1302/769
f 1321/2381/1321 1650/3049/1650 890/1529/890
f 544/924/544 1316/2372/1316 1719/3201/1719
f 899/1542/899 1839/3448/1839 1449/2636/1449
f 1417/2572/1417 362/601/362 703/1188/703
f 1807/3381/1807 1221/2193/1221 2492/4735/2492
f 1470/2671/1470 1442/2627/1442 1886/3549/1886
f 679/1152/679 1667/3093/1667 1444/2629/1444
f 2405/4580/2405 2285/4353/2285 670/1135/670
f 1351/2442/1351 1639/3028/1639 1432/2604/1432
f 752/1277/752 1430/2600/1430 906/1560/906
f 868/1489/868 835/1418/835 666/1125/666
f 1965/3712/1965 1096/1936/1096 588/985/588
f 294/478/294 926/1600/926 467/791/467
f 2077/3927/2077 2307/4396/2307 1435/2615/1435
f 1352/2444/1352 2416/4602/2416 566/954/566
f 566/954/566 2416/4602/2416 882/1518/882
f 1546/2823/1546 1528/2789/1528 897/1540/897
f 1425/2587/1425 1285/2311/1285 854/1457/854
f 1471/2672/1471 900/1543/900 970/1689/970
f 1690/3138/1690 1220/2192/1220 2370/4506/2370
f 1301/2341/1301 807/1362/807 1083/1909/1083
f 1839/3448/1839 899/1542/899 585/981/585
f 143/250/143 35/53/35 377/637/377
f 2282/4343/2282 1278/2299/1278 496/836/496
f 8/12/8 1142/2034/1142 1767/3305/1767
f 1053/1862/1053 944/1633/944 994/1739/994
f 1507/2747/1507 1472/2675/1472 1322/2386/1322
f 499/843/499 1020/1798/1020 314/517/314
f 1309/2359/1309 1237/2221/1237 450/765/450
f 1324/2390/1324 488/821/488 1697/3159/1697
f 2037/3841/2037 1166/2079/1166 1413/2562/1413
f 1022/1801/1022 2352/4471/2352 1097/1939/1097
f 805/1359/805 850/1452/850 1951/3686/1951
f 2394/4558/2394 2300/4381/2300 695/1175/695
f 1270/2288/1270 1393/2517/1393 1362/2465/1362
f 1947/3681/1947 522/883/522 1627/3000/1627
f 1116/1977/1116 2321/4419/2321 958/1661/958
f 2126/4024/2126 344/569/344 642/1078/642
f 1116/1978/1116 511/863/511 2321/4418/2321
f 1240/2225/1240 1745/3254/1745 1427/2594/1427
f 1113/1971/1113 1052/1859/1052 902/1551/902
f 1823/3412/1823 812/1371/812 1981/3738/1981
f 1113/1971/1113 2338/4446/2338 1052/1859/1052
f 1278/2300/1278 1967/3714/1967 475/803/475
f 890/1530/890 1284/2310/1284 1794/3357/1794
f 859/1471/859 690/1168/690 415/710/415
f 1789/3350/1789 2024/3818/2024 983/1717/983
f 1549/2831/1549 1775/3321/1775 871/1496/871
f 2051/3868/2051 2103/3984/2103 2052/3869/2052
f 797/1346/797 166/289/166 1290/2318/1290
f 1824/3414/1824 1877/3530/1877 1188/2124/1188
f 1958/3699/1958 1701/3163/1701 272/442/272
f 970/1689/970 900/1543/900 1231/2212/1231
f 317/523/317 861/1474/861 609/1021/609
f 2208/4191/2208 429/734/429 995/1740/995
f 2072/3914/2072 1196/2143/1196 1249/2244/1249
f 547/928/547 1384/2504/1384 1205/2163/1205
f 2116/4009/2116 961/1667/961 733/1246/733
f 295/482/295 1701/3164/1701 1646/3043/1646
f 271/440/271 1095/1934/1095 274/445/274
f 1806/3379/1806 1490/2711/1490 1488/2707/1488
f 1482/2693/1482 1537/2806/1537 2062/3895/2062
f 2305/4392/2305 1196/2144/1196 1018/1796/1018
f 450/765/450 1237/2221/1237 1457/2648/1457
f 1617/2982/1617 2248/4276/2248 924/1595/924
f 1442/2627/1442 1444/2629/1444 1886/3549/1886
f 1718/3200/1718 1047/1849/1047 1796/3361/1796
f 2025/3822/2025 1951/3687/1951 894/1535/894
f 1719/3201/1719 1316/2372/1316 554/938/554
f 1303/2346/1303 762/1290/762 2259/4297/2259
f 1502/2734/1502 593/992/593 1272/2290/1272
f 1938/3658/1938 881/1515/881 895/1536/895
f 895/1536/895 881/1515/881 941/1630/941
f 891/1531/891 1013/1787/1013 889/1528/889
f 1971/3719/1971 2077/3925/2077 1435/2614/1435
f 1033/1821/1033 1983/3744/1983 2038/3845/2038
f 750/1272/750 1352/2443/1352 816/1380/816
f 1272/2290/1272 593/992/593 1423/2582/1423
f 1026/1813/1026 1203/2161/1203 808/1364/808
f 1063/1881/1063 1823/3410/1823 1981/3739/1981
f 2370/4505/2370 1220/2191/1220 1691/3139/1691
f 2401/4570/2401 800/1351/800 1104/1958/1104
f 1104/1958/1104 800/1351/800 1771/3315/1771
f 934/1612/934 758/1285/758 933/1611/933
f 1639/3028/1639 1351/2442/1351 1515/2762/1515
f 1706/3171/1706 1777/3324/1777 1139/2026/1139
f 2370/4505/2370 1691/3139/1691 1513/2759/1513
f 318/524/318 1382/2500/1382 524/888/524
f 115/193/115 853/1456/853 780/1323/780
f 2088/3948/2088 1781/3331/1781 1036/1830/1036
f 1082/1907/1082 1800/3368/1800 1581/2891/1581
f 2290/4361/2290 15/22/15 2174/4124/2174
f 1413/2563/1413 1192/2136/1192 997/1750/997
f 2180/4136/2180 1491/2713/1491 1931/3645/1931
f 334/554/334 589/987/589 1758/3285/1758
f 1247/2239/1247 2306/4394/2306 423/723/423
f 1413/2563/1413 997/1750/997 1875/3524/1875
f 125/210/125 1432/2604/1432 1639/3028/1639
f 797/1346/797 1290/2318/1290 535/907/535
f 2068/3907/2068 1866/3502/1866 1491/2714/1491
f 1887/3551/1887 1941/3671/1941 1766/3303/1766
f 1773/3318/1773 1642/3035/1642 602/1008/602
f 1516/2765/1516 1968/3715/1968 1906/3591/1906
f 1823/3410/1823 1924/3629/1924 975/1700/975
f 1881/3539/1881 2157/4090/2157 1587/2908/1587
f 1808/3382/1808 1985/3747/1985 1547/2825/1547
f 1204/2162/1204 883/1519/883 808/1364/808
f 1602/2943/1602 1549/2831/1549 871/1496/871
f 893/1534/893 883/1519/883 1204/2162/1204
f 1028/1816/1028 1026/1813/1026 2329/4432/2329
f 2139/4048/2139 1943/3675/1943 811/1369/811
f 1763/3295/1763 1769/3310/1769 1552/2835/1552
f 2062/3895/2062 2115/4007/2115 941/1630/941
f 1117/1979/1117 2060/3887/2060 1884/3546/1884
f 602/1008/602 1221/2194/1221 732/1245/732
f 211/355/211 2442/4648/2442 320/526/320
f 1325/2392/1325 1551/2833/1551 1193/2138/1193
f 1884/3547/1884 1404/2540/1404 1266/2280/1266
f 1472/2673/1472 1047/1850/1047 1347/2433/1347
f 2291/4362/2291 790/1337/790 1000/1761/1000
f 594/993/594 1973/3725/1973 305/498/305
f 1512/2757/1512 1273/2292/1273 877/1508/877
f 2134/4040/2134 2057/3880/2057 214/358/214
f 2022/3815/2022 2213/4202/2213 171/296/171
f 1815/3399/1815 830/1411/830 476/804/476
f 2181/4138/2181 1443/2628/1443 416/712/416
f 1384/2504/1384 1793/3356/1793 903/1552/903
f 2086/3945/2086 743/1261/743 58/90/58
f 970/1688/970 1705/3169/1705 1285/2312/1285
f 1447/2633/1447 1455/2646/1455 1247/2238/1247
f 1164/2074/1164 1140/2027/1140 970/1689/970
f 684/1159/684 2287/4355/2287 1777/3325/1777
f 808/1364/808 917/1581/917 2329/4432/2329
f 1706/3171/1706 1139/2026/1139 1450/2637/1450
f 2379/4528/2379 1251/2246/1251 1304/2349/1304
f 808/1364/808 883/1519/883 944/1633/944
f 2287/4356/2287 2082/3940/2082 1163/2073/1163
f 1926/3638/1926 1398/2531/1398 714/1205/714
f 466/790/466 944/1633/944 1053/1862/1053
f 2427/4623/2427 279/456/279 1832/3431/1832
f 2317/4411/2317 2278/4334/2278 2320/4416/2320
f 2317/4411/2317 2335/4441/2335 2278/4334/2278
f 1024/1810/1024 2149/4074/2149 1202/2158/1202
f 408/698/408 1024/1810/1024 377/637/377
f 1232/2213/1232 2173/4123/2173 1051/1858/1051
f 1199/2152/1199 1160/2068/1160 2213/4203/2213
f 1169/2083/1169 1099/1945/1099 1037/1832/1037
f 288/470/288 1931/3644/1931 1989/3754/1989
f 1099/1944/1099 1765/3299/1765 1037/1831/1037
f 2184/4144/2184 1035/1827/1035 1875/3524/1875
f 65/104/65 880/1514/880 1920/3623/1920
f 1227/2204/1227 1347/2434/1347 1450/2638/1450
f 1875/3524/1875 1035/1827/1035 2117/4011/2117
f 2056/3877/2056 28/41/28 1004/1769/1004
f 398/681/398 1127/2001/1127 112/185/112
f 657/1111/657 2212/4199/2212 28/43/28
f 2/2/2 2354/4473/2354 2041/3850/2041
f 120/203/120 936/1614/936 2041/3850/2041
f 1939/3665/1939 1687/3132/1687 1782/3333/1782
f 318/524/318 657/1111/657 984/1718/984
f 719/1221/719 1127/2001/1127 447/762/447
f 1615/2979/1615 1693/3152/1693 634/1065/634
f 1062/1878/1062 1771/3314/1771 1082/1908/1082
f 2297/4375/2297 2278/4334/2278 1027/1815/1027
f 2251/4282/2251 166/289/166 984/1718/984
f 968/1684/968 331/545/331 2110/3997/2110
f 754/1280/754 2190/4160/2190 535/907/535
f 166/289/166 1381/2498/1381 2430/4628/2430
f 2297/4375/2297 1269/2286/1269 1185/2118/1185
f 967/1683/967 2234/4244/2234 920/1584/920
f 485/816/485 2332/4435/2332 1381/2498/1381
f 181/311/181 331/545/331 485/816/485
f 2298/4377/2298 1269/2286/1269 2297/4375/2297
f 1290/2318/1290 166/289/166 754/1280/754
f 485/816/485 563/951/563 342/567/342
f 1020/1798/1020 927/1602/927 2172/4122/2172
f 704/1189/704 1441/2626/1441 792/1340/792
f 186/319/186 181/311/181 483/814/483
f 1764/3297/1764 1761/3292/1761 1331/2404/1331
f 1759/3286/1759 334/555/334 1758/3284/1758
f 189/322/189 1699/3161/1699 343/568/343
f 982/1715/982 650/1098/650 2353/4472/2353
f 610/1022/610 650/1098/650 982/1715/982
f 2185/4146/2185 342/567/342 2121/4016/2121
f 1567/2865/1567 1627/3000/1627 2019/3812/2019
f 1374/2487/1374 761/1288/761 2396/4563/2396
f 2128/4027/2128 2496/4747/2496 1952/3688/1952
f 2294/4368/2294 444/757/444 209/352/209
f 265/429/265 1293/2323/1293 1032/1820/1032
f 209/352/209 1832/3429/1832 2294/4368/2294
f 892/1533/892 2463/4680/2463 1359/2460/1359
f 1429/2598/1429 2001/3777/2001 1676/3107/1676
f 1494/2721/1494 261/422/261 2012/3795/2012
f 252/411/252 1601/2940/1601 1903/3587/1903
f 1480/2690/1480 1557/2844/1557 1332/2405/1332
f 2174/4124/2174 15/22/15 735/1250/735
f 250/405/250 945/1634/945 1097/1940/1097
f 1332/2405/1332 261/422/261 1137/2021/1137
f 448/763/448 1085/1913/1085 2317/4410/2317
f 928/1603/928 1056/1866/1056 454/770/454
f 2317/4411/2317 1085/1915/1085 2335/4441/2335
f 27/40/27 449/764/449 596/997/596
f 596/997/596 457/773/457 27/40/27
f 466/790/466 2229/4237/2229 2308/4398/2308
f 1352/2443/1352 750/1272/750 924/1595/924
f 1426/2590/1426 1260/2269/1260 373/626/373
f 459/775/459 514/872/514 640/1075/640
f 1346/2431/1346 1096/1936/1096 1965/3712/1965
f 581/973/581 2351/4469/2351 1234/2217/1234
f 1080/1904/1080 622/1042/622 2386/4541/2386
f 2098/3972/2098 590/988/590 510/862/510
f 630/1056/630 2465/4682/2465 801/1352/801
f 319/525/319 2003/3779/2003 2279/4335/2279
f 810/1368/810 801/1352/801 2465/4682/2465
f 287/469/287 794/1342/794 927/1602/927
f 296/483/296 86/141/86 1214/2179/1214
f 296/483/296 652/1102/652 86/141/86
f 510/861/510 838/1424/838 2098/3971/2098
f 1815/3399/1815 937/1617/937 830/1411/830
f 2062/3892/2062 1099/1947/1099 2099/3976/2099
f 793/1341/793 306/500/306 598/1000/598
f 297/485/297 2161/4096/2161 2415/4601/2415
f 1099/1946/1099 2062/3894/2062 909/1565/909
f 418/715/418 1202/2158/1202 2149/4074/2149
f 1345/2429/1345 995/1741/995 705/1191/705
f 926/1601/926 283/462/283 540/919/540
f 1159/2066/1159 2347/4463/2347 317/523/317
f 1115/1976/1115 317/523/317 2162/4097/2162
f 558/943/558 2261/4301/2261 863/1478/863
f 720/1224/720 925/1599/925 1911/3608/1911
f 429/733/429 828/1407/828 1604/2948/1604
f 925/1599/925 720/1224/720 1812/3388/1812
f 621/1040/621 623/1044/623 395/677/395
f 2412/4593/2412 623/1043/623 904/1555/904
f 1053/1862/1053 1051/1858/1051 466/790/466
f 1500/2730/1500 1781/3331/1781 971/1690/971
f 1892/3560/1892 1753/3273/1753 546/926/546
f 2379/4528/2379 2411/4592/2411 762/1290/762
f 2064/3900/2064 1995/3763/1995 991/1731/991
f 1995/3763/1995 2064/3900/2064 1878/3531/1878
f 1089/1924/1089 2074/3918/2074 1118/1982/1118
f 2376/4522/2376 1304/2350/1304 446/760/446
f 2063/3897/2063 1503/2738/1503 1998/3770/1998
f 2258/4295/2258 1225/2201/1225 2192/4164/2192
f 951/1653/951 1388/2510/1388 1150/2049/1150
f 1940/3667/1940 1326/2395/1326 1404/2540/1404
f 1940/3666/1940 2063/3896/2063 1326/2394/1326
f 964/1678/964 1391/2513/1391 1937/3657/1937
f 1264/2275/1264 353/585/353 965/1680/965
f 2438/4641/2438 219/365/219 2405/4580/2405
f 963/1672/963 356/591/356 512/867/512
f 1117/1981/1117 1882/3541/1882 1738/3239/1738
f 778/1319/778 219/365/219 2438/4641/2438
f 82/135/82 251/409/251 48/74/48
f 2184/4145/2184 2303/4389/2303 838/1426/838
f 2303/4389/2303 962/1670/962 838/1426/838
f 733/1246/733 1170/2084/1170 2116/4009/2116
f 1122/1991/1122 2296/4373/2296 958/1661/958
f 89/147/89 831/1412/831 2204/4185/2204
f 603/1009/603 2061/3890/2061 505/851/505
f 48/74/48 603/1009/603 505/851/505
f 1035/1824/1035 2016/3801/2016 2117/4012/2117
f 357/592/357 2222/4222/2222 422/720/422
f 48/74/48 1045/1846/1045 636/1069/636
f 962/1670/962 2098/3973/2098 838/1426/838
f 365/607/365 1871/3513/1871 2499/4753/2499
f 1120/1987/1120 365/608/365 2499/4754/2499
f 912/1570/912 748/1267/748 2098/3973/2098
f 369/615/369 497/840/497 244/399/244
f 148/260/148 1023/1805/1023 2282/4346/2282
f 656/1110/656 2061/3890/2061 636/1069/636
f 912/1569/912 1075/1897/1075 748/1268/748
f 912/1569/912 2098/3972/2098 1074/1895/1074
f 606/1017/606 1075/1897/1075 497/839/497
f 497/839/497 369/617/369 606/1017/606
f 349/575/349 384/650/384 636/1069/636
f 204/345/204 742/1260/742 671/1136/671
f 590/988/590 671/1136/671 742/1260/742
f 607/1018/607 632/1060/632 1126/1998/1126
f 654/1105/654 2369/4500/2369 645/1087/645
f 2245/4269/2245 526/892/526 2325/4426/2325
f 526/892/526 2364/4491/2364 2325/4426/2325
f 1152/2053/1152 2365/4492/2365 386/656/386
f 2205/4186/2205 541/921/541 2326/4429/2326
f 1009/1781/1009 2297/4375/2297 374/633/374
f 106/175/106 180/310/180 731/1244/731
f 731/1244/731 378/639/378 571/961/571
f 463/783/463 543/923/543 372/621/372
f 644/1082/644 312/515/312 2495/4745/2495
f 378/639/378 726/1233/726 571/961/571
f 378/639/378 2047/3860/2047 726/1233/726
f 901/1544/901 2200/4176/2200 508/857/508
f 508/857/508 597/999/597 901/1544/901
f 2277/4332/2277 782/1327/782 381/644/381
f 315/518/315 782/1327/782 2277/4332/2277
f 380/643/380 2200/4176/2200 901/1544/901
f 2047/3860/2047 380/643/380 267/432/267
f 168/291/168 381/644/381 990/1729/990
f 140/242/140 381/644/381 782/1327/782
f 1246/2237/1246 2293/4365/2293 1173/2092/1173
f 279/455/279 2427/4621/2427 2495/4741/2495
f 286/467/286 821/1389/821 575/966/575
f 479/809/479 2344/4457/2344 1224/2199/1224
f 1224/2199/1224 1055/1865/1055 479/809/479
f 2344/4458/2344 267/432/267 380/643/380
f 2164/4101/2164 827/1403/827 385/651/385
f 461/779/461 1319/2376/1319 1424/2583/1424
f 909/1566/909 2062/3891/2062 1882/3541/1882
f 1835/3440/1835 433/740/433 1684/3127/1684
f 275/446/275 675/1142/675 2167/4111/2167
f 433/740/433 1987/3751/1987 1684/3127/1684
f 178/308/178 2096/3969/2096 575/966/575
f 575/966/575 1673/3102/1673 178/308/178
f 1405/2542/1405 2294/4370/2294 728/1237/728
f 580/972/580 1055/1865/1055 1224/2199/1224
f 925/1598/925 1413/2562/1413 1166/2079/1166
f 1630/3005/1630 952/1654/952 2044/3854/2044
f 651/1100/651 952/1654/952 1630/3005/1630
f 787/1334/787 62/99/62 1407/2547/1407
f 787/1333/787 1052/1860/1052 62/98/62
f 982/1715/982 212/356/212 2312/4403/2312
f 537/911/537 787/1334/787 1407/2547/1407
f 207/350/207 787/1334/787 537/911/537
f 2241/4260/2241 2034/3837/2034 2194/4166/2194
f 1388/2510/1388 951/1653/951 905/1558/905
f 537/911/537 955/1658/955 207/350/207
f 94/155/94 2377/4524/2377 955/1658/955
f 351/581/351 667/1127/667 2296/4373/2296
f 1388/2510/1388 905/1558/905 2191/4163/2191
f 511/863/511 392/666/392 1674/3103/1674
f 1116/1978/1116 392/666/392 511/863/511
f 268/434/268 2369/4501/2369 369/614/369
f 2358/4479/2358 2399/4568/2399 2315/4407/2315
f 1380/2496/1380 1485/2700/1485 1383/2503/1383
f 2361/4484/2361 1383/2502/1383 1485/2699/1485
f 2227/4235/2227 2093/3958/2093 95/157/95
f 669/1133/669 1942/3673/1942 2191/4162/2191
f 65/104/65 524/888/524 880/1514/880
f 826/1398/826 1023/1804/1023 999/1756/999
f 2394/4558/2394 451/767/451 2300/4381/2300
f 191/326/191 2041/3850/2041 2354/4473/2354
f 1071/1891/1071 2190/4159/2190 96/160/96
f 2153/4083/2153 873/1501/873 434/741/434
f 1943/3675/1943 818/1383/818 2140/4051/2140
f 2495/4744/2495 1964/3709/1964 2378/4526/2378
f 2107/3990/2107 2106/3988/2106 327/539/327
f 416/712/416 1443/2628/1443 1784/3341/1784
f 1445/2630/1445 2327/4430/2327 129/221/129
f 2181/4138/2181 814/1375/814 203/344/203
f 399/682/399 1500/2730/1500 216/360/216
f 235/387/235 737/1254/737 710/1197/710
f 222/368/222 687/1164/687 2187/4148/2187
f 1601/2940/1601 252/411/252 804/1357/804
f 1550/2832/1550 494/833/494 1668/3094/1668
f 789/1336/789 1601/2940/1601 804/1357/804
f 1126/1998/1126 700/1183/700 607/1018/607
f 2230/4238/2230 677/1148/677 2087/3946/2087
f 981/1714/981 2395/4560/2395 2103/3983/2103
f 2339/4449/2339 700/1181/700 202/342/202
f 2395/4559/2395 972/1691/972 2103/3984/2103
f 2416/4602/2416 924/1594/924 977/1705/977
f 2102/3982/2102 596/997/596 449/764/449
f 747/1266/747 2248/4277/2248 1617/2983/1617
f 2416/4602/2416 1352/2444/1352 924/1594/924
f 1863/3498/1863 1617/2982/1617 750/1272/750
f 1472/2673/1472 1796/3363/1796 1047/1850/1047
f 566/954/566 882/1518/882 2465/4682/2465
f 622/1042/622 2465/4682/2465 882/1518/882
f 588/984/588 830/1410/830 1530/2792/1530
f 1192/2136/1192 1872/3517/1872 856/1465/856
f 937/1617/937 1606/2955/1606 830/1411/830
f 1312/2366/1312 1518/2769/1518 964/1677/964
f 598/1000/598 309/507/309 613/1027/613
f 1499/2729/1499 1446/2632/1446 930/1605/930
f 705/1191/705 1688/3134/1688 1147/2043/1147
f 1518/2772/1518 1939/3664/1939 964/1674/964
f 1700/3162/1700 1772/3316/1772 983/1716/983
f 1688/3134/1688 705/1191/705 995/1741/995
f 2175/4126/2175 1175/2095/1175 2149/4072/2149
f 943/1632/943 861/1474/861 619/1036/619
f 1263/2273/1263 943/1632/943 619/1036/619
f 1830/3427/1830 1772/3316/1772 1700/3162/1700
f 2190/4160/2190 791/1338/791 535/907/535
f 1263/2274/1263 619/1037/619 904/1554/904
f 1303/2346/1303 621/1041/621 762/1290/762
f 991/1731/991 2220/4219/2220 713/1203/713
f 1769/3310/1769 420/717/420 1493/2717/1493
f 957/1660/957 2331/4434/2331 437/745/437
f 2160/4094/2160 1503/2737/1503 1581/2890/1581
f 2074/3918/2074 89/147/89 1118/1982/1118
f 880/1514/880 1382/2500/1382 128/219/128
f 647/1090/647 2376/4523/2376 478/807/478
f 1518/2771/1518 512/866/512 1687/3131/1687
f 491/826/491 974/1696/974 963/1672/963
f 974/1697/974 1936/3654/1936 963/1671/963
f 974/1697/974 1091/1927/1091 1936/3654/1936
f 1187/2123/1187 2446/4655/2446 745/1263/745
f 837/1421/837 925/1599/925 1411/2557/1411
f 1192/2133/1192 1413/2562/1413 925/1598/925
f 837/1420/837 1192/2132/1192 925/1596/925
f 2372/4512/2372 307/504/307 718/1217/718
f 2203/4183/2203 2001/3776/2001 1634/3013/1634
f 1169/2083/1169 2099/3974/2099 1099/1945/1099
f 826/1397/826 999/1758/999 518/878/518
f 1079/1902/1079 1876/3527/1876 1640/3032/1640
f 2076/3921/2076 1088/1920/1088 751/1275/751
f 1245/2234/1245 1408/2548/1408 427/730/427
f 1086/1916/1086 751/1273/751 1088/1922/1088
f 2061/3889/2061 656/1108/656 152/267/152
f 382/646/382 2061/3890/2061 152/266/152
f 1581/2893/1581 1585/2903/1585 1082/1908/1082
f 382/645/382 152/265/152 2203/4182/2203
f 636/1069/636 603/1009/603 48/74/48
f 999/1760/999 1074/1896/1074 307/501/307
f 636/1069/636 1045/1846/1045 349/575/349
f 410/703/410 751/1273/751 1086/1916/1086
f 134/230/134 604/1013/604 2223/4226/2223
f 549/930/549 2454/4667/2454 134/230/134
f 521/882/521 134/230/134 2223/4226/2223
f 2369/4503/2369 748/1268/748 242/397/242
f 1751/3269/1751 523/886/523 1583/2895/1583
f 542/922/542 671/1136/671 748/1268/748
f 2278/4334/2278 2297/4375/2297 1185/2118/1185
f 2049/3864/2049 1041/1839/1041 2324/4425/2324
f 672/1137/672 1418/2573/1418 1145/2040/1145
f 856/1464/856 2217/4210/2217 1192/2131/1192
f 1131/2008/1131 2364/4490/2364 526/893/526
f 1131/2008/1131 2169/4117/2169 312/514/312
f 836/1419/836 949/1646/949 659/1115/659
f 355/588/355 836/1419/836 659/1115/659
f 779/1322/779 2169/4117/2169 526/893/526
f 1131/2008/1131 526/893/526 2169/4117/2169
f 923/1591/923 779/1321/779 526/890/526
f 1126/1999/1126 641/1077/641 109/180/109
f 2364/4491/2364 1183/2112/1183 2325/4426/2325
f 1584/2900/1584 373/628/373 1586/2905/1586
f 373/628/373 840/1430/840 1586/2905/1586
f 1589/2917/1589 373/626/373 1584/2899/1584
f 826/1396/826 1872/3516/1872 845/1442/845
f 557/942/557 2200/4176/2200 180/310/180
f 71/116/71 2363/4487/2363 2381/4532/2381
f 2381/4532/2381 2362/4486/2362 71/116/71
f 312/514/312 2364/4490/2364 1131/2008/1131
f 122/206/122 2277/4332/2277 2158/4091/2158
f 441/751/441 571/961/571 842/1434/842
f 380/642/380 378/638/378 2200/4175/2200
f 345/570/345 648/1092/648 989/1728/989
f 1461/2654/1461 660/1116/660 1750/3265/1750
f 2495/4745/2495 648/1091/648 644/1082/644
f 1932/3648/1932 1014/1790/1014 1849/3468/1849
f 648/1092/648 2432/4632/2432 989/1728/989
f 258/419/258 2432/4632/2432 1128/2003/1128
f 990/1729/990 759/1286/759 168/291/168
f 135/232/135 541/921/541 119/202/119
f 575/966/575 782/1327/782 286/467/286
f 637/1071/637 2344/4458/2344 901/1544/901
f 1917/3618/1917 1832/3431/1832 279/456/279
f 62/99/62 2195/4167/2195 2182/4139/2182
f 1224/2200/1224 2344/4458/2344 2321/4418/2321
f 2293/4364/2293 788/1335/788 2431/4629/2431
f 2034/3837/2034 1966/3713/1966 1674/3103/1674
f 225/372/225 1966/3713/1966 2034/3837/2034
f 1674/3103/1674 1966/3713/1966 511/863/511
f 2255/4290/2255 2034/3837/2034 1674/3103/1674
f 298/486/298 2255/4290/2255 655/1107/655
f 655/1107/655 2194/4166/2194 298/486/298
f 234/386/234 1243/2230/1243 2358/4479/2358
f 1223/2198/1223 2070/3911/2070 2194/4166/2194
f 1223/2198/1223 655/1107/655 1306/2353/1306
f 655/1107/655 1223/2198/1223 2194/4166/2194
f 2053/3871/2053 824/1393/824 1067/1887/1067
f 878/1512/878 2216/4208/2216 2232/4241/2232
f 2315/4406/2315 1168/2082/1168 2420/4606/2420
f 2139/4050/2139 1004/1770/1004 2482/4707/2482
f 2295/4371/2295 2094/3961/2094 1379/2493/1379
f 398/681/398 112/185/112 1382/2499/1382
f 304/496/304 2167/4109/2167 2243/4263/2243
f 2095/3966/2095 1633/3010/1633 827/1405/827
f 2320/4415/2320 2278/4333/2278 1185/2117/1185
f 568/958/568 1003/1767/1003 2106/3988/2106
f 2235/4245/2235 2234/4244/2234 1070/1890/1070
f 563/951/563 485/816/485 1381/2498/1381
f 844/1439/844 2213/4201/2213 865/1482/865
f 1441/2626/1441 1072/1892/1072 2110/3998/2110
f 2066/3902/2066 1067/1887/1067 1112/1969/1112
f 797/1346/797 563/951/563 166/289/166
f 699/1179/699 2353/4472/2353 2089/3951/2089
f 219/365/219 2074/3918/2074 1089/1924/1089
f 908/1564/908 2250/4279/2250 327/539/327
f 2088/3950/2088 1036/1829/1036 2263/4303/2263
f 789/1336/789 1714/3194/1714 1443/2628/1443
f 865/1484/865 2213/4202/2213 1336/2415/1336
f 602/1008/602 1642/3035/1642 1221/2194/1221
f 2312/4403/2312 561/948/561 222/368/222
f 794/1342/794 276/449/276 708/1194/708
f 848/1445/848 276/449/276 794/1342/794
f 2288/4357/2288 1095/1934/1095 2173/4123/2173
f 2369/4504/2369 1267/2283/1267 1042/1841/1042
f 549/930/549 960/1666/960 784/1329/784
f 2414/4600/2414 1213/2177/1213 866/1487/866
f 1141/2031/1141 1449/2636/1449 1606/2957/1606
f 297/485/297 2165/4104/2165 2348/4465/2348
f 428/732/428 540/919/540 283/462/283
f 2059/3884/2059 1334/2408/1334 2109/3994/2109
f 2481/4704/2481 2059/3885/2059 2109/3996/2109
f 2410/4591/2410 393/669/393 2345/4459/2345
f 48/74/48 251/409/251 1045/1846/1045
f 1937/3656/1937 649/1095/649 964/1676/964
f 649/1096/649 1312/2366/1312 964/1677/964
f 961/1667/961 2116/4009/2116 698/1178/698
f 492/828/492 1996/3766/1996 2246/4272/2246
f 1996/3766/1996 492/828/492 1708/3174/1708
f 59/92/59 115/193/115 1511/2756/1511
f 478/807/478 2376/4523/2376 2333/4437/2333
f 2246/4270/2246 1132/2010/1132 798/1348/798
f 1996/3766/1996 1132/2009/1132 2246/4272/2246
f 1967/3714/1967 1091/1926/1091 974/1695/974
f 2221/4221/2221 2438/4641/2438 2405/4580/2405
f 2256/4291/2256 115/192/115 780/1324/780
f 48/74/48 1902/3586/1902 82/135/82
f 1877/3528/1877 1170/2084/1170 895/1536/895
f 1170/2084/1170 1846/3461/1846 2116/4009/2116
f 1088/1923/1088 2076/3922/2076 1816/3400/1816
f 152/269/152 1847/3465/1847 1751/3270/1751
f 656/1109/656 1847/3463/1847 152/268/152
f 2333/4438/2333 723/1227/723 2374/4518/2374
f 1152/2055/1152 749/1270/749 778/1319/778
f 1260/2269/1260 1583/2897/1583 523/885/523
f 583/977/583 662/1118/662 616/1033/616
f 2281/4342/2281 509/859/509 662/1118/662
f 641/1077/641 914/1573/914 109/180/109
f 328/541/328 914/1573/914 1994/3761/1994
f 698/1178/698 798/1348/798 961/1667/961
f 645/1085/645 374/630/374 508/858/508
f 1009/1780/1009 374/632/374 1248/2242/1248
f 1197/2147/1197 1008/1777/1008 2142/4057/2142
f 1463/2661/1463 2142/4057/2142 1008/1777/1008
f 123/207/123 1463/2659/1463 1008/1778/1008
f 458/774/458 2/2/2 2041/3850/2041
f 1491/2714/1491 1469/2670/1469 426/729/426
f 627/1052/627 827/1400/827 2359/4480/2359
f 827/1404/827 627/1049/627 385/652/385
f 1925/3634/1925 2359/4481/2359 827/1401/827
f 939/1620/939 2141/4055/2141 2168/4115/2168
f 2168/4113/2168 2141/4053/2141 1913/3612/1913
f 2168/4116/2168 1925/3631/1925 939/1622/939
f 2168/4112/2168 627/1052/627 2359/4480/2359
f 1633/3011/1633 1925/3632/1925 827/1399/827
f 325/536/325 1633/3011/1633 952/1654/952
f 2044/3854/2044 952/1654/952 1633/3011/1633
f 94/155/94 1651/3055/1651 2377/4524/2377
f 41/59/41 2241/4260/2241 2194/4166/2194
f 2128/4027/2128 1952/3688/1952 667/1127/667
f 394/675/394 1380/2496/1380 1383/2503/1383
f 1336/2414/1336 2019/3812/2019 1627/3000/1627
f 531/899/531 1621/2988/1621 772/1307/772
f 1621/2988/1621 1562/2858/1562 772/1307/772
f 1920/3621/1920 1160/2070/1160 1199/2151/1199
f 903/1552/903 1794/3357/1794 1284/2310/1284
f 493/831/493 1023/1806/1023 244/399/244
f 2056/3879/2056 1004/1770/1004 2139/4050/2139
f 968/1684/968 193/329/193 331/545/331
f 434/741/434 884/1520/884 920/1584/920
f 2219/4218/2219 244/399/244 1023/1806/1023
f 186/318/186 483/813/483 1372/2484/1372
f 186/318/186 1372/2484/1372 1005/1771/1005
f 1429/2598/1429 765/1293/765 2001/3777/2001
f 1019/1797/1019 397/680/397 399/682/399
f 2185/4146/2185 224/371/224 1032/1820/1032
f 1110/1967/1110 664/1122/664 2311/4402/2311
f 945/1636/945 2103/3984/2103 1060/1875/1060
f 1704/3168/1704 887/1526/887 1346/2431/1346
f 1548/2828/1548 765/1293/765 1429/2598/1429
f 600/1004/600 882/1518/882 695/1175/695
f 514/872/514 408/698/408 35/53/35
f 816/1381/816 630/1056/630 1207/2165/1207
f 1548/2828/1548 1634/3015/1634 765/1293/765
f 705/1191/705 937/1617/937 874/1503/874
f 377/637/377 1202/2158/1202 2262/4302/2262
f 1634/3015/1634 2001/3777/2001 765/1293/765
f 143/250/143 1080/1904/1080 35/53/35
f 609/1021/609 1111/1968/1111 2220/4220/2220
f 330/544/330 767/1299/767 2497/4749/2497
f 2059/3885/2059 2448/4657/2448 2072/3913/2072
f 2220/4220/2220 1111/1968/1111 831/1412/831
f 616/1033/616 1010/1784/1010 583/977/583
f 2403/4574/2403 2284/4349/2284 2063/3897/2063
f 2280/4338/2280 2256/4293/2256 1816/3402/1816
f 1264/2277/1264 2100/3978/2100 1222/2195/1222
f 1264/2277/1264 996/1742/996 2100/3978/2100
f 1816/3401/1816 2076/3924/2076 1117/1981/1117
f 1499/2729/1499 1868/3507/1868 1993/3759/1993
f 1045/1846/1045 251/409/251 2436/4638/2436
f 601/1006/601 999/1753/999 1023/1807/1023
f 601/1007/601 1023/1805/1023 493/830/493
f 616/1033/616 2433/4634/2433 1010/1784/1010
f 421/718/421 914/1573/914 641/1077/641
f 641/1077/641 509/860/509 421/718/421
f 366/609/366 2373/4516/2373 778/1319/778
f 315/518/315 571/961/571 726/1233/726
f 2427/4622/2427 2432/4631/2432 2495/4743/2495
f 755/1281/755 782/1327/782 575/966/575
f 1777/3326/1777 1706/3170/1706 1531/2793/1531
f 1055/1864/1055 727/1234/727 267/432/267
f 1471/2672/1471 1425/2589/1425 1139/2025/1139
f 1424/2584/1424 127/217/127 707/1193/707
f 536/908/536 2241/4260/2241 133/228/133
f 1160/2067/1160 128/218/128 1829/3424/1829
f 1199/2151/1199 2482/4709/2482 1004/1769/1004
f 1187/2123/1187 1077/1900/1077 515/873/515
f 65/104/65 2212/4199/2212 524/888/524
f 318/524/318 984/1718/984 2332/4435/2332
f 2235/4245/2235 1070/1890/1070 1071/1891/1071
f 1458/2649/1458 190/324/190 792/1340/792
f 327/539/327 2250/4279/2250 2233/4242/2233
f 2419/4605/2419 789/1336/789 2181/4138/2181
f 340/565/340 1765/3301/1765 751/1276/751
f 547/928/547 1198/2148/1198 587/983/587
f 284/464/284 751/1276/751 1765/3301/1765
f 1814/3393/1814 1494/2720/1494 2012/3794/2012
f 255/415/255 1814/3395/1814 807/1363/807
f 512/866/512 350/577/350 1687/3131/1687
f 27/40/27 457/773/457 2300/4381/2300
f 815/1377/815 1838/3446/1838 1795/3360/1795
f 1280/2304/1280 1863/3498/1863 2097/3970/2097
f 476/804/476 588/986/588 1094/1933/1094
f 816/1381/816 2465/4682/2465 630/1056/630
f 1579/2885/1579 1688/3134/1688 668/1128/668
f 309/507/309 598/1000/598 1159/2066/1159
f 1115/1976/1115 309/507/309 1159/2066/1159
f 2348/4465/2348 2165/4104/2165 1018/1796/1018
f 2348/4465/2348 1018/1796/1018 1196/2144/1196
f 2297/4374/2297 1027/1814/1027 374/629/374
f 1114/1974/1114 828/1406/828 991/1730/991
f 713/1204/713 89/147/89 2064/3898/2064
f 963/1672/963 1312/2366/1312 491/826/491
f 2246/4273/2246 1312/2366/1312 649/1096/649
f 2256/4293/2256 1511/2756/1511 115/193/115
f 440/749/440 1936/3654/1936 1872/3515/1872
f 251/409/251 838/1425/838 2436/4638/2436
f 1102/1955/1102 1846/3460/1846 1170/2085/1170
f 496/838/496 2499/4751/2499 2282/4344/2282
f 136/233/136 2325/4427/2325 2219/4217/2219
f 384/650/384 2435/4637/2435 656/1110/656
f 1126/1996/1126 109/181/109 1296/2328/1296
f 1994/3761/1994 1084/1912/1084 2266/4310/2266
f 194/330/194 435/743/435 2323/4422/2323
f 771/1304/771 645/1085/645 508/858/508
f 1152/2054/1152 778/1318/778 2365/4493/2365
f 2435/4637/2435 521/882/521 656/1110/656
f 2164/4102/2164 2388/4545/2388 2048/3861/2048
f 2341/4453/2341 2109/3995/2109 757/1284/757
f 2047/3860/2047 727/1234/727 726/1233/726
f 1224/2200/1224 2321/4418/2321 511/863/511
f 673/1139/673 511/863/511 1966/3713/1966
f 1966/3713/1966 536/908/536 673/1139/673
f 94/155/94 2194/4166/2194 2070/3911/2070
f 2194/4166/2194 94/155/94 41/59/41
f 721/1225/721 695/1175/695 457/773/457
f 420/717/420 1769/3310/1769 1763/3295/1763
f 2190/4160/2190 28/43/28 96/159/96
f 913/1572/913 2115/4007/2115 1877/3528/1877
f 186/317/186 1005/1772/1005 2110/3998/2110
f 2375/4521/2375 1223/2198/1223 1306/2353/1306
f 2183/4140/2183 1183/2111/1183 409/702/409
f 2396/4561/2396 761/1289/761 1005/1772/1005
f 212/356/212 2353/4472/2353 803/1356/803
f 464/785/464 1179/2101/1179 1588/2913/1588
f 409/702/409 989/1727/989 2183/4140/2183
f 746/1265/746 963/1671/963 1936/3654/1936
f 740/1258/740 1307/2355/1307 1519/2775/1519
f 368/613/368 907/1562/907 1257/2260/1257
f 2290/4361/2290 449/764/449 27/40/27
f 721/1225/721 2452/4663/2452 2386/4541/2386
f 1815/3399/1815 476/804/476 652/1102/652
f 306/500/306 793/1341/793 801/1352/801
f 874/1503/874 613/1026/613 1345/2429/1345
f 309/508/309 1345/2429/1345 613/1026/613
f 2283/4347/2283 740/1258/740 1519/2775/1519
f 558/943/558 2412/4596/2412 2261/4301/2261
f 2160/4093/2160 1799/3366/1799 1878/3533/1878
f 212/356/212 982/1715/982 2353/4472/2353
f 2295/4371/2295 1268/2284/1268 278/453/278
f 278/453/278 2094/3961/2094 2295/4371/2295
f 2109/3996/2109 1189/2127/1189 1229/2209/1229
f 1872/3514/1872 1192/2135/1192 440/750/440
f 1049/1855/1049 2177/4129/2177 401/685/401
f 1112/1969/1112 783/1328/783 2066/3902/2066
f 870/1493/870 2367/4497/2367 2299/4380/2299
f 2367/4497/2367 604/1010/604 2299/4380/2299
f 1212/2176/1212 2071/3912/2071 1946/3680/1946
f 1597/2930/1597 1845/3458/1845 999/1757/999
f 999/1759/999 1845/3456/1845 497/839/497
f 999/1759/999 497/839/497 1075/1897/1075
f 999/1760/999 1075/1898/1075 1074/1896/1074
f 817/1382/817 2339/4449/2339 2366/4494/2366
f 2366/4494/2366 2497/4749/2497 817/1382/817
f 839/1429/839 1277/2298/1277 132/227/132
f 2158/4091/2158 960/1666/960 122/206/122
f 534/905/534 62/95/62 1680/3120/1680
f 62/99/62 520/881/520 1407/2547/1407
f 2182/4139/2182 520/881/520 62/99/62
f 2034/3837/2034 2241/4260/2241 225/372/225
f 2213/4200/2213 1160/2070/1160 1829/3425/1829
f 734/1247/734 827/1400/827 2164/4103/2164
f 1199/2149/1199 65/106/65 1920/3622/1920
f 936/1614/936 96/160/96 28/42/28
f 2041/3850/2041 191/326/191 434/741/434
f 1071/1891/1071 2153/4083/2153 2235/4245/2235
f 734/1248/734 2095/3963/2095 827/1402/827
f 1445/2630/1445 1458/2649/1458 1441/2626/1441
f 301/491/301 203/343/203 210/353/210
f 2342/4454/2342 2095/3968/2095 734/1247/734
f 216/360/216 2185/4146/2185 2121/4016/2121
f 1097/1940/1097 165/288/165 250/405/250
f 451/767/451 2394/4558/2394 2464/4681/2464
f 685/1160/685 27/40/27 2300/4381/2300
f 2097/3970/2097 1274/2293/1274 1280/2304/1280
f 588/985/588 1530/2791/1530 1839/3448/1839
f 1839/3448/1839 1965/3712/1965 588/985/588
f 750/1271/750 816/1379/816 1616/2980/1616
f 708/1194/708 2455/4668/2455 1234/2217/1234
f 596/997/596 2452/4663/2452 721/1225/721
f 652/1101/652 296/484/296 1815/3398/1815
f 598/1000/598 613/1027/613 1213/2177/1213
f 306/500/306 633/1063/633 1612/2971/1612
f 1654/3060/1654 1114/1974/1114 991/1730/991
f 1424/2584/1424 390/663/390 461/780/461
f 2219/4216/2219 1023/1803/1023 725/1230/725
f 1585/2902/1585 1503/2737/1503 1940/3668/1940
f 2215/4206/2215 1635/3019/1635 2000/3774/2000
f 2077/3927/2077 2215/4206/2215 2000/3774/2000
f 845/1442/845 1091/1928/1091 826/1396/826
f 1858/3492/1858 1770/3311/1770 400/684/400
f 2479/4702/2479 741/1259/741 507/855/507
f 1789/3350/1789 983/1717/983 1002/1766/1002
f 748/1268/748 2369/4503/2369 654/1104/654
f 93/154/93 1087/1918/1087 1371/2482/1371
f 1651/3055/1651 902/1550/902 2377/4524/2377
f 2260/4298/2260 1113/1970/1113 902/1549/902
f 1537/2806/1537 1738/3238/1738 2062/3895/2062
f 1772/3317/1772 1002/1766/1002 983/1717/983
f 902/1548/902 1651/3053/1651 2260/4299/2260
f 962/1668/962 997/1747/997 718/1216/718
f 614/1028/614 718/1218/718 307/505/307
f 2022/3816/2022 2189/4157/2189 141/247/141
f 1155/2060/1155 2213/4202/2213 2022/3815/2022
f 716/1212/716 1748/3259/1748 1434/2612/1434
f 171/296/171 2213/4202/2213 1829/3423/1829
f 524/888/524 1382/2500/1382 880/1514/880
f 1127/2001/1127 398/681/398 447/762/447
f 211/355/211 745/1263/745 2192/4164/2192
f 2288/4357/2288 2451/4662/2451 2351/4469/2351
f 1803/3374/1803 756/1282/756 176/305/176
f 2102/3981/2102 2453/4665/2453 459/776/459
f 882/1518/882 2416/4602/2416 2394/4558/2394
f 899/1542/899 823/1392/823 1653/3057/1653
f 609/1020/609 2162/4098/2162 317/522/317
f 1878/3531/1878 2064/3900/2064 1503/2739/1503
f 884/1520/884 434/741/434 1011/1785/1011
f 948/1643/948 2132/4036/2132 1358/2458/1358
f 2037/3843/2037 948/1640/948 1358/2456/1358
f 2215/4206/2215 2276/4331/2276 1635/3019/1635
f 2061/3890/2061 603/1009/603 636/1069/636
f 2499/4755/2499 1871/3512/1871 1277/2297/1277
f 1994/3761/1994 914/1573/914 1084/1912/1084
f 88/145/88 387/660/387 2158/4091/2158
f 531/899/531 1586/2905/1586 840/1430/840
f 1586/2905/1586 531/899/531 772/1307/772
f 950/1647/950 109/181/109 2073/3915/2073
f 199/337/199 2277/4332/2277 381/644/381
f 707/1193/707 127/217/127 2278/4334/2278
f 730/1242/730 1009/1779/1009 1248/2241/1248
f 952/1654/952 651/1100/651 2179/4134/2179
f 538/915/538 952/1654/952 2179/4134/2179
f 952/1654/952 538/915/538 325/536/325
f 1651/3054/1651 2426/4620/2426 2260/4300/2260
f 2426/4619/2426 2112/4001/2112 1150/2050/1150
f 2112/4001/2112 2070/3911/2070 1150/2050/1150
f 171/295/171 1829/3425/1829 729/1241/729
f 2244/4265/2244 707/1193/707 2278/4334/2278
f 1006/1773/1006 719/1221/719 864/1481/864
f 120/203/120 2153/4083/2153 1071/1891/1071
f 331/545/331 181/311/181 186/319/186
f 166/289/166 563/951/563 1381/2498/1381
f 1828/3421/1828 792/1340/792 190/324/190
f 1003/1767/1003 327/539/327 2106/3988/2106
f 2370/4506/2370 697/1177/697 1690/3138/1690
f 129/221/129 761/1289/761 1301/2343/1301
f 2038/3845/2038 1685/3128/1685 1739/3243/1739
f 1332/2405/1332 1359/2460/1359 2463/4680/2463
f 697/1177/697 1186/2122/1186 365/608/365
f 2059/3885/2059 2072/3913/2072 921/1587/921
f 1820/3407/1820 1948/3682/1948 1061/1877/1061
f 1056/1866/1056 2229/4237/2229 454/770/454
f 86/141/86 652/1102/652 476/804/476
f 866/1487/866 1207/2165/1207 2414/4600/2414
f 863/1480/863 2347/4464/2347 633/1061/633
f 1995/3765/1995 1654/3060/1654 991/1730/991
f 942/1631/942 943/1632/943 1263/2273/1263
f 1264/2275/1264 716/1210/716 353/585/353
f 255/414/255 265/429/265 1016/1794/1016
f 1911/3608/1911 996/1744/996 720/1224/720
f 2106/3988/2106 2234/4244/2234 568/958/568
f 2496/4747/2496 878/1511/878 2093/3958/2093
f 996/1743/996 1911/3604/1911 2100/3977/2100
f 1169/2083/1169 1722/3210/1722 2115/4008/2115
f 1967/3714/1967 826/1397/826 1091/1926/1091
f 849/1449/849 1416/2569/1416 822/1390/822
f 1416/2570/1416 849/1448/849 1900/3582/1900
f 2115/4006/2115 1188/2125/1188 1877/3529/1877
f 999/1754/999 307/503/307 518/877/518
f 291/474/291 1260/2269/1260 1426/2590/1426
f 387/660/387 2322/4420/2322 2158/4091/2158
f 1042/1840/1042 645/1088/645 2369/4502/2369
f 374/631/374 645/1086/645 1042/1842/1042
f 1924/3628/1924 2029/3828/2029 1775/3322/1775
f 312/514/312 2169/4117/2169 702/1187/702
f 2169/4117/2169 779/1322/779 702/1187/702
f 267/432/267 727/1234/727 2047/3860/2047
f 2205/4187/2205 2373/4515/2373 2443/4650/2443
f 2227/4233/2227 2496/4746/2496 2093/3957/2093
f 1297/2330/1297 2420/4606/2420 2409/4588/2409
f 277/452/277 2421/4608/2421 1840/3450/1840
f 686/1162/686 2253/4286/2253 2421/4607/2421
f 1465/2663/1465 2253/4286/2253 564/952/564
f 2212/4199/2212 65/104/65 1004/1768/1004
f 2133/4039/2133 1006/1773/1006 704/1189/704
f 202/342/202 2363/4487/2363 2339/4449/2339
f 1442/2627/1442 804/1357/804 252/411/252
f 535/907/535 2319/4414/2319 2231/4239/2231
f 1575/2879/1575 887/1526/887 1289/2317/1289
f 2266/4310/2266 832/1414/832 273/443/273
f 963/1671/963 512/865/512 80/131/80
f 449/764/449 2290/4361/2290 407/697/407
f 1946/3680/1946 2071/3912/2071 460/777/460
f 1987/3751/1987 433/740/433 2029/3828/2029
f 1878/3532/1878 1654/3061/1654 1995/3764/1995
f 1207/2166/1207 1616/2981/1616 816/1380/816
f 2263/4304/2263 737/1254/737 2088/3949/2088
f 2204/4185/2204 942/1631/942 130/222/130
f 2063/3896/2063 2280/4336/2280 1326/2394/1326
f 1391/2513/1391 1932/3648/1932 1937/3657/1937
f 356/591/356 837/1422/837 1411/2555/1411
f 1188/2124/1188 1722/3210/1722 1824/3414/1824
f 1188/2124/1188 2115/4008/2115 1722/3210/1722
f 475/803/475 1846/3461/1846 1278/2300/1278
f 940/1628/940 1278/2300/1278 1846/3461/1846
f 560/947/560 2445/4654/2445 2410/4590/2410
f 905/1557/905 1007/1775/1007 669/1134/669
f 1994/3762/1994 2073/3917/2073 328/540/328
f 669/1133/669 2191/4162/2191 905/1556/905
f 1317/2374/1317 1106/1960/1106 651/1099/651
f 1106/1962/1106 2179/4134/2179 651/1100/651
f 617/1034/617 520/881/520 2096/3969/2096
f 955/1658/955 133/228/133 2241/4260/2241
f 536/908/536 133/228/133 2485/4716/2485
f 1804/3376/1804 1461/2654/1461 1599/2935/1599
f 2188/4152/2188 2133/4039/2133 704/1189/704
f 2056/3878/2056 811/1369/811 458/774/458
f 2094/3961/2094 2147/4067/2147 1379/2493/1379
f 814/1375/814 1828/3422/1828 190/325/190
f 331/545/331 186/319/186 2110/3997/2110
f 203/344/203 301/492/301 2181/4138/2181
f 2296/4373/2296 1379/2493/1379 351/581/351
f 2185/4146/2185 1374/2488/1374 1827/3419/1827
f 1874/3522/1874 1741/3245/1741 1257/2260/1257
f 2310/4401/2310 685/1160/685 1034/1822/1034
f 394/675/394 1383/2503/1383 70/113/70
f 1968/3715/1968 1516/2765/1516 2401/4570/2401
f 800/1351/800 1873/3519/1873 1771/3315/1771
f 1159/2066/1159 317/523/317 1115/1976/1115
f 47/70/47 2150/4078/2150 251/410/251
f 1035/1823/1035 2184/4142/2184 251/406/251
f 1035/1826/1035 251/408/251 2150/4077/2150
f 2098/3973/2098 962/1670/962 718/1219/718
f 1260/2267/1260 523/887/523 2459/4674/2459
f 579/970/579 590/988/590 2098/3972/2098
f 2098/3972/2098 748/1268/748 579/970/579
f 378/639/378 380/643/380 2047/3860/2047
f 149/261/149 901/1546/901 127/216/127
f 2177/4128/2177 955/1657/955 537/910/537
f 1336/2415/1336 2213/4202/2213 2019/3811/2019
f 1490/2711/1490 1468/2669/1468 1860/3494/1860
f 2421/4609/2421 2253/4287/2253 661/1117/661
f 1972/3722/1972 2393/4555/2393 2471/4691/2471
f 315/518/315 726/1233/726 167/290/167
f 1084/1912/1084 509/860/509 1086/1916/1086
f 656/1110/656 2223/4226/2223 1847/3462/1847
f 719/1222/719 2133/4038/2133 1276/2295/1276
f 846/1443/846 886/1525/886 1955/3695/1955
f 2062/3893/2062 881/1517/881 712/1201/712
f 350/578/350 512/864/512 356/590/356
f 368/613/368 1741/3245/1741 1601/2940/1601
f 356/591/356 2257/4294/2257 2080/3934/2080
f 261/422/261 2470/4690/2470 1137/2021/1137
f 216/360/216 1019/1797/1019 399/682/399
f 1498/2727/1498 1747/3258/1747 724/1229/724
f 2171/4121/2171 1327/2397/1327 1038/1833/1038
f 53/80/53 2003/3779/2003 1401/2536/1401
f 1560/2852/1560 2257/4294/2257 1015/1791/1015
f 350/579/350 2080/3934/2080 1560/2852/1560
f 460/778/460 1545/2822/1545 313/516/313
f 1169/2083/1169 1037/1832/1037 1722/3210/1722
f 997/1750/997 2217/4211/2217 2371/4508/2371
f 1877/3529/1877 1102/1955/1102 1170/2085/1170
f 2345/4460/2345 1228/2207/1228 904/1555/904
f 1220/2190/1220 2281/4339/2281 1691/3142/1691
f 2281/4341/2281 1220/2191/1220 2494/4740/2494
f 1824/3415/1824 1722/3209/1722 1220/2192/1220
f 1631/3007/1631 888/1527/888 506/852/506
f 1722/3209/1722 2494/4739/2494 1220/2192/1220
f 352/582/352 1768/3309/1768 2390/4548/2390
f 52/79/52 1768/3309/1768 1825/3417/1825
f 678/1151/678 1120/1987/1120 1102/1954/1102
f 531/900/531 2035/3839/2035 110/182/110
f 1174/2093/1174 2035/3839/2035 1040/1837/1040
f 83/138/83 1908/3594/1908 2265/4306/2265
f 2302/4384/2302 1186/2122/1186 83/137/83
f 2496/4747/2496 394/675/394 1952/3688/1952
f 649/1097/649 1559/2848/1559 1356/2452/1356
f 1217/2184/1217 1787/3347/1787 1057/1869/1057
f 577/968/577 1638/3027/1638 879/1513/879
f 1470/2671/1470 1886/3549/1886 879/1513/879
f 2038/3845/2038 1983/3744/1983 1602/2941/1602
f 1184/2115/1184 416/712/416 931/1606/931
f 1599/2934/1599 773/1309/773 931/1608/931
f 2345/4459/2345 90/148/90 1303/2348/1303
f 1276/2295/1276 773/1308/773 719/1222/719
f 1861/3495/1861 1970/3717/1970 1451/2639/1451
f 546/926/546 1753/3273/1753 773/1308/773
f 1127/2000/1127 1753/3273/1753 1892/3560/1892
f 112/185/112 1127/2001/1127 1892/3559/1892
f 941/1630/941 913/1572/913 895/1536/895
f 456/772/456 1667/3093/1667 679/1152/679
f 1601/2940/1601 1741/3245/1741 1903/3587/1903
f 1076/1899/1076 1903/3587/1903 1620/2987/1620
f 1819/3406/1819 1965/3712/1965 1839/3448/1839
f 1099/1946/1099 909/1565/909 2076/3921/2076
f 865/1485/865 869/1492/869 844/1437/844
f 548/929/548 318/524/318 2332/4435/2332
f 800/1350/800 1327/2397/1327 1873/3520/1873
f 2248/4277/2248 747/1266/747 907/1561/907
f 1799/3367/1799 2171/4121/2171 1654/3061/1654
f 129/221/129 2327/4430/2327 761/1289/761
f 2396/4562/2396 1827/3419/1827 1374/2488/1374
f 1498/2727/1498 724/1229/724 1104/1958/1104
f 1585/2904/1585 1766/3303/1766 1941/3671/1941
f 2248/4276/2248 977/1706/977 924/1595/924
f 1494/2722/1494 266/431/266 2470/4689/2470
f 973/1694/973 266/430/266 1494/2718/1494
f 995/1741/995 1345/2429/1345 309/508/309
f 519/880/519 563/951/563 797/1346/797
f 906/1560/906 1719/3201/1719 752/1277/752
f 2437/4639/2437 2002/3778/2002 2309/4400/2309
f 137/237/137 1351/2442/1351 1432/2604/1432
f 828/1408/828 2220/4219/2220 991/1731/991
f 2379/4528/2379 621/1041/621 835/1418/835
f 1117/1979/1117 118/200/118 2060/3887/2060
f 1393/2519/1393 1897/3571/1897 2274/4324/2274
f 2274/4323/2274 1897/3573/1897 875/1505/875
f 1411/2557/1411 925/1599/925 1812/3388/1812
f 2322/4420/2322 915/1575/915 2459/4675/2459
f 915/1577/915 1260/2267/1260 2459/4674/2459
f 697/1177/697 365/608/365 1690/3138/1690
f 1087/1919/1087 1964/3709/1964 702/1187/702
f 1107/1963/1107 560/947/560 478/807/478
f 1672/3100/1672 1779/3328/1779 1506/2744/1506
f 1506/2744/1506 1779/3328/1779 2018/3809/2018
f 1841/3451/1841 585/981/585 847/1444/847
f 774/1310/774 456/772/456 679/1152/679
f 1906/3591/1906 1141/2031/1141 1516/2765/1516
f 2171/4121/2171 1873/3520/1873 1327/2397/1327
f 2092/3956/2092 2020/3813/2020 2069/3909/2069
f 1210/2171/1210 294/479/294 806/1360/806
f 789/1336/789 804/1357/804 1714/3194/1714
f 857/1467/857 1038/1835/1038 1579/2885/1579
f 1579/2885/1579 668/1128/668 857/1467/857
f 2181/4138/2181 789/1336/789 1443/2628/1443
f 789/1336/789 2419/4605/2419 1601/2940/1601
f 1264/2276/1264 1748/3260/1748 716/1211/716
f 443/754/443 1222/2195/1222 1659/3076/1659
f 1434/2610/1434 965/1681/965 353/586/353
f 1687/3130/1687 1434/2611/1434 1748/3261/1748
f 1945/3678/1945 1617/2983/1617 766/1294/766
f 89/146/89 2403/4576/2403 2064/3900/2064
f 1999/3772/1999 1738/3240/1738 1661/3082/1661
f 1738/3241/1738 1999/3771/1999 1693/3150/1693
f 1657/3070/1657 2280/4336/2280 2063/3896/2063
f 455/771/455 875/1504/875 1270/2288/1270
f 993/1737/993 1166/2078/1166 2037/3842/2037
f 993/1738/993 925/1597/925 1166/2077/1166
f 925/1599/925 993/1736/993 1911/3608/1911
f 2494/4738/2494 1722/3210/1722 1037/1832/1037
f 2162/4098/2162 828/1408/828 429/734/429
f 2204/4185/2204 1111/1968/1111 942/1631/942
f 1820/3407/1820 1915/3615/1915 1948/3682/1948
f 826/1397/826 1278/2300/1278 2282/4346/2282
f 337/559/337 2277/4332/2277 842/1434/842
f 777/1316/777 1750/3265/1750 1208/2169/1208
f 1746/3257/1746 2193/4165/2193 546/927/546
f 2414/4600/2414 793/1341/793 1213/2177/1213
f 966/1682/966 2185/4146/2185 1827/3419/1827
f 96/160/96 120/203/120 1071/1891/1071
f 29/45/29 1494/2719/1494 1814/3397/1814
f 1072/1892/1072 1006/1773/1006 2110/3998/2110
f 1372/2484/1372 2396/4563/2396 1005/1771/1005
f 2110/3998/2110 1006/1773/1006 665/1124/665
f 128/219/128 1920/3623/1920 880/1514/880
f 2237/4250/2237 548/929/548 193/329/193
f 1380/2495/1380 1543/2817/1543 631/1057/631
f 2005/3783/2005 1380/2495/1380 631/1057/631
f 2430/4628/2430 1381/2498/1381 2332/4435/2332
f 408/698/408 514/872/514 599/1001/599
f 554/938/554 1283/2308/1283 752/1277/752
f 1660/3079/1660 1680/3119/1680 62/97/62
f 133/228/133 955/1658/955 2177/4129/2177
f 62/99/62 534/906/534 2195/4167/2195
f 950/1648/950 2472/4693/2472 1296/2329/1296
f 1585/2901/1585 1581/2892/1581 1503/2735/1503
f 1887/3552/1887 1940/3668/1940 1404/2541/1404
f 1503/2738/1503 2063/3897/2063 1940/3669/1940
f 1327/2397/1327 796/1344/796 1579/2886/1579
f 1816/3401/1816 1266/2279/1266 1326/2394/1326
f 534/906/534 531/900/531 2195/4167/2195
f 1767/3304/1767 1751/3269/1751 1583/2895/1583
f 1767/3306/1767 152/269/152 1751/3270/1751
f 798/1348/798 1967/3714/1967 974/1695/974
f 636/1069/636 384/650/384 656/1110/656
f 1908/3597/1908 1186/2122/1186 697/1177/697
f 1908/3597/1908 83/137/83 1186/2122/1186
f 730/1242/730 1248/2241/1248 2298/4376/2298
f 368/612/368 1715/3195/1715 1557/2845/1557
f 2367/4496/2367 1847/3463/1847 604/1012/604
f 604/1012/604 1847/3463/1847 2223/4225/2223
f 1065/1885/1065 1731/3228/1731 1896/3570/1896
f 2463/4680/2463 892/1533/892 2012/3795/2012
f 685/1160/685 451/767/451 2462/4679/2462
f 1441/2626/1441 1458/2649/1458 792/1340/792
f 1915/3615/1915 1645/3040/1645 1039/1836/1039
f 2499/4755/2499 1277/2297/1277 2202/4179/2202
f 1750/3265/1750 1568/2866/1568 1208/2169/1208
f 1208/2169/1208 1568/2866/1568 1787/3346/1787
f 1827/3419/1827 483/814/483 966/1682/966
f 350/576/350 1560/2851/1560 1434/2613/1434
f 777/1317/777 338/561/338 1892/3558/1892
f 541/921/541 2205/4186/2205 2440/4643/2440
f 968/1685/968 2110/3998/2110 665/1124/665
f 1032/1820/1032 1374/2488/1374 2185/4146/2185
f 1382/2500/1382 548/929/548 2237/4250/2237
f 2233/4242/2233 2107/3990/2107 327/539/327
f 1004/1768/1004 28/43/28 2212/4199/2212
f 2447/4656/2447 2138/4047/2138 2006/3786/2006
f 1473/2677/1473 1605/2953/1605 420/717/420
f 1294/2325/1294 1386/2506/1386 245/400/245
f 1264/2277/1264 1124/1994/1124 1890/3555/1890
f 1659/3075/1659 1912/3609/1912 1124/1993/1124
f 1659/3076/1659 1124/1994/1124 443/754/443
f 712/1200/712 1482/2693/1482 2062/3895/2062
f 2182/4139/2182 527/894/527 124/209/124
f 1926/3638/1926 1410/2551/1410 1300/2339/1300
f 1410/2554/1410 1587/2910/1587 2157/4089/2157
f 1241/2226/1241 1410/2553/1410 1926/3636/1926
f 1411/2556/1411 1812/3389/1812 356/590/356
f 465/789/465 1489/2708/1489 1412/2560/1412
f 215/359/215 2054/3875/2054 2458/4673/2458
f 2054/3872/2054 1768/3308/1768 2157/4089/2157
f 1516/2763/1516 1579/2886/1579 796/1344/796
f 575/966/575 2096/3969/2096 755/1281/755
f 1038/1833/1038 1327/2397/1327 1579/2886/1579
f 940/1627/940 1846/3459/1846 1120/1988/1120
f 1120/1986/1120 1846/3460/1846 1102/1955/1102
f 1116/1977/1116 2269/4314/2269 392/668/392
f 1513/2759/1513 1908/3596/1908 2370/4505/2370
f 1908/3597/1908 697/1177/697 2370/4506/2370
f 2499/4752/2499 2402/4572/2402 2282/4345/2282
f 1516/2763/1516 937/1616/937 1579/2886/1579
f 951/1652/951 1007/1774/1007 905/1559/905
f 1506/2744/1506 1272/2290/1272 1672/3100/1672
f 132/226/132 365/607/365 1186/2119/1186
f 132/226/132 1871/3513/1871 365/607/365
f 70/113/70 2269/4314/2269 394/675/394
f 2269/4314/2269 1952/3688/1952 394/675/394
f 1319/2378/1319 1122/1991/1122 2321/4419/2321
f 857/1466/857 668/1130/668 1604/2949/1604
f 2294/4367/2294 1832/3431/1832 1917/3618/1917
f 1975/3729/1975 692/1171/692 358/594/358
f 2414/4600/2414 801/1352/801 793/1341/793
f 1332/2405/1332 1137/2021/1137 1480/2690/1480
f 261/422/261 1332/2405/1332 2012/3795/2012
f 1174/2093/1174 1040/1837/1040 500/844/500
f 702/1186/702 1964/3707/1964 2495/4742/2495
f 2135/4041/2135 474/802/474 1802/3372/1802
f 707/1193/707 2244/4265/2244 1424/2584/1424
f 1441/2626/1441 1005/1772/1005 2327/4430/2327
f 508/857/508 2200/4176/2200 557/942/557
f 591/989/591 369/616/369 2219/4217/2219
f 701/1184/701 1750/3265/1750 777/1316/777
f 1039/1836/1039 2071/3912/2071 1212/2176/1212
f 1212/2176/1212 1818/3405/1818 1039/1836/1039
f 1208/2167/1208 1713/3193/1713 338/561/338
f 237/390/237 2245/4266/2245 725/1230/725
f 2020/3813/2020 2092/3956/2092 1946/3679/1946
f 2022/3816/2022 171/297/171 2189/4157/2189
f 2245/4267/2245 237/391/237 2402/4573/2402
f 1889/3554/1889 319/525/319 1717/3198/1717
f 1074/1896/1074 1075/1898/1075 912/1571/912
f 1283/2308/1283 841/1433/841 1689/3136/1689
f 1266/2280/1266 1117/1980/1117 1884/3547/1884
f 2141/4052/2141 2095/3968/2095 1501/2733/1501
f 1760/3289/1760 1573/2871/1573 1533/2797/1533
f 1760/3289/1760 1533/2797/1533 1526/2786/1526
f 367/610/367 562/949/562 1504/2740/1504
f 649/1096/649 492/827/492 2246/4273/2246
f 50/76/50 1385/2505/1385 2491/4733/2491
f 1385/2505/1385 1963/3706/1963 326/538/326
f 1377/2491/1377 326/538/326 1963/3706/1963
f 1562/2857/1562 1898/3574/1898 2081/3938/2081
f 293/477/293 1536/2805/1536 1692/3147/1692
f 1246/2237/1246 2222/4224/2222 462/781/462
f 1033/1821/1033 975/1700/975 1983/3744/1983
f 1412/2558/1412 1692/3146/1692 1536/2803/1536
f 501/846/501 1412/2560/1412 1712/3188/1712
f 2146/4063/2146 1394/2520/1394 1762/3293/1762
f 1421/2577/1421 2146/4063/2146 1762/3293/1762
f 1509/2752/1509 2084/3942/2084 1355/2450/1355
f 1509/2752/1509 1355/2450/1355 1142/2034/1142
f 2273/4322/2273 1509/2752/1509 1142/2034/1142
f 520/881/520 537/911/537 1407/2547/1407
f 1150/2049/1150 2260/4300/2260 2426/4620/2426
f 1150/2049/1150 693/1173/693 2260/4300/2260
f 151/264/151 2260/4300/2260 693/1173/693
f 1845/3457/1845 244/399/244 497/840/497
f 1845/3457/1845 493/831/493 244/399/244
f 436/744/436 1779/3328/1779 1672/3100/1672
f 1451/2639/1451 1629/3002/1629 1649/3048/1649
f 423/722/423 1447/2633/1447 1247/2238/1247
f 2456/4670/2456 405/693/405 2318/4412/2318
f 540/920/540 558/944/558 370/619/370
f 561/948/561 1206/2164/1206 687/1164/687
f 1420/2576/1420 774/1310/774 679/1152/679
f 801/1352/801 2414/4600/2414 630/1056/630
f 2414/4600/2414 1207/2165/1207 630/1056/630
f 1420/2576/1420 1076/1899/1076 1620/2987/1620
f 2306/4394/2306 1934/3650/1934 1975/3729/1975
f 288/470/288 1989/3754/1989 1807/3381/1807
f 412/705/412 419/716/419 568/958/568
f 769/1302/769 1705/3169/1705 1810/3384/1810
f 498/841/498 618/1035/618 1885/3548/1885
f 2005/3784/2005 2232/4240/2232 61/94/61
f 1791/3353/1791 1464/2662/1464 1468/2669/1468
f 951/1650/951 1150/2047/1150 121/205/121
f 931/1608/931 1276/2296/1276 2188/4149/2188
f 1177/2098/1177 1236/2219/1236 1217/2185/1217
f 1746/3257/1746 546/927/546 773/1309/773
f 1753/3273/1753 1127/2000/1127 719/1222/719
f 338/561/338 777/1317/777 1208/2167/1208
f 121/204/121 1223/2198/1223 951/1651/951
f 1155/2059/1155 1567/2864/1567 2019/3810/2019
f 582/975/582 1405/2544/1405 1317/2373/1317
f 1621/2988/1621 531/899/531 1680/3120/1680
f 1106/1961/1106 728/1236/728 1917/3618/1917
f 1179/2102/1179 1536/2805/1536 1588/2912/1588
f 1536/2805/1536 1505/2743/1505 1588/2912/1588
f 1106/1961/1106 1917/3618/1917 279/456/279
f 2081/3939/2081 1426/2592/1426 1589/2915/1589
f 1661/3081/1661 916/1580/916 1179/2101/1179
f 1426/2591/1426 373/623/373 1589/2916/1589
f 1426/2592/1426 2390/4547/2390 291/475/291
f 2390/4547/2390 1736/3236/1736 253/412/253
f 556/941/556 2084/3943/2084 1182/2110/1182
f 2137/4045/2137 1162/2072/1162 1181/2106/1181
f 2137/4044/2137 1181/2107/1181 1659/3073/1659
f 147/257/147 1852/3478/1852 2015/3798/2015
f 1852/3477/1852 1851/3474/1851 948/1642/948
f 1939/3662/1939 2413/4597/2413 964/1675/964
f 1939/3661/1939 1709/3178/1709 2413/4599/2413
f 1383/2503/1383 1593/2924/1593 392/668/392
f 1400/2535/1400 2255/4290/2255 1593/2923/1593
f 1988/3753/1988 1835/3440/1835 1684/3127/1684
f 1942/3673/1942 1593/2924/1593 1383/2503/1383
f 2266/4309/2266 1463/2657/1463 2289/4360/2289
f 1942/3672/1942 1400/2534/1400 1593/2925/1593
f 1593/2923/1593 2255/4290/2255 1674/3103/1674
f 392/666/392 1593/2923/1593 1674/3103/1674
f 1997/3767/1997 1519/2775/1519 1132/2010/1132
f 997/1748/997 962/1669/962 809/1365/809
f 249/404/249 386/657/386 2267/4312/2267
f 601/1007/601 493/830/493 1597/2931/1597
f 1799/3367/1799 1654/3061/1654 1878/3532/1878
f 395/677/395 2412/4594/2412 558/944/558
f 747/1266/747 1257/2261/1257 907/1561/907
f 2068/3907/2068 1756/3281/1756 1737/3237/1737
f 2180/4137/2180 1455/2646/1455 1703/3166/1703
f 1428/2596/1428 1495/2724/1495 1885/3548/1885
f 549/930/549 134/230/134 2435/4637/2435
f 33/50/33 243/398/243 549/930/549
f 1135/2019/1135 505/851/505 2061/3890/2061
f 1814/3394/1814 255/414/255 29/44/29
f 2310/4401/2310 1034/1822/1034 265/429/265
f 1791/3353/1791 416/712/416 1784/3341/1784
f 2402/4573/2402 2049/3864/2049 2245/4267/2245
f 2402/4573/2402 2202/4180/2202 2049/3864/2049
f 1804/3376/1804 1599/2935/1599 1459/2651/1459
f 193/329/193 968/1684/968 2237/4250/2237
f 104/172/104 1574/2876/1574 1756/3280/1756
f 338/560/338 1713/3191/1713 2189/4156/2189
f 729/1240/729 2189/4158/2189 171/294/171
f 775/1311/775 2497/4748/2497 31/47/31
f 961/1667/961 798/1348/798 1132/2010/1132
f 59/92/59 219/365/219 749/1270/749
f 1726/3220/1726 2447/4656/2447 107/176/107
f 1727/3221/1727 53/80/53 1696/3157/1696
f 2443/4649/2443 366/609/366 1107/1963/1107
f 552/934/552 1840/3449/1840 2421/4607/2421
f 150/263/150 1669/3095/1669 1717/3198/1717
f 1403/2538/1403 1909/3598/1909 1711/3185/1711
f 223/370/223 1361/2464/1361 1670/3097/1670
f 634/1065/634 1331/2404/1331 1615/2979/1615
f 1055/1864/1055 536/908/536 1673/3102/1673
f 2485/4716/2485 1673/3102/1673 536/908/536
f 152/269/152 1767/3306/1767 998/1752/998
f 1749/3264/1749 1676/3109/1676 1142/2034/1142
f 2001/3776/2001 1142/2034/1142 1676/3109/1676
f 1676/3108/1676 1749/3263/1749 1429/2599/1429
f 1207/2166/1207 866/1486/866 469/795/469
f 1023/1805/1023 826/1397/826 2282/4346/2282
f 1708/3175/1708 492/829/492 1356/2453/1356
f 724/1229/724 829/1409/829 2401/4570/2401
f 1114/1973/1114 1654/3058/1654 1604/2952/1604
f 162/285/162 1841/3451/1841 847/1444/847
f 530/898/530 361/598/361 2018/3809/2018
f 361/598/361 639/1074/639 2018/3809/2018
f 271/440/271 200/338/200 454/770/454
f 639/1074/639 1451/2639/1451 1502/2734/1502
f 625/1046/625 621/1041/621 540/919/540
f 1235/2218/1235 946/1637/946 2087/3946/2087
f 1874/3522/1874 1420/2576/1420 1741/3245/1741
f 618/1035/618 1886/3549/1886 1885/3548/1885
f 1557/2844/1557 1480/2690/1480 368/611/368
f 703/1188/703 1860/3494/1860 1638/3027/1638
f 2396/4562/2396 1372/2483/1372 483/814/483
f 1787/3346/1787 1571/2869/1571 1057/1868/1057
f 2087/3946/2087 946/1637/946 2230/4238/2230
f 1206/2164/1206 945/1636/945 2206/4189/2206
f 967/1683/967 920/1584/920 884/1520/884
f 669/1134/669 1007/1775/1007 2375/4520/2375
f 1829/3425/1829 1678/3115/1678 729/1241/729
f 1678/3113/1678 112/184/112 729/1239/729
f 1007/1776/1007 951/1651/951 1223/2198/1223
f 1662/3084/1662 1833/3434/1833 582/974/582
f 2143/4059/2143 2392/4553/2392 1309/2359/1309
f 1400/2535/1400 655/1107/655 2255/4290/2255
f 174/301/174 1309/2358/1309 450/766/450
f 1049/1854/1049 1673/3101/1673 2485/4715/2485
f 2491/4733/2491 1786/3345/1786 50/76/50
f 1501/2733/1501 2342/4454/2342 1728/3223/1728
f 25/38/25 2123/4019/2123 1337/2417/1337
f 2123/4019/2123 1613/2973/1613 2254/4289/2254
f 34/51/34 156/277/156 2469/4688/2469
f 38/56/38 1460/2652/1460 2346/4462/2346
f 1825/3417/1825 1879/3534/1879 52/79/52
f 1410/2551/1410 1879/3534/1879 1300/2339/1300
f 2157/4089/2157 1768/3308/1768 1410/2554/1410
f 68/111/68 1270/2288/1270 1362/2465/1362
f 1270/2288/1270 68/111/68 455/771/455
f 1618/2984/1618 1421/2578/1421 1762/3294/1762
f 2450/4661/2450 2275/4325/2275 1478/2687/1478
f 996/1745/996 1264/2275/1264 965/1680/965
f 1015/1791/1015 996/1746/996 965/1681/965
f 1997/3769/1997 1609/2963/1609 1519/2774/1519
f 2281/4340/2281 1010/1783/1010 1691/3144/1691
f 601/1005/601 1597/2929/1597 999/1755/999
f 1747/3258/1747 1287/2315/1287 724/1229/724
f 1143/2035/1143 2494/4739/2494 1037/1831/1037
f 834/1417/834 1632/3008/1632 770/1303/770
f 1609/2962/1609 1937/3655/1937 1611/2969/1611
f 1609/2961/1609 649/1095/649 1937/3656/1937
f 1970/3717/1970 683/1157/683 1798/3365/1798
f 2062/3895/2062 2099/3975/2099 2115/4007/2115
f 1537/2807/1537 1482/2694/1482 916/1579/916
f 285/466/285 2073/3916/2073 100/166/100
f 100/167/100 2493/4737/2493 285/465/285
f 1617/2982/1617 1280/2304/1280 766/1297/766
f 1575/2878/1575 1945/3678/1945 766/1294/766
f 1076/1899/1076 679/1152/679 545/925/545
f 1933/3649/1933 1756/3281/1756 1574/2875/1574
f 2296/4373/2296 1122/1991/1122 390/663/390
f 1858/3491/1858 1230/2210/1230 1830/3427/1830
f 374/630/374 992/1735/992 508/858/508
f 992/1733/992 597/999/597 508/857/508
f 742/1260/742 435/743/435 292/476/292
f 919/1583/919 1271/2289/1271 446/761/446
f 1626/2999/1626 690/1168/690 341/566/341
f 1149/2046/1149 1103/1956/1103 2005/3784/2005
f 2191/4161/2191 2252/4284/2252 1103/1957/1103
f 2252/4284/2252 2005/3782/2005 1103/1957/1103
f 2197/4170/2197 1103/1956/1103 1149/2046/1149
f 61/94/61 2249/4278/2249 2005/3784/2005
f 91/152/91 638/1073/638 1378/2492/1378
f 376/635/376 2091/3954/2091 911/1568/911
f 1317/2373/1317 1630/3003/1630 582/975/582
f 1662/3084/1662 582/974/582 1630/3006/1630
f 1337/2417/1337 1349/2438/1349 25/38/25
f 2075/3919/2075 1556/2842/1556 2122/4017/2122
f 2359/4481/2359 1925/3634/1925 2168/4114/2168
f 1564/2861/1564 1462/2656/1462 1790/3352/1790
f 2032/3835/2032 1976/3730/1976 2057/3880/2057
f 281/459/281 1790/3352/1790 1563/2859/1563
f 205/346/205 1302/2344/1302 1733/3231/1733
f 160/283/160 1523/2783/1523 1907/3592/1907
f 43/63/43 1523/2782/1523 2210/4194/2210
f 1373/2486/1373 1523/2783/1523 1353/2446/1353
f 2449/4659/2449 1373/2485/1373 1928/3641/1928
f 1373/2486/1373 1475/2681/1475 1523/2783/1523
f 2449/4660/2449 1475/2681/1475 1373/2486/1373
f 553/937/553 1403/2538/1403 1711/3185/1711
f 2449/4659/2449 1526/2786/1526 1992/3757/1992
f 1992/3757/1992 1477/2683/1477 2449/4659/2449
f 1992/3757/1992 1694/3153/1694 1477/2683/1477
f 988/1726/988 647/1090/647 2411/4592/2411
f 1584/2900/1584 1586/2905/1586 2081/3937/2081
f 2458/4673/2458 2390/4548/2390 215/359/215
f 1682/3122/1682 1583/2896/1583 1736/3236/1736
f 240/395/240 1478/2688/1478 2275/4326/2275
f 1478/2688/1478 1692/3148/1692 1286/2313/1286
f 1576/2881/1576 2131/4033/2131 1478/2686/1478
f 1675/3105/1675 1286/2314/1286 1712/3188/1712
f 90/149/90 623/1044/623 1303/2347/1303
f 1429/2599/1429 1749/3263/1749 2016/3802/2016
f 1938/3658/1938 895/1536/895 2283/4347/2283
f 895/1536/895 1044/1845/1044 1307/2355/1307
f 895/1536/895 740/1258/740 2283/4347/2283
f 895/1536/895 1307/2355/1307 740/1258/740
f 1612/2971/1612 598/1000/598 306/500/306
f 706/1192/706 554/938/554 162/285/162
f 937/1617/937 705/1191/705 1147/2043/1147
f 801/1352/801 643/1080/643 306/500/306
f 1096/1937/1096 1346/2430/1346 766/1296/766
f 1502/2734/1502 1649/3048/1649 1428/2596/1428
f 2103/3984/2103 212/356/212 2052/3869/2052
f 1619/2986/1619 1885/3548/1885 1886/3549/1886
f 419/716/419 412/705/412 2176/4127/2176
f 1893/3564/1893 1590/2918/1590 1660/3079/1660
f 1590/2919/1590 1680/3120/1680 1660/3078/1660
f 1916/3616/1916 2028/3827/2028 2067/3903/2067
f 531/900/531 840/1432/840 2035/3839/2035
f 342/567/342 966/1682/966 485/816/485
f 285/466/285 2425/4615/2425 2472/4694/2472
f 1645/3040/1645 1915/3615/1915 1802/3372/1802
f 167/290/167 821/1389/821 315/518/315
f 338/561/338 2189/4154/2189 1892/3558/1892
f 729/1238/729 112/185/112 2189/4155/2189
f 615/1031/615 559/946/559 1950/3684/1950
f 2336/4442/2336 2313/4404/2313 1399/2533/1399
f 1905/3589/1905 1598/2933/1598 1209/2170/1209
f 1390/2512/1390 2143/4058/2143 1594/2926/1594
f 220/366/220 1376/2490/1376 1963/3706/1963
f 1963/3706/1963 1556/2842/1556 220/366/220
f 1377/2491/1377 1963/3706/1963 1376/2490/1376
f 1528/2789/1528 1919/3620/1919 935/1613/935
f 387/660/387 915/1575/915 2322/4420/2322
f 450/766/450 2079/3933/2079 174/301/174
f 9/13/9 2075/3919/2075 1956/3696/1956
f 2491/4733/2491 1385/2505/1385 1298/2333/1298
f 184/315/184 1926/3637/1926 2050/3865/2050
f 67/108/67 1148/2044/1148 2166/4106/2166
f 1363/2468/1363 1396/2526/1396 1542/2815/1542
f 1622/2990/1622 1259/2265/1259 1460/2652/1460
f 347/572/347 1622/2989/1622 1093/1930/1093
f 1373/2485/1373 1353/2447/1353 1928/3641/1928
f 1353/2447/1353 1760/3289/1760 1928/3641/1928
f 98/163/98 1314/2370/1314 1360/2462/1360
f 1029/1817/1029 1477/2685/1477 1694/3154/1694
f 1355/2450/1355 2084/3942/2084 2015/3799/2015
f 1039/1836/1039 1645/3040/1645 985/1719/985
f 2450/4661/2450 1478/2687/1478 2131/4034/2131
f 2276/4330/2276 1162/2072/1162 2132/4037/2132
f 1162/2072/1162 2276/4330/2276 2215/4207/2215
f 176/304/176 595/995/595 1803/3373/1803
f 2381/4532/2381 969/1687/969 2362/4486/2362
f 150/263/150 319/525/319 1582/2894/1582
f 2413/4598/2413 1932/3647/1932 1391/2514/1391
f 1932/3648/1932 2413/4599/2413 1709/3178/1709
f 1528/2789/1528 935/1613/935 1065/1885/1065
f 969/1687/969 2048/3862/2048 2388/4544/2388
f 969/1687/969 2381/4532/2381 2048/3862/2048
f 833/1415/833 79/130/79 2136/4043/2136
f 1159/2066/1159 598/1000/598 1612/2971/1612
f 2266/4309/2266 2289/4360/2289 676/1147/676
f 1274/2293/1274 86/141/86 851/1453/851
f 1497/2726/1497 1574/2877/1574 104/173/104
f 1741/3245/1741 1420/2576/1420 1620/2987/1620
f 1215/2180/1215 1101/1952/1101 2045/3856/2045
f 127/215/127 597/998/597 992/1734/992
f 577/968/577 879/1513/879 1886/3549/1886
f 1009/1781/1009 730/1243/730 2297/4375/2297
f 483/814/483 181/311/181 966/1682/966
f 1921/3624/1921 445/758/445 1700/3162/1700
f 508/857/508 557/942/557 681/1154/681
f 2447/4656/2447 1158/2065/1158 107/176/107
f 113/187/113 1944/3676/1944 2270/4316/2270
f 1592/2921/1592 1833/3434/1833 986/1721/986
f 155/273/155 1592/2922/1592 986/1723/986
f 2301/4382/2301 2007/3787/2007 987/1724/987
f 2078/3930/2078 2007/3787/2007 2301/4382/2301
f 2418/4604/2418 246/401/246 260/421/260
f 102/169/102 1460/2652/1460 2272/4320/2272
f 681/1154/681 771/1305/771 508/857/508
f 201/340/201 1357/2455/1357 1613/2973/1613
f 1573/2872/1573 1415/2565/1415 1533/2795/1533
f 158/281/158 1093/1931/1093 1637/3024/1637
f 2363/4487/2363 2264/4305/2264 923/1593/923
f 2256/4293/2256 780/1323/780 786/1331/786
f 1692/3147/1692 487/820/487 293/477/293
f 2428/4625/2428 1971/3718/1971 2105/3987/2105
f 1520/2777/1520 1142/2034/1142 1355/2450/1355
f 1520/2778/1520 1749/3262/1749 1142/2033/1142
f 1356/2453/1356 492/829/492 649/1093/649
f 173/300/173 1286/2313/1286 1675/3106/1675
f 1941/3671/1941 1696/3157/1696 1401/2536/1401
f 1429/2599/1429 2016/3802/2016 1035/1828/1035
f 1489/2709/1489 1482/2694/1482 1938/3660/1938
f 1996/3766/1996 1708/3174/1708 1997/3768/1997
f 2280/4337/2280 1657/3069/1657 1511/2755/1511
f 810/1368/810 2473/4695/2473 467/792/467
f 2024/3820/2024 1857/3489/1857 983/1716/983
f 1863/3498/1863 750/1272/750 1616/2981/1616
f 545/925/545 1442/2627/1442 1903/3587/1903
f 1511/2755/1511 1657/3069/1657 2284/4351/2284
f 1960/3701/1960 1864/3499/1864 1774/3320/1774
f 2181/4138/2181 416/712/416 814/1375/814
f 540/919/540 621/1041/621 876/1507/876
f 2328/4431/2328 646/1089/646 1092/1929/1092
f 529/897/529 2477/4699/2477 2384/4537/2384
f 1342/2425/1342 2350/4467/2350 2461/4677/2461
f 2102/3981/2102 407/696/407 2453/4665/2453
f 2404/4577/2404 2078/3930/2078 2301/4382/2301
f 682/1156/682 1760/3288/1760 1521/2779/1521
f 1521/2779/1521 1357/2454/1357 682/1156/682
f 1647/3044/1647 1165/2075/1165 805/1359/805
f 1731/3227/1731 1955/3694/1955 947/1639/947
f 2060/3888/2060 2079/3932/2079 1457/2648/1457
f 1618/2985/1618 1262/2271/1262 44/64/44
f 1262/2272/1262 81/133/81 44/65/44
f 81/133/81 1262/2272/1262 2209/4193/2209
f 2081/3939/2081 1589/2915/1589 1584/2898/1584
f 1848/3467/1848 1907/3592/1907 1723/3211/1723
f 859/1471/859 504/850/504 341/566/341
f 1182/2110/1182 1636/3023/1636 1671/3099/1671
f 1182/2110/1182 1671/3099/1671 556/941/556
f 64/103/64 2489/4725/2489 1354/2449/1354
f 1354/2449/1354 2145/4062/2145 64/103/64
f 929/1604/929 2275/4325/2275 2450/4661/2450
f 2450/4661/2450 2131/4034/2131 929/1604/929
f 134/231/134 523/887/523 2085/3944/2085
f 1738/3242/1738 916/1580/916 1661/3081/1661
f 1675/3106/1675 764/1292/764 173/300/173
f 1014/1790/1014 1675/3105/1675 1849/3468/1849
f 1675/3105/1675 1712/3188/1712 1849/3468/1849
f 1701/3164/1701 886/1523/886 1646/3043/1646
f 1709/3177/1709 1014/1788/1014 1932/3646/1932
f 947/1638/947 1981/3739/1981 1647/3044/1647
f 1134/2015/1134 856/1463/856 495/835/495
f 2217/4211/2217 856/1465/856 1134/2017/1134
f 718/1219/718 2371/4509/2371 2372/4513/2372
f 1669/3095/1669 859/1471/859 1287/2315/1287
f 2103/3984/2103 972/1691/972 1060/1875/1060
f 1945/3678/1945 1257/2261/1257 747/1266/747
f 785/1330/785 2176/4127/2176 610/1022/610
f 1016/1794/1016 1034/1822/1034 2462/4679/2462
f 1527/2787/1527 416/712/416 1791/3353/1791
f 1642/3035/1642 1830/3427/1830 1230/2210/1230
f 363/604/363 1643/3037/1643 739/1257/739
f 144/251/144 2409/4588/2409 1386/2506/1386
f 63/100/63 572/962/572 1333/2407/1333
f 1408/2548/1408 1245/2234/1245 84/139/84
f 1666/3091/1666 1054/1863/1054 1028/1816/1028
f 1665/3090/1665 1295/2327/1295 84/139/84
f 1079/1903/1079 1408/2548/1408 84/139/84
f 1295/2327/1295 1079/1903/1079 84/139/84
f 2095/3965/2095 2141/4054/2141 1725/3217/1725
f 1467/2667/1467 2094/3960/2094 1483/2697/1483
f 1405/2543/1405 728/1235/728 1317/2374/1317
f 1789/3350/1789 1002/1766/1002 1899/3580/1899
f 1007/1776/1007 1223/2198/1223 2375/4521/2375
f 1226/2203/1226 1230/2211/1230 400/684/400
f 1732/3230/1732 1594/2926/1594 1565/2862/1565
f 2342/4454/2342 734/1247/734 2164/4103/2164
f 986/1723/986 1466/2665/1466 1658/3072/1658
f 987/1724/987 1658/3072/1658 1466/2665/1466
f 1174/2093/1174 500/844/500 97/161/97
f 1594/2926/1594 1309/2360/1309 174/302/174
f 2144/4060/2144 1262/2272/1262 308/506/308
f 2144/4060/2144 1241/2227/1241 2209/4193/2209
f 812/1371/812 1823/3412/1823 975/1699/975
f 1958/3699/1958 1862/3496/1862 932/1609/932
f 1262/2272/1262 2144/4060/2144 2209/4193/2209
f 1563/2859/1563 44/65/44 81/133/81
f 1930/3643/1930 1991/3756/1991 1723/3211/1723
f 153/271/153 1991/3756/1991 1930/3643/1930
f 264/427/264 2146/4064/2146 1677/3111/1677
f 1848/3467/1848 1723/3211/1723 2156/4086/2156
f 1848/3466/1848 2156/4087/2156 1984/3745/1984
f 489/824/489 1992/3757/1992 1533/2797/1533
f 289/472/289 1723/3211/1723 1991/3756/1991
f 1399/2533/1399 1990/3755/1990 154/272/154
f 348/573/348 464/786/464 1764/3297/1764
f 2271/4319/2271 2362/4486/2362 1368/2477/1368
f 32/48/32 1335/2410/1335 1851/3475/1851
f 2015/3799/2015 2084/3942/2084 2148/4071/2148
f 2015/3799/2015 2148/4071/2148 147/256/147
f 1851/3475/1851 1335/2410/1335 2276/4329/2276
f 1822/3409/1822 295/481/295 1986/3750/1986
f 1519/2776/1519 1712/3188/1712 1489/2708/1489
f 1712/3188/1712 1412/2560/1412 1489/2708/1489
f 2080/3934/2080 350/579/350 356/591/356
f 1560/2852/1560 2080/3934/2080 2257/4294/2257
f 2018/3809/2018 1841/3451/1841 1652/3056/1652
f 1649/3048/1649 1629/3002/1629 1792/3355/1792
f 482/812/482 1807/3381/1807 1226/2203/1226
f 2133/4039/2133 719/1221/719 1006/1773/1006
f 447/762/447 398/681/398 864/1481/864
f 1787/3346/1787 1568/2866/1568 660/1116/660
f 934/1612/934 709/1196/709 2027/3826/2027
f 1961/3704/1961 1602/2942/1602 871/1497/871
f 1103/1956/1103 2197/4170/2197 2191/4163/2191
f 2252/4285/2252 2361/4485/2361 1485/2700/1485
f 1566/2863/1566 2091/3954/2091 1880/3536/1880
f 1378/2492/1378 1880/3536/1880 1956/3696/1956
f 388/661/388 1484/2698/1484 2201/4177/2201
f 1467/2667/1467 2201/4177/2201 1929/3642/1929
f 939/1621/939 1725/3217/1725 2141/4054/2141
f 529/897/529 1726/3220/1726 1333/2407/1333
f 72/118/72 802/1355/802 2478/4700/2478
f 2177/4129/2177 2485/4716/2485 133/228/133
f 1406/2545/1406 1369/2478/1369 1572/2870/1572
f 1350/2440/1350 1406/2545/1406 1572/2870/1572
f 2007/3787/2007 1658/3072/1658 987/1724/987
f 105/174/105 1541/2814/1541 1363/2468/1363
f 901/1546/901 1319/2377/1319 637/1070/637
f 69/112/69 2211/4198/2211 1172/2089/1172
f 375/634/375 1888/3553/1888 1539/2810/1539
f 1311/2365/1311 1539/2810/1539 1888/3553/1888
f 2035/3839/2035 1734/3234/1734 1040/1837/1040
f 2158/4091/2158 1040/1837/1040 88/145/88
f 1602/2945/1602 1983/3743/1983 1549/2830/1549
f 1991/3756/1991 1538/2809/1538 289/472/289
f 360/597/360 1055/1864/1055 1673/3102/1673
f 1901/3584/1901 1822/3409/1822 1275/2294/1275
f 1588/2914/1588 1505/2742/1505 464/784/464
f 414/709/414 1520/2777/1520 1355/2450/1355
f 1749/3262/1749 1520/2778/1520 2016/3803/2016
f 1181/2106/1181 1162/2072/1162 2215/4207/2215
f 2077/3926/2077 1508/2749/1508 2215/4205/2215
f 1508/2751/1508 1181/2106/1181 2215/4207/2215
f 916/1578/916 1489/2708/1489 1179/2102/1179
f 1489/2709/1489 916/1579/916 1482/2694/1482
f 1134/2017/1134 2371/4508/2371 2217/4211/2217
f 781/1326/781 2267/4311/2267 978/1707/978
f 1560/2851/1560 1015/1793/1015 1434/2613/1434
f 784/1329/784 2322/4420/2322 549/930/549
f 2202/4180/2202 1277/2298/1277 1041/1839/1041
f 1886/3549/1886 618/1035/618 1417/2572/1417
f 1985/3747/1985 1808/3382/1808 1987/3751/1987
f 1638/3027/1638 1860/3494/1860 1464/2662/1464
f 85/140/85 228/375/228 2214/4204/2214
f 1134/2016/1134 495/834/495 2372/4514/2372
f 2372/4511/2372 2371/4510/2371 1134/2014/1134
f 1908/3595/1908 1513/2760/1513 2265/4308/2265
f 1913/3611/1913 1728/3222/1728 2166/4105/2166
f 1728/3223/1728 2342/4454/2342 2166/4108/2166
f 396/679/396 1979/3733/1979 1658/3071/1658
f 425/727/425 2009/3791/2009 1438/2622/1438
f 1658/3071/1658 425/726/425 396/679/396
f 1572/2870/1572 1788/3349/1788 1564/2861/1564
f 578/969/578 1479/2689/1479 1842/3452/1842
f 1695/3156/1695 1564/2861/1564 1788/3349/1788
f 1695/3156/1695 1462/2656/1462 1564/2861/1564
f 230/378/230 480/810/480 1733/3232/1733
f 1465/2663/1465 2268/4313/2268 1591/2920/1591
f 565/953/565 187/320/187 260/421/260
f 2346/4462/2346 254/413/254 38/56/38
f 1349/2438/1349 1591/2920/1591 1258/2263/1258
f 2346/4462/2346 1258/2263/1258 254/413/254
f 1591/2920/1591 2268/4313/2268 73/119/73
f 1435/2615/1435 2307/4396/2307 2274/4324/2274
f 2030/3831/2030 2029/3828/2029 1446/2632/1446
f 875/1505/875 1435/2616/1435 2274/4323/2274
f 31/47/31 1513/2760/1513 775/1311/775
f 2307/4396/2307 1811/3385/1811 2274/4324/2274
f 1393/2519/1393 2274/4324/2274 1811/3385/1811
f 233/383/233 2276/4330/2276 2132/4037/2132
f 1635/3017/1635 2276/4328/2276 2489/4726/2489
f 2276/4329/2276 1335/2410/1335 2489/4727/2489
f 1355/2450/1355 2015/3799/2015 414/709/414
f 2008/3788/2008 131/224/131 1664/3087/1664
f 1912/3609/1912 1710/3181/1710 1124/1993/1124
f 1856/3487/1856 1124/1993/1124 1710/3181/1710
f 372/621/372 2326/4428/2326 463/783/463
f 1757/3283/1757 1813/3391/1813 1648/3047/1648
f 2373/4516/2373 366/609/366 2443/4649/2443
f 1417/2572/1417 618/1035/618 498/841/498
f 904/1555/904 90/150/90 2345/4460/2345
f 1072/1892/1072 1441/2626/1441 704/1189/704
f 1189/2127/1189 1121/1990/1121 1229/2209/1229
f 1880/3536/1880 2086/3945/2086 1566/2863/1566
f 768/1301/768 1956/3696/1956 2207/4190/2207
f 336/558/336 768/1301/768 2207/4190/2207
f 411/704/411 1052/1859/1052 2338/4446/2338
f 539/918/539 2175/4125/2175 2149/4073/2149
f 664/1123/664 2088/3950/2088 896/1537/896
f 1592/2922/1592 155/273/155 2114/4005/2114
f 175/303/175 1406/2545/1406 1350/2440/1350
f 2466/4683/2466 2254/4288/2254 1613/2972/1613
f 597/998/597 127/215/127 901/1545/901
f 2103/3984/2103 852/1454/852 212/356/212
f 187/320/187 430/736/430 1840/3449/1840
f 565/953/565 1541/2814/1541 2387/4542/2387
f 280/457/280 1618/2985/1618 44/64/44
f 1172/2089/1172 1363/2468/1363 69/112/69
f 26/39/26 1523/2783/1523 1930/3643/1930
f 1415/2566/1415 2346/4462/2346 1259/2265/1259
f 1460/2652/1460 1259/2265/1259 2346/4462/2346
f 92/153/92 1363/2468/1363 1311/2365/1311
f 1360/2462/1360 1302/2344/1302 1984/3746/1984
f 1302/2344/1302 1907/3592/1907 1984/3746/1984
f 525/889/525 610/1022/610 412/705/412
f 2417/4603/2417 434/741/434 191/326/191
f 2132/4035/2132 948/1642/948 233/382/233
f 14/20/14 1508/2751/1508 1971/3719/1971
f 1508/2751/1508 2077/3925/2077 1971/3719/1971
f 1548/2827/1548 1656/3065/1656 1046/1847/1046
f 1046/1848/1046 1656/3068/1656 1902/3586/1902
f 1429/2598/1429 1656/3067/1656 1548/2828/1548
f 1656/3066/1656 1429/2597/1429 47/72/47
f 1344/2427/1344 1949/3683/1949 1419/2575/1419
f 359/595/359 1709/3178/1709 1782/3335/1782
f 1340/2423/1340 1625/2998/1625 1562/2855/1562
f 1817/3403/1817 1783/3340/1783 1081/1905/1081
f 544/924/544 1719/3201/1719 471/797/471
f 704/1189/704 792/1340/792 1828/3421/1828
f 2086/3945/2086 1880/3536/1880 1305/2351/1305
f 12/18/12 259/420/259 1922/3626/1922
f 154/272/154 1990/3755/1990 452/768/452
f 2040/3849/2040 2122/4017/2122 2491/4733/2491
f 2122/4018/2122 1786/3344/1786 2491/4732/2491
f 1439/2623/1439 1265/2278/1265 2382/4533/2382
f 529/897/529 2384/4537/2384 1726/3220/1726
f 1776/3323/1776 1667/3093/1667 2021/3814/2021
f 192/328/192 1572/2870/1572 1564/2861/1564
f 1448/2635/1448 1793/3356/1793 1384/2504/1384
f 108/178/108 192/327/192 1564/2860/1564
f 1340/2422/1340 1133/2013/1133 1625/2996/1625
f 238/393/238 2006/3786/2006 2138/4047/2138
f 2393/4557/2393 2385/4539/2385 1339/2420/1339
f 1/1/1 2385/4539/2385 2166/4106/2166
f 2393/4557/2393 1972/3723/1972 2385/4539/2385
f 2385/4539/2385 1972/3723/1972 627/1048/627
f 116/194/116 1258/2263/1258 1573/2874/1573
f 1613/2973/1613 1349/2438/1349 201/340/201
f 534/905/534 1680/3120/1680 531/899/531
f 2195/4167/2195 759/1286/759 23/34/23
f 1426/2592/1426 1724/3213/1724 2390/4547/2390
f 2390/4548/2390 1724/3214/1724 352/582/352
f 2146/4065/2146 1421/2578/1421 1677/3112/1677
f 1322/2385/1322 1347/2434/1347 1935/3651/1935
f 2449/4659/2449 1760/3289/1760 1526/2786/1526
f 169/292/169 2146/4065/2146 1614/2975/1614
f 1670/3096/1670 473/800/473 223/369/223
f 1436/2618/1436 2083/3941/2083 1544/2820/1544
f 2152/4082/2152 1436/2619/1436 1544/2818/1544
f 103/171/103 2441/4646/2441 1538/2808/1538
f 1393/2516/1393 1811/3386/1811 1362/2466/1362
f 1811/3385/1811 68/109/68 1362/2467/1362
f 382/646/382 1634/3012/1634 1135/2019/1135
f 1634/3014/1634 382/647/382 2203/4184/2203
f 1799/3367/1799 1873/3520/1873 2171/4121/2171
f 1507/2748/1507 1838/3447/1838 815/1376/815
f 1248/2243/1248 1042/1842/1042 1269/2285/1269
f 471/797/471 2334/4439/2334 544/924/544
f 476/804/476 830/1411/830 588/986/588
f 124/209/124 520/881/520 2182/4139/2182
f 1459/2650/1459 1490/2711/1490 1806/3379/1806
f 773/1309/773 1276/2296/1276 931/1608/931
f 2388/4544/2388 385/653/385 969/1687/969
f 170/293/170 227/374/227 1484/2698/1484
f 161/284/161 256/416/256 1484/2698/1484
f 728/1237/728 2294/4370/2294 1917/3617/1917
f 1925/3633/1925 538/912/538 939/1623/939
f 940/1626/940 1120/1989/1120 496/838/496
f 1066/1886/1066 699/1179/699 763/1291/763
f 969/1686/969 385/654/385 1972/3721/1972
f 2040/3849/2040 1893/3564/1893 2478/4701/2478
f 842/1434/842 571/961/571 337/559/337
f 2009/3790/2009 2101/3979/2101 2490/4728/2490
f 1927/3639/1927 1521/2780/1521 2490/4730/2490
f 2101/3980/2101 1927/3639/1927 2490/4730/2490
f 950/1649/950 285/466/285 2472/4694/2472
f 1357/2455/1357 1521/2780/1521 2422/4611/2422
f 420/717/420 1605/2953/1605 1493/2717/1493
f 44/65/44 1790/3352/1790 280/458/280
f 85/140/85 2380/4530/2380 2468/4686/2468
f 1928/3641/1928 1760/3289/1760 2449/4659/2449
f 481/811/481 628/1053/628 2211/4198/2211
f 2391/4550/2391 1394/2520/1394 2146/4063/2146
f 878/1512/878 2232/4241/2232 1543/2817/1543
f 2454/4666/2454 523/887/523 134/231/134
f 243/398/243 960/1666/960 549/930/549
f 389/662/389 1694/3155/1694 1504/2741/1504
f 1135/2019/1135 1902/3586/1902 505/851/505
f 1222/2196/1222 2137/4046/2137 1659/3074/1659
f 841/1433/841 1283/2308/1283 554/938/554
f 1659/3075/1659 1181/2105/1181 1508/2750/1508
f 965/1679/965 1434/2609/1434 1015/1792/1015
f 1873/3520/1873 1799/3367/1799 1800/3369/1800
f 828/1408/828 609/1020/609 2220/4219/2220
f 1452/2640/1452 1320/2380/1320 1431/2602/1431
f 42/60/42 858/1470/858 676/1145/676
f 750/1272/750 1617/2982/1617 924/1595/924
f 2323/4421/2323 442/753/442 18/25/18
f 1502/2734/1502 1451/2639/1451 1649/3048/1649
f 1750/3265/1750 701/1184/701 1461/2654/1461
f 251/407/251 2184/4145/2184 838/1426/838
f 1256/2259/1256 1261/2270/1261 2090/3953/2090
f 693/1173/693 300/490/300 151/264/151
f 693/1172/693 638/1072/638 300/489/300
f 1665/3089/1665 1483/2696/1483 2094/3959/2094
f 1665/3090/1665 1644/3039/1644 1483/2697/1483
f 2236/4247/2236 2129/4028/2129 1964/3708/1964
f 2371/4507/2371 718/1220/718 997/1749/997
f 2424/4614/2424 1315/2371/1315 1377/2491/1377
f 2485/4716/2485 2177/4129/2177 1049/1855/1049
f 11/16/11 248/403/248 2383/4534/2383
f 2475/4697/2475 1439/2623/1439 248/403/248
f 6/8/6 1655/3063/1655 2114/4005/2114
f 2141/4054/2141 1501/2731/1501 1913/3613/1913
f 594/994/594 326/538/326 1377/2491/1377
f 326/538/326 1298/2333/1298 1385/2505/1385
f 2385/4540/2385 627/1050/627 1913/3612/1913
f 2385/4538/2385 1913/3611/1913 2166/4105/2166
f 1340/2423/1340 1590/2918/1590 1893/3564/1893
f 2238/4254/2238 2398/4566/2398 543/923/543
f 1788/3348/1788 1733/3231/1733 1314/2370/1314
f 2081/3936/2081 1474/2680/1474 1969/3716/1969
f 1475/2681/1475 1930/3643/1930 1523/2783/1523
f 2458/4673/2458 2273/4321/2273 2390/4548/2390
f 2273/4321/2273 2458/4673/2458 1509/2753/1509
f 549/930/549 2459/4675/2459 2454/4667/2454
f 2275/4325/2275 929/1604/929 76/126/76
f 2441/4646/2441 1843/3453/1843 1364/2470/1364
f 1538/2809/1538 2441/4645/2441 1364/2469/1364
f 2437/4639/2437 118/201/118 2002/3778/2002
f 722/1226/722 2309/4399/2309 1539/2810/1539
f 2060/3886/2060 2437/4639/2437 2079/3933/2079
f 1354/2449/1354 2489/4725/2489 1335/2412/1335
f 724/1229/724 2401/4570/2401 1104/1958/1104
f 1909/3599/1909 2060/3888/2060 1457/2648/1457
f 2037/3842/2037 1358/2457/1358 993/1737/993
f 1310/2361/1310 993/1737/993 1358/2457/1358
f 2100/3978/2100 1911/3607/1911 1222/2195/1222
f 1518/2768/1518 80/131/80 512/865/512
f 1812/3387/1812 720/1223/720 2257/4294/2257
f 2052/3870/2052 2011/3793/2011 2051/3867/2051
f 2257/4294/2257 720/1223/720 996/1746/996
f 1812/3387/1812 2257/4294/2257 356/591/356
f 1561/2854/1561 1308/2357/1308 1697/3159/1697
f 257/418/257 131/224/131 1783/3340/1783
f 859/1471/859 1669/3095/1669 150/263/150
f 1038/1835/1038 857/1467/857 1604/2947/1604
f 801/1352/801 810/1368/810 643/1080/643
f 823/1391/823 1141/2030/1141 1906/3590/1906
f 887/1526/887 1704/3168/1704 774/1310/774
f 1440/2625/1440 145/252/145 1366/2473/1366
f 1557/2843/1557 1715/3196/1715 1359/2461/1359
f 1886/3549/1886 1444/2629/1444 1619/2986/1619
f 1784/3341/1784 1638/3027/1638 1791/3353/1791
f 362/600/362 1416/2570/1416 1785/3342/1785
f 2189/4155/2189 112/185/112 1892/3559/1892
f 749/1270/749 853/1456/853 59/92/59
f 1963/3706/1963 1786/3345/1786 1556/2842/1556
f 1556/2842/1556 1786/3345/1786 2122/4017/2122
f 310/510/310 473/801/473 1670/3097/1670
f 1104/1958/1104 1889/3554/1889 1498/2727/1498
f 219/365/219 778/1319/778 749/1270/749
f 138/239/138 1242/2229/1242 234/385/234
f 2216/4208/2216 2240/4259/2240 2232/4241/2232
f 911/1568/911 2232/4240/2232 2240/4257/2240
f 144/251/144 3/4/3 1399/2533/1399
f 2249/4278/2249 911/1568/911 2091/3954/2091
f 1522/2781/1522 1315/2371/1315 2424/4614/2424
f 1522/2781/1522 1376/2490/1376 1343/2426/1343
f 470/796/470 1343/2426/1343 1376/2490/1376
f 1376/2490/1376 1922/3626/1922 470/796/470
f 63/100/63 2292/4363/2292 572/962/572
f 2424/4614/2424 1377/2491/1377 1376/2490/1376
f 263/425/263 427/730/427 2383/4534/2383
f 2365/4493/2365 778/1318/778 372/621/372
f 2425/4617/2425 2166/4108/2166 2164/4103/2164
f 332/547/332 2166/4107/2166 2425/4616/2425
f 2166/4108/2166 2342/4454/2342 2164/4103/2164
f 2388/4545/2388 2164/4102/2164 385/655/385
f 1898/3576/1898 1133/2011/1133 1298/2331/1298
f 49/75/49 247/402/247 2397/4565/2397
f 2397/4565/2397 1895/3569/1895 49/75/49
f 1905/3589/1905 154/272/154 452/768/452
f 1927/3639/1927 2404/4577/2404 1521/2780/1521
f 2123/4020/2123 1730/3225/1730 1337/2416/1337
f 54/81/54 1730/3225/1730 2123/4020/2123
f 308/506/308 1587/2911/1587 1241/2227/1241
f 1410/2552/1410 1241/2227/1241 1587/2911/1587
f 2449/4660/2449 1930/3643/1930 1475/2681/1475
f 1930/3643/1930 2449/4660/2449 153/271/153
f 625/1046/625 868/1489/868 666/1125/666
f 894/1535/894 2120/4015/2120 981/1714/981
f 2307/4397/2307 2077/3928/2077 2000/3775/2000
f 2186/4147/2186 1080/1904/1080 2386/4541/2386
f 1682/3122/1682 2273/4322/2273 1142/2034/1142
f 198/335/198 407/696/407 735/1251/735
f 111/183/111 722/1226/722 1539/2810/1539
f 2152/4081/2152 1364/2470/1364 1843/3453/1843
f 1364/2469/1364 2152/4082/2152 1544/2818/1544
f 1436/2620/1436 2152/4081/2152 1843/3453/1843
f 1504/2740/1504 532/901/532 367/610/367
f 134/229/134 2299/4379/2299 604/1011/604
f 1947/3681/1947 1061/1877/1061 1948/3682/1948
f 2145/4062/2145 2391/4549/2391 1436/2620/1436
f 855/1460/855 1977/3731/1977 935/1613/935
f 455/771/455 2145/4062/2145 1578/2884/1578
f 2145/4062/2145 1436/2620/1436 1578/2884/1578
f 2391/4552/2391 2145/4061/2145 1354/2448/1354
f 979/1712/979 2065/3901/2065 2120/4015/2120
f 1635/3018/1635 2489/4724/2489 68/110/68
f 68/110/68 1811/3386/1811 1635/3018/1635
f 1709/3179/1709 1675/3104/1675 1014/1789/1014
f 1264/2276/1264 1782/3337/1782 1748/3260/1748
f 1528/2789/1528 1065/1885/1065 1896/3570/1896
f 1503/2738/1503 2064/3899/2064 1998/3770/1998
f 995/1741/995 309/508/309 2208/4192/2208
f 1080/1904/1080 2473/4695/2473 622/1042/622
f 937/1615/937 1141/2029/1141 1606/2956/1606
f 2025/3824/2025 1896/3570/1896 805/1359/805
f 1970/3717/1970 1743/3249/1743 1550/2832/1550
f 266/431/266 977/1704/977 2470/4689/2470
f 2470/4690/2470 977/1706/977 1137/2021/1137
f 1297/2330/1297 2468/4686/2468 2420/4606/2420
f 1242/2228/1242 543/923/543 550/932/550
f 2191/4162/2191 1942/3673/1942 2361/4485/2361
f 1942/3672/1942 669/1134/669 1400/2534/1400
f 1942/3673/1942 1383/2503/1383 2361/4485/2361
f 1929/3642/1929 1387/2507/1387 2094/3960/2094
f 1467/2667/1467 1929/3642/1929 2094/3960/2094
f 2201/4177/2201 1387/2507/1387 1929/3642/1929
f 1529/2790/1529 78/129/78 2382/4533/2382
f 2382/4533/2382 256/416/256 1529/2790/1529
f 1833/3432/1833 1662/3083/1662 1299/2337/1299
f 2043/3852/2043 898/1541/898 269/437/269
f 2336/4442/2336 453/769/453 1663/3085/1663
f 2336/4442/2336 1663/3085/1663 2313/4404/2313
f 795/1343/795 971/1690/971 2311/4402/2311
f 2344/4458/2344 380/643/380 901/1544/901
f 1333/2407/1333 490/825/490 529/897/529
f 1972/3721/1972 385/654/385 627/1051/627
f 1728/3222/1728 1913/3611/1913 1501/2732/1501
f 1555/2841/1555 453/769/453 238/393/238
f 1781/3331/1781 2088/3948/2088 1110/1967/1110
f 1898/3577/1898 1562/2856/1562 1625/2997/1625
f 490/825/490 1333/2407/1333 572/962/572
f 1611/2970/1611 1937/3657/1937 1932/3648/1932
f 805/1359/805 1731/3228/1731 947/1638/947
f 187/320/187 565/953/565 430/736/430
f 45/66/45 1363/2468/1363 1172/2089/1172
f 2148/4071/2148 1671/3098/1671 1394/2522/1394
f 1538/2809/1538 1364/2469/1364 1544/2818/1544
f 1578/2884/1578 1436/2620/1436 1843/3453/1843
f 51/77/51 481/811/481 2211/4198/2211
f 1209/2170/1209 1577/2883/1577 885/1521/885
f 870/1493/870 2299/4380/2299 1751/3266/1751
f 2299/4378/2299 134/231/134 2085/3944/2085
f 2275/4326/2275 487/819/487 240/395/240
f 1504/2741/1504 1694/3155/1694 532/902/532
f 1435/2617/1435 455/771/455 1578/2884/1578
f 1435/2617/1435 875/1504/875 455/771/455
f 1135/2019/1135 1046/1848/1046 1902/3586/1902
f 2329/4432/2329 2330/4433/2330 1028/1816/1028
f 2150/4076/2150 1429/2597/1429 1035/1825/1035
f 2423/4613/2423 1897/3572/1897 1393/2517/1393
f 875/1504/875 1897/3572/1897 2423/4613/2423
f 2105/3987/2105 1971/3718/1971 1435/2617/1435
f 1939/3663/1939 1518/2770/1518 1687/3133/1687
f 1940/3668/1940 1766/3302/1766 1585/2902/1585
f 131/223/131 612/1025/612 2350/4468/2350
f 906/1560/906 1817/3404/1817 1320/2379/1320
f 600/1004/600 721/1225/721 2386/4541/2386
f 823/1392/823 1449/2636/1449 1141/2031/1141
f 1449/2636/1449 823/1392/823 899/1542/899
f 1316/2372/1316 530/898/530 1652/3056/1652
f 1611/2970/1611 1932/3648/1932 1849/3468/1849
f 1497/2726/1497 494/832/494 1757/3282/1757
f 1301/2342/1301 761/1288/761 1374/2487/1374
f 1619/2986/1619 1428/2596/1428 1885/3548/1885
f 1804/3375/1804 1459/2650/1459 1806/3379/1806
f 1340/2422/1340 1298/2334/1298 1133/2013/1133
f 445/758/445 2136/4043/2136 1729/3224/1729
f 95/156/95 2093/3957/2093 878/1510/878
f 95/158/95 1543/2817/1543 2227/4234/2227
f 743/1261/743 208/351/208 2199/4174/2199
f 1566/2863/1566 2249/4278/2249 2091/3954/2091
f 2112/4001/2112 1651/3055/1651 94/155/94
f 911/1568/911 1826/3418/1826 376/635/376
f 1876/3526/1876 1295/2327/1295 1665/3090/1665
f 1876/3527/1876 1665/3088/1665 2094/3961/2094
f 1959/3700/1959 1409/2549/1409 329/542/329
f 781/1325/781 2292/4363/2292 282/461/282
f 629/1055/629 1962/3705/1962 2207/4190/2207
f 986/1722/986 573/963/573 1466/2666/1466
f 75/123/75 986/1720/986 1833/3437/1833
f 1979/3734/1979 155/273/155 986/1723/986
f 986/1723/986 1658/3072/1658 1979/3734/1979
f 1658/3072/1658 2007/3787/2007 2078/3930/2078
f 2078/3930/2078 2101/3980/2101 1658/3072/1658
f 185/316/185 1414/2564/1414 2475/4697/2475
f 1165/2075/1165 1059/1874/1059 850/1452/850
f 2475/4697/2475 736/1253/736 185/316/185
f 1590/2919/1590 1340/2421/1340 1562/2858/1562
f 1563/2859/1563 2209/4193/2209 1414/2564/1414
f 1438/2622/1438 2009/3791/2009 480/810/480
f 1840/3449/1840 1190/2129/1190 187/320/187
f 159/282/159 1363/2468/1363 1542/2815/1542
f 1209/2170/1209 1598/2933/1598 1577/2883/1577
f 438/746/438 564/952/564 1542/2815/1542
f 1923/3627/1923 228/375/228 1341/2424/1341
f 2044/3854/2044 1633/3011/1633 2095/3964/2095
f 916/1579/916 1738/3240/1738 1537/2807/1537
f 2307/4397/2307 2000/3775/2000 1635/3016/1635
f 2307/4395/2307 1635/3018/1635 1811/3386/1811
f 2137/4045/2137 1911/3605/1911 2132/4037/2132
f 1914/3614/1914 1342/2425/1342 1253/2251/1253
f 156/277/156 2289/4358/2289 2469/4688/2469
f 690/1168/690 1626/2999/1626 1974/3728/1974
f 600/1004/600 2386/4541/2386 622/1042/622
f 1781/3331/1781 397/680/397 1036/1830/1036
f 997/1750/997 809/1367/809 1875/3524/1875
f 1609/2963/1609 1997/3769/1997 1708/3173/1708
f 245/400/245 2409/4588/2409 2420/4606/2420
f 626/1047/626 1833/3437/1833 2179/4134/2179
f 1516/2764/1516 1141/2028/1141 937/1617/937
f 2203/4181/2203 152/269/152 998/1752/998
f 719/1221/719 447/762/447 864/1481/864
f 2096/3969/2096 1049/1855/1049 617/1034/617
f 2389/4546/2389 1261/2270/1261 1256/2259/1256
f 58/90/58 1388/2510/1388 1869/3509/1869
f 2240/4259/2240 2147/4066/2147 1387/2508/1387
f 1956/3696/1956 1922/3626/1922 9/13/9
f 1824/3415/1824 1690/3138/1690 1102/1954/1102
f 1922/3626/1922 1956/3696/1956 12/18/12
f 1102/1953/1102 1690/3137/1690 678/1150/678
f 2424/4614/2424 1376/2490/1376 1522/2781/1522
f 1299/2335/1299 2046/3858/2046 1833/3436/1833
f 842/1434/842 960/1666/960 346/571/346
f 346/571/346 441/751/441 842/1434/842
f 518/879/518 1872/3516/1872 826/1396/826
f 1370/2481/1370 197/333/197 24/36/24
f 1133/2012/1133 1898/3577/1898 1625/2997/1625
f 1330/2401/1330 513/869/513 1397/2527/1397
f 241/396/241 1730/3226/1730 1465/2663/1465
f 1465/2663/1465 1591/2920/1591 241/396/241
f 856/1461/856 1872/3516/1872 518/879/518
f 1677/3112/1677 1421/2578/1421 1618/2984/1618
f 424/725/424 2458/4673/2458 2054/3875/2054
f 1751/3268/1751 2085/3944/2085 523/887/523
f 2085/3944/2085 1751/3268/1751 2299/4378/2299
f 2211/4198/2211 260/421/260 51/77/51
f 1395/2525/1395 1565/2862/1565 2418/4604/2418
f 1036/1829/1036 2250/4280/2250 908/1563/908
f 724/1229/724 834/1417/834 829/1409/829
f 1276/2295/1276 2133/4038/2133 2188/4150/2188
f 799/1349/799 2399/4568/2399 1243/2230/1243
f 1023/1806/1023 237/389/237 725/1232/725
f 1869/3509/1869 2086/3945/2086 58/90/58
f 2249/4278/2249 1566/2863/1566 1149/2046/1149
f 237/389/237 1023/1806/1023 148/259/148
f 2249/4278/2249 1149/2046/1149 2005/3784/2005
f 806/1360/806 2262/4302/2262 1210/2171/1210
f 386/657/386 249/404/249 1152/2054/1152
f 1923/3627/1923 1341/2424/1341 1663/3085/1663
f 2382/4533/2382 1265/2278/1265 163/286/163
f 1201/2156/1201 237/392/237 148/258/148
f 2478/4700/2478 1893/3562/1893 72/118/72
f 2408/4586/2408 285/465/285 2493/4737/2493
f 1790/3352/1790 44/65/44 1563/2859/1563
f 2466/4684/2466 1613/2973/1613 1357/2455/1357
f 187/320/187 1517/2767/1517 1395/2525/1395
f 2054/3874/2054 1182/2108/1182 424/724/424
f 1509/2753/1509 1182/2110/1182 2084/3943/2084
f 1538/2809/1538 929/1604/929 103/170/103
f 236/388/236 1335/2412/1335 2148/4070/2148
f 493/831/493 1845/3457/1845 1597/2932/1597
f 400/683/400 1770/3312/1770 1805/3377/1805
f 1539/2810/1539 1311/2365/1311 111/183/111
f 2336/4442/2336 1905/3589/1905 238/393/238
f 1162/2072/1162 2137/4045/2137 2132/4037/2132
f 455/771/455 68/111/68 2489/4725/2489
f 2029/3828/2029 1924/3628/1924 1823/3411/1823
f 1594/2926/1594 2418/4604/2418 1565/2862/1565
f 1669/3095/1669 1287/2315/1287 1747/3258/1747
f 1332/2405/1332 1557/2844/1557 1359/2460/1359
f 1470/2671/1470 1831/3428/1831 1442/2627/1442
f 1217/2184/1217 1255/2256/1255 1787/3347/1787
f 35/53/35 408/698/408 377/637/377
f 1775/3322/1775 976/1702/976 1924/3628/1924
f 1246/2236/1246 1180/2103/1180 2442/4647/2442
f 2290/4361/2290 2174/4124/2174 1030/1818/1030
f 813/1373/813 670/1135/670 2285/4353/2285
f 2375/4519/2375 1306/2352/1306 669/1132/669
f 669/1131/669 655/1107/655 1400/2535/1400
f 1306/2354/1306 655/1106/655 669/1134/669
f 619/1038/619 861/1473/861 2261/4301/2261
f 245/400/245 1386/2506/1386 2409/4588/2409
f 2086/3945/2086 1149/2046/1149 1566/2863/1566
f 1876/3527/1876 1268/2284/1268 1640/3032/1640
f 1956/3696/1956 2075/3919/2075 2207/4190/2207
f 2207/4190/2207 411/704/411 336/558/336
f 432/739/432 1592/2922/1592 2114/4005/2114
f 1189/2127/1189 2407/4583/2407 1121/1990/1121
f 671/1136/671 659/1115/659 204/345/204
f 1624/2995/1624 1439/2623/1439 2475/4697/2475
f 10/14/10 232/381/232 1369/2478/1369
f 574/965/574 1607/2958/1607 1596/2928/1596
f 1096/1935/1096 1274/2293/1274 851/1453/851
f 39/57/39 2491/4734/2491 1298/2334/1298
f 146/253/146 332/547/332 2425/4616/2425
f 5/7/5 1339/2420/1339 1148/2044/1148
f 2166/4106/2166 1148/2044/1148 1/1/1
f 1377/2491/1377 1973/3724/1973 594/994/594
f 373/624/373 1260/2268/1260 915/1576/915
f 373/625/373 915/1574/915 387/659/387
f 373/625/373 387/659/387 1734/3233/1734
f 2379/4528/2379 988/1726/988 2411/4592/2411
f 2332/4435/2332 193/329/193 548/929/548
f 177/307/177 562/950/562 1670/3096/1670
f 1015/1791/1015 2257/4294/2257 996/1746/996
f 1270/2288/1270 875/1504/875 2423/4613/2423
f 229/377/229 1392/2515/1392 1330/2402/1330
f 2138/4047/2138 1555/2841/1555 238/393/238
f 890/1530/890 663/1121/663 1321/2382/1321
f 1965/3712/1965 1704/3168/1704 1346/2431/1346
f 2465/4682/2465 816/1381/816 566/954/566
f 1527/2788/1527 931/1607/931 416/711/416
f 1715/3196/1715 2419/4605/2419 301/492/301
f 287/469/287 848/1445/848 794/1342/794
f 224/371/224 744/1262/744 1032/1820/1032
f 467/792/467 2473/4695/2473 294/479/294
f 1211/2173/1211 708/1194/708 276/449/276
f 2470/4690/2470 261/422/261 1494/2721/1494
f 234/386/234 135/232/135 1243/2230/1243
f 15/22/15 795/1343/795 2311/4402/2311
f 85/140/85 16/23/16 2380/4530/2380
f 30/46/30 221/367/221 1826/3418/1826
f 1106/1960/1106 1317/2374/1317 728/1235/728
f 939/1625/939 538/916/538 2046/3859/2046
f 2040/3849/2040 2478/4701/2478 2122/4017/2122
f 1233/2216/1233 970/1688/970 1203/2160/1203
f 123/208/123 2289/4359/2289 1463/2660/1463
f 2292/4363/2292 2214/4204/2214 572/962/572
f 1463/2661/1463 1190/2129/1190 2142/4057/2142
f 1148/2044/1148 2254/4289/2254 5/7/5
f 523/887/523 2454/4666/2454 2459/4674/2459
f 998/1752/998 1767/3306/1767 1142/2032/1142
f 2001/3776/2001 998/1751/998 1142/2034/1142
f 2001/3776/2001 2203/4183/2203 998/1751/998
f 2143/4059/2143 113/186/113 1727/3221/1727
f 1782/3337/1782 1264/2276/1264 1890/3556/1890
f 2466/4684/2466 1313/2368/1313 2254/4289/2254
f 2089/3951/2089 1011/1785/1011 783/1328/783
f 1148/2044/1148 2123/4019/2123 2254/4289/2254
f 2/2/2 458/774/458 811/1369/811
f 2466/4684/2466 2404/4577/2404 1313/2368/1313
f 1110/1967/1110 2311/4402/2311 971/1690/971
f 596/997/596 721/1225/721 457/773/457
f 1020/1798/1020 2175/4126/2175 539/917/539
f 2462/4679/2462 973/1694/973 1016/1794/1016
f 1101/1952/1101 1463/2660/1463 2266/4310/2266
f 2379/4527/2379 1304/2350/1304 988/1725/988
f 2223/4226/2223 656/1110/656 521/882/521
f 211/355/211 1121/1990/1121 2407/4583/2407
f 2337/4443/2337 723/1228/723 1077/1900/1077
f 2179/4133/2179 1833/3435/1833 538/913/538
f 538/916/538 1833/3433/1833 2046/3859/2046
f 651/1099/651 1630/3004/1630 1317/2374/1317
f 2238/4254/2238 543/923/543 1242/2228/1242
f 2358/4479/2358 138/238/138 234/386/234
f 386/657/386 533/904/533 2398/4566/2398
f 2380/4530/2380 2238/4255/2238 138/240/138
f 2129/4029/2129 1371/2482/1371 2429/4627/2429
f 1964/3710/1964 2429/4627/2429 2378/4525/2378
f 2429/4626/2429 1964/3708/1964 2129/4028/2129
f 1902/3586/1902 48/74/48 505/851/505
f 1197/2146/1197 2469/4688/2469 1008/1778/1008
f 2469/4688/2469 123/207/123 1008/1778/1008
f 570/960/570 1315/2371/1315 1624/2995/1624
f 23/34/23 2182/4139/2182 2195/4167/2195
f 490/825/490 572/962/572 2214/4204/2214
f 2367/4495/2367 870/1494/870 1847/3464/1847
f 2166/4106/2166 54/83/54 67/108/67
f 1093/1930/1093 1361/2464/1361 347/572/347
f 783/1328/783 434/741/434 2417/4603/2417
f 950/1647/950 1296/2328/1296 109/181/109
f 1378/2492/1378 1305/2351/1305 1880/3536/1880
f 569/959/569 2231/4239/2231 2319/4414/2319
f 742/1260/742 2436/4638/2436 590/988/590
f 896/1539/896 2088/3949/2088 737/1254/737
f 2237/4249/2237 398/681/398 1382/2499/1382
f 972/1692/972 1056/1866/1056 928/1603/928
f 1045/1846/1045 2436/4638/2436 742/1260/742
f 276/448/276 599/1002/599 1211/2174/1211
f 1371/2482/1371 624/1045/624 2429/4627/2429
f 1947/3681/1947 1948/3682/1948 1212/2176/1212
f 2452/4663/2452 35/53/35 2186/4147/2186
f 143/250/143 377/637/377 2262/4302/2262
f 2172/4122/2172 2161/4096/2161 2118/4013/2118
f 2473/4695/2473 806/1360/806 294/479/294
f 1271/2289/1271 723/1228/723 446/761/446
f 1115/1975/1115 2208/4191/2208 309/509/309
f 2204/4185/2204 1118/1982/1118 89/147/89
f 127/214/127 1424/2583/1424 149/262/149
f 1244/2232/1244 624/1045/624 1371/2482/1371
f 2129/4029/2129 93/154/93 1371/2482/1371
f 1087/1918/1087 93/154/93 2236/4246/2236
f 93/154/93 2129/4029/2129 2236/4246/2236
f 2267/4312/2267 1215/2180/1215 672/1137/672
f 2112/4001/2112 94/155/94 2070/3911/2070
f 2267/4311/2267 781/1326/781 1215/2181/1215
# 5000 triangles
#EOF